connector_id,evse_uid,location_id,location_name,commune,region,operator_rut,operator_name,operador_agrupado,standard,power_type,max_electric_power,tramo_potencia,parking_type,institucion_privada,uso_exclusivo,estado_actual,estado_desde,api_last_updated,primera_vez_visto,ultima_vez_visto_api,activo
1,1,1,Edificio Chilquinta Barón,Valparaíso,Valparaíso,968135201,CHILQUINTA,CHILQUINTA,Tipo 2,AC,44,(22-50],,1,1,NO DISPONIBLE,2026-09-01T18:56:23+00:00,2025-09-08T12:58:45.839970+00:00,2026-09-01T18:56:23+00:00,2026-09-01T20:38:10+00:00,1
2,2,1,Edificio Chilquinta Barón,Valparaíso,Valparaíso,968135201,CHILQUINTA,CHILQUINTA,Tipo 2,AC,44,(22-50],,1,1,NO DISPONIBLE,2026-09-01T18:56:23+00:00,2025-09-08T12:58:45.862181+00:00,2026-09-01T18:56:23+00:00,2026-09-01T20:38:10+00:00,1
3,3,2,COPEC San Carlos,San Carlos,Ñuble,995200007,COPEC VOLTEX,Copec Voltex,CHAdeMO,DC,50,(22-50],,0,0,NO DISPONIBLE,2026-09-01T18:56:23+00:00,2026-07-27T22:01:51.229458+00:00,2026-09-01T18:56:23+00:00,2026-09-01T20:38:10+00:00,1
4,3,2,COPEC San Carlos,San Carlos,Ñuble,995200007,COPEC VOLTEX,Copec Voltex,CCS 2,DC,50,(22-50],,0,0,NO DISPONIBLE,2026-09-01T18:56:23+00:00,2026-07-27T22:01:51.229458+00:00,2026-09-01T18:56:23+00:00,2026-09-01T20:38:10+00:00,1
5,3,2,COPEC San Carlos,San Carlos,Ñuble,995200007,COPEC VOLTEX,Copec Voltex,Tipo 2,AC,22,(7-22],,0,0,NO DISPONIBLE,2026-09-01T18:56:23+00:00,2026-07-27T22:01:51.229458+00:00,2026-09-01T18:56:23+00:00,2026-09-01T20:38:10+00:00,1
6,4,3,COPEC Placilla,Valparaíso,Valparaíso,995200007,COPEC VOLTEX,Copec Voltex,CHAdeMO,DC,50,(22-50],,0,0,NO DISPONIBLE,2026-09-01T18:56:23+00:00,2026-05-29T22:01:41.969025+00:00,2026-09-01T18:56:23+00:00,2026-09-01T20:38:10+00:00,1
7,4,3,COPEC Placilla,Valparaíso,Valparaíso,995200007,COPEC VOLTEX,Copec Voltex,CCS 2,DC,50,(22-50],,0,0,NO DISPONIBLE,2026-09-01T18:56:23+00:00,2026-05-29T22:01:41.969025+00:00,2026-09-01T18:56:23+00:00,2026-09-01T20:38:10+00:00,1
8,4,3,COPEC Placilla,Valparaíso,Valparaíso,995200007,COPEC VOLTEX,Copec Voltex,Tipo 2,AC,22,(7-22],,0,0,NO DISPONIBLE,2026-09-01T18:56:23+00:00,2026-05-29T22:01:41.969025+00:00,2026-09-01T18:56:23+00:00,2026-09-01T20:38:10+00:00,1
9,5,4,COPEC Llay Llay,Llaillay,Valparaíso,995200007,COPEC VOLTEX,Copec Voltex,CHAdeMO,DC,50,(22-50],,0,0,DISPONIBLE,2026-09-01T18:56:23+00:00,2026-09-01T19:29:41.864983+00:00,2026-09-01T18:56:23+00:00,2026-09-01T20:38:10+00:00,1
10,5,4,COPEC Llay Llay,Llaillay,Valparaíso,995200007,COPEC VOLTEX,Copec Voltex,CCS 2,DC,50,(22-50],,0,0,DISPONIBLE,2026-09-01T18:56:23+00:00,2026-09-01T19:29:41.864983+00:00,2026-09-01T18:56:23+00:00,2026-09-01T20:38:10+00:00,1
11,5,4,COPEC Llay Llay,Llaillay,Valparaíso,995200007,COPEC VOLTEX,Copec Voltex,Tipo 2,AC,22,(7-22],,0,0,FUERA DE LINEA,2026-09-01T18:56:23+00:00,2026-09-01T19:29:41.864983+00:00,2026-09-01T18:56:23+00:00,2026-09-01T20:38:10+00:00,1
12,6,5,COPEC Santo Domingo,Santo Domingo,Valparaíso,995200007,COPEC VOLTEX,Copec Voltex,CCS 2,DC,50,(22-50],,0,0,DISPONIBLE,2026-09-01T20:12:55+00:00,2026-09-01T19:01:08.404683+00:00,2026-09-01T18:56:23+00:00,2026-09-01T20:38:10+00:00,1
13,6,5,COPEC Santo Domingo,Santo Domingo,Valparaíso,995200007,COPEC VOLTEX,Copec Voltex,CHAdeMO,DC,50,(22-50],,0,0,DISPONIBLE,2026-09-01T20:12:55+00:00,2026-09-01T19:01:08.404683+00:00,2026-09-01T18:56:23+00:00,2026-09-01T20:38:10+00:00,1
14,6,5,COPEC Santo Domingo,Santo Domingo,Valparaíso,995200007,COPEC VOLTEX,Copec Voltex,Tipo 2,AC,22,(7-22],,0,0,FUERA DE LINEA,2026-09-01T18:56:23+00:00,2026-09-01T19:01:08.404683+00:00,2026-09-01T18:56:23+00:00,2026-09-01T20:38:10+00:00,1
15,7,6,COPEC Parral,Parral,Maule,995200007,COPEC VOLTEX,Copec Voltex,CHAdeMO,DC,50,(22-50],,0,0,DISPONIBLE,2026-09-01T20:33:07+00:00,2026-09-01T20:28:02.753548+00:00,2026-09-01T18:56:23+00:00,2026-09-01T20:38:10+00:00,1
16,7,6,COPEC Parral,Parral,Maule,995200007,COPEC VOLTEX,Copec Voltex,CCS 2,DC,50,(22-50],,0,0,DISPONIBLE,2026-09-01T20:33:07+00:00,2026-09-01T20:28:02.753548+00:00,2026-09-01T18:56:23+00:00,2026-09-01T20:38:10+00:00,1
17,7,6,COPEC Parral,Parral,Maule,995200007,COPEC VOLTEX,Copec Voltex,Tipo 2,AC,22,(7-22],,0,0,FUERA DE LINEA,2026-09-01T18:56:23+00:00,2026-09-01T20:28:02.753548+00:00,2026-09-01T18:56:23+00:00,2026-09-01T20:38:10+00:00,1
18,8,7,COPEC San Javier,San Javier,Maule,995200007,COPEC VOLTEX,Copec Voltex,CHAdeMO,DC,50,(22-50],,0,0,FUERA DE LINEA,2026-09-01T18:56:23+00:00,2026-09-01T19:41:23.683155+00:00,2026-09-01T18:56:23+00:00,2026-09-01T20:38:10+00:00,1
19,8,7,COPEC San Javier,San Javier,Maule,995200007,COPEC VOLTEX,Copec Voltex,CCS 2,DC,50,(22-50],,0,0,DISPONIBLE,2026-09-01T20:12:55+00:00,2026-09-01T19:41:23.683155+00:00,2026-09-01T18:56:23+00:00,2026-09-01T20:38:10+00:00,1
20,8,7,COPEC San Javier,San Javier,Maule,995200007,COPEC VOLTEX,Copec Voltex,Tipo 2,AC,22,(7-22],,0,0,FUERA DE LINEA,2026-09-01T18:56:23+00:00,2026-09-01T19:41:23.683155+00:00,2026-09-01T18:56:23+00:00,2026-09-01T20:38:10+00:00,1
21,9,8,COPEC Chillán,Chillán Viejo,Ñuble,995200007,COPEC VOLTEX,Copec Voltex,CHAdeMO,DC,50,(22-50],,0,0,DISPONIBLE,2026-09-01T18:56:23+00:00,2026-09-01T19:57:28.161062+00:00,2026-09-01T18:56:23+00:00,2026-09-01T20:38:10+00:00,1
22,9,8,COPEC Chillán,Chillán Viejo,Ñuble,995200007,COPEC VOLTEX,Copec Voltex,CCS 2,DC,50,(22-50],,0,0,OCUPADO,2026-09-01T20:12:55+00:00,2026-09-01T19:57:28.161062+00:00,2026-09-01T18:56:23+00:00,2026-09-01T20:38:10+00:00,1
23,9,8,COPEC Chillán,Chillán Viejo,Ñuble,995200007,COPEC VOLTEX,Copec Voltex,Tipo 2,AC,22,(7-22],,0,0,FUERA DE LINEA,2026-09-01T18:56:23+00:00,2026-09-01T19:57:28.161062+00:00,2026-09-01T18:56:23+00:00,2026-09-01T20:38:10+00:00,1
24,10,9,COPEC Mostazal Poniente,Mostazal,Libertador Bernardo OHiggins,995200007,COPEC VOLTEX,Copec Voltex,CHAdeMO,DC,50,(22-50],,0,0,FUERA DE LINEA,2026-09-01T20:23:01+00:00,2026-09-01T20:20:38.790475+00:00,2026-09-01T18:56:23+00:00,2026-09-01T20:38:10+00:00,1
25,10,9,COPEC Mostazal Poniente,Mostazal,Libertador Bernardo OHiggins,995200007,COPEC VOLTEX,Copec Voltex,CCS 2,DC,50,(22-50],,0,0,OCUPADO,2026-09-01T20:23:01+00:00,2026-09-01T20:20:38.790475+00:00,2026-09-01T18:56:23+00:00,2026-09-01T20:38:10+00:00,1
26,10,9,COPEC Mostazal Poniente,Mostazal,Libertador Bernardo OHiggins,995200007,COPEC VOLTEX,Copec Voltex,Tipo 2,AC,22,(7-22],,0,0,FUERA DE LINEA,2026-09-01T18:56:23+00:00,2026-09-01T20:20:38.790475+00:00,2026-09-01T18:56:23+00:00,2026-09-01T20:38:10+00:00,1
30,12,11,COPEC Colina,Colina,Metropolitana,995200007,COPEC VOLTEX,Copec Voltex,CHAdeMO,DC,50,(22-50],,0,0,DISPONIBLE,2026-09-01T18:56:23+00:00,2026-09-01T20:26:02.643805+00:00,2026-09-01T18:56:23+00:00,2026-09-01T20:38:10+00:00,1
31,12,11,COPEC Colina,Colina,Metropolitana,995200007,COPEC VOLTEX,Copec Voltex,CCS 2,DC,50,(22-50],,0,0,OCUPADO,2026-09-01T20:28:04+00:00,2026-09-01T20:26:02.643805+00:00,2026-09-01T18:56:23+00:00,2026-09-01T20:38:10+00:00,1
32,12,11,COPEC Colina,Colina,Metropolitana,995200007,COPEC VOLTEX,Copec Voltex,Tipo 2,AC,22,(7-22],,0,0,FUERA DE LINEA,2026-09-01T18:56:23+00:00,2026-09-01T20:26:02.643805+00:00,2026-09-01T18:56:23+00:00,2026-09-01T20:38:10+00:00,1
33,13,12,COPEC Maule,Maule,Maule,995200007,COPEC VOLTEX,Copec Voltex,CHAdeMO,DC,50,(22-50],,0,0,DISPONIBLE,2026-09-01T20:12:55+00:00,2026-09-01T20:00:32.587884+00:00,2026-09-01T18:56:23+00:00,2026-09-01T20:38:10+00:00,1
34,13,12,COPEC Maule,Maule,Maule,995200007,COPEC VOLTEX,Copec Voltex,CCS 2,DC,50,(22-50],,0,0,DISPONIBLE,2026-09-01T20:12:55+00:00,2026-09-01T20:00:32.587884+00:00,2026-09-01T18:56:23+00:00,2026-09-01T20:38:10+00:00,1
35,13,12,COPEC Maule,Maule,Maule,995200007,COPEC VOLTEX,Copec Voltex,Tipo 2,AC,22,(7-22],,0,0,DISPONIBLE,2026-09-01T18:56:23+00:00,2026-09-01T20:00:32.587884+00:00,2026-09-01T18:56:23+00:00,2026-09-01T20:38:10+00:00,1
36,14,13,COPEC Marbella,Puchuncaví,Valparaíso,995200007,COPEC VOLTEX,Copec Voltex,CHAdeMO,DC,50,(22-50],,0,0,NO DISPONIBLE,2026-09-01T18:56:23+00:00,2025-12-16T04:08:25.650070+00:00,2026-09-01T18:56:23+00:00,2026-09-01T20:38:10+00:00,1
37,14,13,COPEC Marbella,Puchuncaví,Valparaíso,995200007,COPEC VOLTEX,Copec Voltex,CCS 2,DC,50,(22-50],,0,0,NO DISPONIBLE,2026-09-01T18:56:23+00:00,2025-12-16T04:08:25.650070+00:00,2026-09-01T18:56:23+00:00,2026-09-01T20:38:10+00:00,1
38,14,13,COPEC Marbella,Puchuncaví,Valparaíso,995200007,COPEC VOLTEX,Copec Voltex,Tipo 2,AC,22,(7-22],,0,0,NO DISPONIBLE,2026-09-01T18:56:23+00:00,2025-12-16T04:08:25.650070+00:00,2026-09-01T18:56:23+00:00,2026-09-01T20:38:10+00:00,1
39,15,14,COPEC Hijuelas,Hijuelas,Valparaíso,995200007,COPEC VOLTEX,Copec Voltex,CCS 2,DC,50,(22-50],,0,0,NO DISPONIBLE,2026-09-01T18:56:23+00:00,2026-06-30T18:31:02.311390+00:00,2026-09-01T18:56:23+00:00,2026-09-01T20:38:10+00:00,1
40,15,14,COPEC Hijuelas,Hijuelas,Valparaíso,995200007,COPEC VOLTEX,Copec Voltex,Tipo 2,AC,22,(7-22],,0,0,NO DISPONIBLE,2026-09-01T18:56:23+00:00,2026-06-30T18:31:02.311390+00:00,2026-09-01T18:56:23+00:00,2026-09-01T20:38:10+00:00,1
41,15,14,COPEC Hijuelas,Hijuelas,Valparaíso,995200007,COPEC VOLTEX,Copec Voltex,CHAdeMO,DC,50,(22-50],,0,0,NO DISPONIBLE,2026-09-01T18:56:23+00:00,2026-06-30T18:31:02.311390+00:00,2026-09-01T18:56:23+00:00,2026-09-01T20:38:10+00:00,1
42,16,15,COPEC San Rafael,San Rafael,Maule,995200007,COPEC VOLTEX,Copec Voltex,Tipo 2,AC,22,(7-22],,0,0,DISPONIBLE,2026-09-01T18:56:23+00:00,2026-09-01T19:59:45.464153+00:00,2026-09-01T18:56:23+00:00,2026-09-01T20:38:10+00:00,1
43,16,15,COPEC San Rafael,San Rafael,Maule,995200007,COPEC VOLTEX,Copec Voltex,CHAdeMO,DC,50,(22-50],,0,0,DISPONIBLE,2026-09-01T18:56:23+00:00,2026-09-01T19:59:45.464153+00:00,2026-09-01T18:56:23+00:00,2026-09-01T20:38:10+00:00,1
44,16,15,COPEC San Rafael,San Rafael,Maule,995200007,COPEC VOLTEX,Copec Voltex,CCS 2,DC,50,(22-50],,0,0,DISPONIBLE,2026-09-01T18:56:23+00:00,2026-09-01T19:59:45.464153+00:00,2026-09-01T18:56:23+00:00,2026-09-01T20:38:10+00:00,1
45,17,16,COPEC Concepción Prat,Concepción,Biobío,995200007,COPEC VOLTEX,Copec Voltex,Tipo 2,AC,22,(7-22],,0,0,FUERA DE LINEA,2026-09-01T18:56:23+00:00,2026-09-01T19:32:39.222390+00:00,2026-09-01T18:56:23+00:00,2026-09-01T20:38:10+00:00,1
46,17,16,COPEC Concepción Prat,Concepción,Biobío,995200007,COPEC VOLTEX,Copec Voltex,CHAdeMO,DC,50,(22-50],,0,0,FUERA DE LINEA,2026-09-01T20:12:55+00:00,2026-09-01T19:32:39.222390+00:00,2026-09-01T18:56:23+00:00,2026-09-01T20:38:10+00:00,1
47,17,16,COPEC Concepción Prat,Concepción,Biobío,995200007,COPEC VOLTEX,Copec Voltex,CCS 2,DC,50,(22-50],,0,0,FUERA DE LINEA,2026-09-01T20:12:55+00:00,2026-09-01T19:32:39.222390+00:00,2026-09-01T18:56:23+00:00,2026-09-01T20:38:10+00:00,1
48,18,17,COPEC Chimbarongo,Chimbarongo,Libertador Bernardo OHiggins,995200007,COPEC VOLTEX,Copec Voltex,CHAdeMO,DC,50,(22-50],,0,0,FUERA DE LINEA,2026-09-01T18:56:23+00:00,2026-09-01T19:16:45.351356+00:00,2026-09-01T18:56:23+00:00,2026-09-01T20:38:10+00:00,1
49,18,17,COPEC Chimbarongo,Chimbarongo,Libertador Bernardo OHiggins,995200007,COPEC VOLTEX,Copec Voltex,CCS 2,DC,50,(22-50],,0,0,DISPONIBLE,2026-09-01T20:12:55+00:00,2026-09-01T19:16:45.351356+00:00,2026-09-01T18:56:23+00:00,2026-09-01T20:38:10+00:00,1
50,18,17,COPEC Chimbarongo,Chimbarongo,Libertador Bernardo OHiggins,995200007,COPEC VOLTEX,Copec Voltex,Tipo 2,AC,22,(7-22],,0,0,FUERA DE LINEA,2026-09-01T18:56:23+00:00,2026-09-01T19:16:45.351356+00:00,2026-09-01T18:56:23+00:00,2026-09-01T20:38:10+00:00,1
51,19,18,Municipalidad de San Pedro de la Paz,San Pedro de la Paz,Biobío,777415484,ENEL X,Enel,Tipo 2,AC,22,(7-22],OTRO,0,0,FUERA DE LINEA,2026-09-01T18:56:23+00:00,2026-07-27T04:00:31.164018+00:00,2026-09-01T18:56:23+00:00,2026-09-01T20:38:10+00:00,1
52,19,18,Municipalidad de San Pedro de la Paz,San Pedro de la Paz,Biobío,777415484,ENEL X,Enel,Tipo 2,AC,22,(7-22],OTRO,0,0,FUERA DE LINEA,2026-09-01T18:56:23+00:00,2026-07-27T04:00:31.164018+00:00,2026-09-01T18:56:23+00:00,2026-09-01T20:38:10+00:00,1
64,24,23,Edificio Enel,Santiago,Metropolitana,777415484,ENEL MOBILITY CHILE SPA,Enel,Tipo 2,AC,43,(22-50],,1,1,FUERA DE LINEA,2026-09-01T18:56:23+00:00,2026-04-08T21:35:57.359777+00:00,2026-09-01T18:56:23+00:00,2026-09-01T20:38:10+00:00,1
65,24,23,Edificio Enel,Santiago,Metropolitana,777415484,ENEL MOBILITY CHILE SPA,Enel,CHAdeMO,DC,50,(22-50],,1,1,FUERA DE LINEA,2026-09-01T18:56:23+00:00,2026-04-08T21:35:57.359777+00:00,2026-09-01T18:56:23+00:00,2026-09-01T20:38:10+00:00,1
66,24,23,Edificio Enel,Santiago,Metropolitana,777415484,ENEL MOBILITY CHILE SPA,Enel,CCS 2,DC,50,(22-50],,1,1,FUERA DE LINEA,2026-09-01T18:56:23+00:00,2026-04-08T21:35:57.359777+00:00,2026-09-01T18:56:23+00:00,2026-09-01T20:38:10+00:00,1
69,26,25,"Parque Arauco, Presidente Kennedy Nº 5413",Las Condes,Metropolitana,946270008,Parque Arauco SA,Parque Arauco SA,Tipo 2,AC,7,7,,1,1,FUERA DE LINEA,2026-09-01T18:56:23+00:00,2026-04-08T21:35:57.359777+00:00,2026-09-01T18:56:23+00:00,2026-09-01T20:38:10+00:00,1
70,26,25,"Parque Arauco, Presidente Kennedy Nº 5413",Las Condes,Metropolitana,946270008,Parque Arauco SA,Parque Arauco SA,Tipo 2,AC,7,7,,1,1,FUERA DE LINEA,2026-09-01T18:56:23+00:00,2026-04-08T21:35:57.359777+00:00,2026-09-01T18:56:23+00:00,2026-09-01T20:38:10+00:00,1
71,27,26,Inversión Vida Parque SA,Las Condes,Metropolitana,690704005,ILUSTRE MUNICIPALIDAD DE LAS CONDES,ILUSTRE MUNICIPALIDAD DE LAS CONDES,Tipo 2,AC,22,(7-22],,1,1,FUERA DE LINEA,2026-09-01T18:56:23+00:00,2026-04-08T21:35:57.359777+00:00,2026-09-01T18:56:23+00:00,2026-09-01T20:38:10+00:00,1
72,27,26,Inversión Vida Parque SA,Las Condes,Metropolitana,690704005,ILUSTRE MUNICIPALIDAD DE LAS CONDES,ILUSTRE MUNICIPALIDAD DE LAS CONDES,Tipo 2,AC,22,(7-22],,1,1,FUERA DE LINEA,2026-09-01T18:56:23+00:00,2026-04-08T21:35:57.359777+00:00,2026-09-01T18:56:23+00:00,2026-09-01T20:38:10+00:00,1
73,28,27,Entrada Jumbo,Las Condes,Metropolitana,690704005,ILUSTRE MUNICIPALIDAD DE LAS CONDES,ILUSTRE MUNICIPALIDAD DE LAS CONDES,Tipo 2,AC,22,(7-22],,1,1,FUERA DE LINEA,2026-09-01T18:56:23+00:00,2026-04-08T21:35:57.359777+00:00,2026-09-01T18:56:23+00:00,2026-09-01T20:38:10+00:00,1
74,28,27,Entrada Jumbo,Las Condes,Metropolitana,690704005,ILUSTRE MUNICIPALIDAD DE LAS CONDES,ILUSTRE MUNICIPALIDAD DE LAS CONDES,Tipo 2,AC,22,(7-22],,1,1,FUERA DE LINEA,2026-09-01T18:56:23+00:00,2026-04-08T21:35:57.359777+00:00,2026-09-01T18:56:23+00:00,2026-09-01T20:38:10+00:00,1
75,29,28,Alejandro Fleming Frente N° 7501,Las Condes,Metropolitana,690704005,ILUSTRE MUNICIPALIDAD DE LAS CONDES,ILUSTRE MUNICIPALIDAD DE LAS CONDES,Tipo 2,AC,22,(7-22],,1,1,FUERA DE LINEA,2026-09-01T18:56:23+00:00,2026-09-01T12:55:28.135988+00:00,2026-09-01T18:56:23+00:00,2026-09-01T20:38:10+00:00,1
76,29,28,Alejandro Fleming Frente N° 7501,Las Condes,Metropolitana,690704005,ILUSTRE MUNICIPALIDAD DE LAS CONDES,ILUSTRE MUNICIPALIDAD DE LAS CONDES,Tipo 2,AC,22,(7-22],,1,1,FUERA DE LINEA,2026-09-01T18:56:23+00:00,2026-09-01T12:55:28.135988+00:00,2026-09-01T18:56:23+00:00,2026-09-01T20:38:10+00:00,1
77,30,29,Estadio Francés,Las Condes,Metropolitana,690704005,ILUSTRE MUNICIPALIDAD DE LAS CONDES,ILUSTRE MUNICIPALIDAD DE LAS CONDES,Tipo 2,AC,22,(7-22],,1,1,FUERA DE LINEA,2026-09-01T18:56:23+00:00,2026-04-08T21:35:57.359777+00:00,2026-09-01T18:56:23+00:00,2026-09-01T20:38:10+00:00,1
78,30,29,Estadio Francés,Las Condes,Metropolitana,690704005,ILUSTRE MUNICIPALIDAD DE LAS CONDES,ILUSTRE MUNICIPALIDAD DE LAS CONDES,Tipo 2,AC,22,(7-22],,1,1,FUERA DE LINEA,2026-09-01T18:56:23+00:00,2026-04-08T21:35:57.359777+00:00,2026-09-01T18:56:23+00:00,2026-09-01T20:38:10+00:00,1
81,32,31,Presidente Errazuriz frente  al Nº 3753,Las Condes,Metropolitana,690704005,ILUSTRE MUNICIPALIDAD DE LAS CONDES,ILUSTRE MUNICIPALIDAD DE LAS CONDES,Tipo 2,AC,44,(22-50],,1,1,FUERA DE LINEA,2026-09-01T18:56:23+00:00,2026-04-08T21:35:57.359777+00:00,2026-09-01T18:56:23+00:00,2026-09-01T20:38:10+00:00,1
82,32,31,Presidente Errazuriz frente  al Nº 3753,Las Condes,Metropolitana,690704005,ILUSTRE MUNICIPALIDAD DE LAS CONDES,ILUSTRE MUNICIPALIDAD DE LAS CONDES,Tipo 2,AC,44,(22-50],,1,1,FUERA DE LINEA,2026-09-01T18:56:23+00:00,2026-04-08T21:35:57.359777+00:00,2026-09-01T18:56:23+00:00,2026-09-01T20:38:10+00:00,1
83,33,32,Oficina Chilquinta Quilpué,Quilpue,Valparaíso,968135201,CHILQUINTA,CHILQUINTA,Tipo 2,AC,22,(7-22],,0,0,DISPONIBLE,2026-09-01T18:56:23+00:00,2026-08-31T21:44:37.097413+00:00,2026-09-01T18:56:23+00:00,2026-09-01T20:38:10+00:00,1
84,34,33,Oficina Chilquinta Los Andes,Los Andes,Valparaíso,968135201,CHILQUINTA,CHILQUINTA,Tipo 2,AC,22,(7-22],,1,1,NO DISPONIBLE,2026-09-01T18:56:23+00:00,2025-09-08T12:58:28.219529+00:00,2026-09-01T18:56:23+00:00,2026-09-01T20:38:10+00:00,1
85,35,34,CCTA Chilquinta Quilpué,Quilpue,Valparaíso,968135201,CHILQUINTA,CHILQUINTA,Tipo 2,AC,22,(7-22],,1,1,NO DISPONIBLE,2026-09-01T18:56:23+00:00,2025-09-08T12:58:16.928879+00:00,2026-09-01T18:56:23+00:00,2026-09-01T20:38:10+00:00,1
86,36,35,Mar de los Sargazos con Rosario Sur,Las Condes,Metropolitana,777415484,ENEL X,Enel,Tipo 2,AC,22,(7-22],OTRO,0,0,DISPONIBLE,2026-09-01T20:12:55+00:00,2026-09-01T17:31:43.985607+00:00,2026-09-01T18:56:23+00:00,2026-09-01T20:38:10+00:00,1
87,36,35,Mar de los Sargazos con Rosario Sur,Las Condes,Metropolitana,777415484,ENEL X,Enel,Tipo 2,AC,22,(7-22],OTRO,0,0,DISPONIBLE,2026-09-01T20:12:55+00:00,2026-09-01T17:31:43.985607+00:00,2026-09-01T18:56:23+00:00,2026-09-01T20:38:10+00:00,1
90,38,37,Presidente Riesco con Manquehue Norte,Las Condes,Metropolitana,777415484,ENEL X,Enel,CCS 2,DC,30,(22-50],,1,1,FUERA DE LINEA,2026-09-01T18:56:23+00:00,2026-05-05T15:50:14.027573+00:00,2026-09-01T18:56:23+00:00,2026-09-01T20:38:10+00:00,1
91,38,37,Presidente Riesco con Manquehue Norte,Las Condes,Metropolitana,777415484,ENEL X,Enel,CCS 2,DC,30,(22-50],,1,1,FUERA DE LINEA,2026-09-01T18:56:23+00:00,2026-05-05T15:50:14.027573+00:00,2026-09-01T18:56:23+00:00,2026-09-01T20:38:10+00:00,1
92,39,38,La Castellana Esquina Apoquindo,Las Condes,Metropolitana,777415484,ENEL MOBILITY CHILE SPA,Enel,Tipo 2,AC,22,(7-22],,1,1,FUERA DE LINEA,2026-09-01T18:56:23+00:00,2026-04-08T21:35:57.359777+00:00,2026-09-01T18:56:23+00:00,2026-09-01T20:38:10+00:00,1
93,39,38,La Castellana Esquina Apoquindo,Las Condes,Metropolitana,777415484,ENEL MOBILITY CHILE SPA,Enel,Tipo 2,AC,22,(7-22],,1,1,FUERA DE LINEA,2026-09-01T18:56:23+00:00,2026-04-08T21:35:57.359777+00:00,2026-09-01T18:56:23+00:00,2026-09-01T20:38:10+00:00,1
94,40,39,Electrolinera-39,Las Condes,Metropolitana,777415484,ENEL MOBILITY CHILE SPA,Enel,Tipo 2,AC,22,(7-22],,1,1,NO DISPONIBLE,2026-09-01T18:56:23+00:00,2025-09-16T13:25:01.866540+00:00,2026-09-01T18:56:23+00:00,2026-09-01T20:38:10+00:00,1
95,40,39,Electrolinera-39,Las Condes,Metropolitana,777415484,ENEL MOBILITY CHILE SPA,Enel,Tipo 2,AC,22,(7-22],,1,1,NO DISPONIBLE,2026-09-01T18:56:23+00:00,2025-09-16T13:25:01.866540+00:00,2026-09-01T18:56:23+00:00,2026-09-01T20:38:10+00:00,1
96,41,40,Cerro Colorado,Las Condes,Metropolitana,777415484,ENEL X,Enel,Tipo 2,AC,22,(7-22],CALLE,1,1,DISPONIBLE,2026-09-01T18:56:23+00:00,2026-06-08T15:32:48.274452+00:00,2026-09-01T18:56:23+00:00,2026-09-01T20:38:10+00:00,1
97,41,40,Cerro Colorado,Las Condes,Metropolitana,777415484,ENEL X,Enel,Tipo 2,AC,22,(7-22],CALLE,1,1,DISPONIBLE,2026-09-01T18:56:23+00:00,2026-06-08T15:32:48.274452+00:00,2026-09-01T18:56:23+00:00,2026-09-01T20:38:10+00:00,1
98,42,41,Parque Metropolitano- Entrada Pedro de Valdivia,Providencia,Metropolitana,777415484,ENEL X,Enel,Tipo 2,AC,22,(7-22],OTRO,0,0,DISPONIBLE,2026-09-01T18:56:23+00:00,2026-09-01T04:07:42.940445+00:00,2026-09-01T18:56:23+00:00,2026-09-01T20:38:10+00:00,1
99,42,41,Parque Metropolitano- Entrada Pedro de Valdivia,Providencia,Metropolitana,777415484,ENEL X,Enel,Tipo 2,AC,22,(7-22],OTRO,0,0,DISPONIBLE,2026-09-01T18:56:23+00:00,2026-09-01T04:07:42.940445+00:00,2026-09-01T18:56:23+00:00,2026-09-01T20:38:10+00:00,1
100,43,42,Movicenter Huechuraba,Huechuraba,Metropolitana,777415484,ENEL MOBILITY CHILE SPA,Enel,Tipo 1,AC,7,7,,0,0,FUERA DE LINEA,2026-09-01T18:56:23+00:00,2026-04-08T21:35:57.359777+00:00,2026-09-01T18:56:23+00:00,2026-09-01T20:38:10+00:00,1
101,43,42,Movicenter Huechuraba,Huechuraba,Metropolitana,777415484,ENEL MOBILITY CHILE SPA,Enel,Tipo 2,AC,7,7,,0,0,FUERA DE LINEA,2026-09-01T18:56:23+00:00,2026-04-08T21:35:57.359777+00:00,2026-09-01T18:56:23+00:00,2026-09-01T20:38:10+00:00,1
104,45,44,DUOC-UC. San Joaquín,San Joaquín,Metropolitana,777415484,ENEL X,Enel,Tipo 2,AC,22,(7-22],OTRO,0,0,NO DISPONIBLE,2026-09-01T18:56:23+00:00,2025-05-05T12:05:30.570685+00:00,2026-09-01T18:56:23+00:00,2026-09-01T20:38:10+00:00,1
105,45,44,DUOC-UC. San Joaquín,San Joaquín,Metropolitana,777415484,ENEL X,Enel,Tipo 2,AC,22,(7-22],OTRO,0,0,NO DISPONIBLE,2026-09-01T18:56:23+00:00,2025-05-05T12:05:30.570685+00:00,2026-09-01T18:56:23+00:00,2026-09-01T20:38:10+00:00,1
106,46,45,Automóvil Club Chile,Providencia,Metropolitana,814646009,Automovil Club de Chile,Automovil Club de Chile,Tipo 1,AC,7,7,,1,1,FUERA DE LINEA,2026-09-01T18:56:23+00:00,2026-04-08T21:35:57.359777+00:00,2026-09-01T18:56:23+00:00,2026-09-01T20:38:10+00:00,1
107,46,45,Automóvil Club Chile,Providencia,Metropolitana,814646009,Automovil Club de Chile,Automovil Club de Chile,Tipo 2,AC,7,7,,1,1,FUERA DE LINEA,2026-09-01T18:56:23+00:00,2026-04-08T21:35:57.359777+00:00,2026-09-01T18:56:23+00:00,2026-09-01T20:38:10+00:00,1
108,47,46,Estacionamientos EME,Las Condes,Metropolitana,777415484,ENEL X,Enel,Tipo 2,AC,3.5,7,OTRO,0,0,FUERA DE LINEA,2026-09-01T18:56:23+00:00,2025-09-24T12:20:01.576835+00:00,2026-09-01T18:56:23+00:00,2026-09-01T20:38:10+00:00,1
109,47,46,Estacionamientos EME,Las Condes,Metropolitana,777415484,ENEL X,Enel,Tipo 2,AC,3.5,7,OTRO,0,0,NO DISPONIBLE,2026-09-01T18:56:23+00:00,2025-09-24T12:20:01.576835+00:00,2026-09-01T18:56:23+00:00,2026-09-01T20:38:10+00:00,1
110,48,46,Estacionamientos EME,Las Condes,Metropolitana,777415484,ENEL X,Enel,Tipo 2,AC,3.5,7,OTRO,0,0,DISPONIBLE,2026-09-01T18:56:23+00:00,2026-09-01T16:26:16.609417+00:00,2026-09-01T18:56:23+00:00,2026-09-01T20:38:10+00:00,1
111,48,46,Estacionamientos EME,Las Condes,Metropolitana,777415484,ENEL X,Enel,Tipo 2,AC,3.5,7,OTRO,0,0,NO DISPONIBLE,2026-09-01T18:56:23+00:00,2026-09-01T16:26:16.609417+00:00,2026-09-01T18:56:23+00:00,2026-09-01T20:38:10+00:00,1
114,50,48,Costanera Center,Providencia,Metropolitana,777415484,ENEL MOBILITY CHILE SPA,Enel,Tipo 1,AC,7,7,,1,1,FUERA DE LINEA,2026-09-01T18:56:23+00:00,2026-04-08T21:35:57.359777+00:00,2026-09-01T18:56:23+00:00,2026-09-01T20:38:10+00:00,1
115,50,48,Costanera Center,Providencia,Metropolitana,777415484,ENEL MOBILITY CHILE SPA,Enel,Tipo 2,AC,7,7,,1,1,FUERA DE LINEA,2026-09-01T18:56:23+00:00,2026-04-08T21:35:57.359777+00:00,2026-09-01T18:56:23+00:00,2026-09-01T20:38:10+00:00,1
116,51,49,Boulevard Marina,Vina del Mar,Valparaíso,968635700,Inmobiliaria viña del mar SA,Inmobiliaria viña del mar SA,Tipo 1,AC,7,7,,1,1,FUERA DE LINEA,2026-09-01T18:56:23+00:00,2026-06-08T15:51:40.356244+00:00,2026-09-01T18:56:23+00:00,2026-09-01T20:38:10+00:00,1
117,51,49,Boulevard Marina,Vina del Mar,Valparaíso,968635700,Inmobiliaria viña del mar SA,Inmobiliaria viña del mar SA,Tipo 2,AC,7,7,,1,1,FUERA DE LINEA,2026-09-01T18:56:23+00:00,2026-06-08T15:51:40.356244+00:00,2026-09-01T18:56:23+00:00,2026-09-01T20:38:10+00:00,1
118,52,50,Mall Marina,Vina del Mar,Valparaíso,968635700,Inmobiliaria viña del mar SA,Inmobiliaria viña del mar SA,Tipo 1,AC,7,7,,1,1,FUERA DE LINEA,2026-09-01T18:56:23+00:00,2026-06-08T15:56:20.799450+00:00,2026-09-01T18:56:23+00:00,2026-09-01T20:38:10+00:00,1
119,52,50,Mall Marina,Vina del Mar,Valparaíso,968635700,Inmobiliaria viña del mar SA,Inmobiliaria viña del mar SA,Tipo 2,AC,7,7,,1,1,FUERA DE LINEA,2026-09-01T18:56:23+00:00,2026-06-08T15:56:20.799450+00:00,2026-09-01T18:56:23+00:00,2026-09-01T20:38:10+00:00,1
120,53,51,"Smarcity, Ciudad Empresarial",Huechuraba,Metropolitana,968005707,CHILECTRA S.A.,CHILECTRA S.A.,Tipo 2,AC,22,(7-22],,1,1,FUERA DE LINEA,2026-09-01T18:56:23+00:00,2026-04-08T21:35:57.359777+00:00,2026-09-01T18:56:23+00:00,2026-09-01T20:38:10+00:00,1
123,55,53,Electrolinera-53,Providencia,Metropolitana,965655808,Compañia de Leasing Tattersal ,Compañia de Leasing Tattersal ,Tipo 1,AC,7,7,,1,1,FUERA DE LINEA,2026-09-01T18:56:23+00:00,2026-08-13T19:28:56.254821+00:00,2026-09-01T18:56:23+00:00,2026-09-01T20:38:10+00:00,1
124,56,54,Oficina Chilquinta Quillota,Quillota,Valparaíso,968135201,CHILQUINTA,CHILQUINTA,Tipo 1,AC,22,(7-22],EDIFICIO,0,0,DISPONIBLE,2026-09-01T18:56:23+00:00,2025-09-03T19:03:29.063122+00:00,2026-09-01T18:56:23+00:00,2026-09-01T20:38:10+00:00,1
125,56,54,Oficina Chilquinta Quillota,Quillota,Valparaíso,968135201,CHILQUINTA,CHILQUINTA,Tipo 1,AC,22,(7-22],EDIFICIO,0,0,DISPONIBLE,2026-09-01T18:56:23+00:00,2025-09-03T19:03:29.063122+00:00,2026-09-01T18:56:23+00:00,2026-09-01T20:38:10+00:00,1
126,57,54,Oficina Chilquinta Quillota,Quillota,Valparaíso,968135201,CHILQUINTA,CHILQUINTA,Tipo 1,AC,22,(7-22],EDIFICIO,0,0,DISPONIBLE,2026-09-01T18:56:23+00:00,2025-09-03T18:58:38.821866+00:00,2026-09-01T18:56:23+00:00,2026-09-01T20:38:10+00:00,1
127,57,54,Oficina Chilquinta Quillota,Quillota,Valparaíso,968135201,CHILQUINTA,CHILQUINTA,Tipo 1,AC,22,(7-22],EDIFICIO,0,0,DISPONIBLE,2026-09-01T18:56:23+00:00,2025-09-03T18:58:38.821866+00:00,2026-09-01T18:56:23+00:00,2026-09-01T20:38:10+00:00,1
131,59,56,"Oficina CGE, Copiapo",Copiapó,Atacama,764113217,COMPAÑIA GENERAL DE ELECTRICIDAD S.A.,COMPAÑIA GENERAL DE ELECTRICIDAD S.A.,Tipo 2,AC,22,(7-22],,1,1,FUERA DE LINEA,2026-09-01T18:56:23+00:00,2026-04-08T21:35:57.359777+00:00,2026-09-01T18:56:23+00:00,2026-09-01T20:38:10+00:00,1
132,59,56,"Oficina CGE, Copiapo",Copiapó,Atacama,764113217,COMPAÑIA GENERAL DE ELECTRICIDAD S.A.,COMPAÑIA GENERAL DE ELECTRICIDAD S.A.,Tipo 2,AC,22,(7-22],,1,1,FUERA DE LINEA,2026-09-01T18:56:23+00:00,2026-04-08T21:35:57.359777+00:00,2026-09-01T18:56:23+00:00,2026-09-01T20:38:10+00:00,1
133,60,57,Mall ZOFRI,Iquique,Tarapacá,764113217,COMPAÑIA GENERAL DE ELECTRICIDAD S.A.,COMPAÑIA GENERAL DE ELECTRICIDAD S.A.,Tipo 2,AC,22,(7-22],,1,1,FUERA DE LINEA,2026-09-01T18:56:23+00:00,2026-04-08T21:35:57.359777+00:00,2026-09-01T18:56:23+00:00,2026-09-01T20:38:10+00:00,1
134,60,57,Mall ZOFRI,Iquique,Tarapacá,764113217,COMPAÑIA GENERAL DE ELECTRICIDAD S.A.,COMPAÑIA GENERAL DE ELECTRICIDAD S.A.,Tipo 2,AC,22,(7-22],,1,1,FUERA DE LINEA,2026-09-01T18:56:23+00:00,2026-04-08T21:35:57.359777+00:00,2026-09-01T18:56:23+00:00,2026-09-01T20:38:10+00:00,1
135,61,58,SAESA Puerto Varas 1,Puerto Varas,Los Lagos,760731625,Sociedad Austral de Electricidad S.A,Saesa,Tipo 2,AC,22,(7-22],,1,1,FUERA DE LINEA,2026-09-01T18:56:23+00:00,2026-04-22T20:40:44.771427+00:00,2026-09-01T18:56:23+00:00,2026-09-01T20:38:10+00:00,1
136,61,58,SAESA Puerto Varas 1,Puerto Varas,Los Lagos,760731625,Sociedad Austral de Electricidad S.A,Saesa,Tipo 2,AC,22,(7-22],,1,1,FUERA DE LINEA,2026-09-01T18:56:23+00:00,2026-04-22T20:40:44.771427+00:00,2026-09-01T18:56:23+00:00,2026-09-01T20:38:10+00:00,1
137,62,59,TOTTUS FACTORIA,Providencia,Metropolitana,761643894,INMOBILIARIA ITALIA S.A.,INMOBILIARIA ITALIA S.A.,Tipo 2,AC,22,(7-22],,0,0,FUERA DE LINEA,2026-09-01T18:56:23+00:00,2026-04-08T21:35:57.359777+00:00,2026-09-01T18:56:23+00:00,2026-09-01T20:38:10+00:00,1
144,66,63,Mall Curicó,Curicó,Maule,777415484,ENEL MOBILITY CHILE SPA,Enel,Tipo 2,AC,22,(7-22],,1,1,FUERA DE LINEA,2026-09-01T18:56:23+00:00,2026-06-08T15:55:29.112306+00:00,2026-09-01T18:56:23+00:00,2026-09-01T20:38:10+00:00,1
145,66,63,Mall Curicó,Curicó,Maule,777415484,ENEL MOBILITY CHILE SPA,Enel,Tipo 2,AC,22,(7-22],,1,1,FUERA DE LINEA,2026-09-01T18:56:23+00:00,2026-06-08T15:55:29.112306+00:00,2026-09-01T18:56:23+00:00,2026-09-01T20:38:10+00:00,1
146,67,64,Bodegas San Francisco,Pudahuel,Metropolitana,760988200,Bodegas San Francisco Ltda.,Bodegas San Francisco Ltda.,Tipo 2,AC,22,(7-22],,1,1,FUERA DE LINEA,2026-09-01T18:56:23+00:00,2026-04-22T21:26:04.236591+00:00,2026-09-01T18:56:23+00:00,2026-09-01T20:38:10+00:00,1
147,67,64,Bodegas San Francisco,Pudahuel,Metropolitana,760988200,Bodegas San Francisco Ltda.,Bodegas San Francisco Ltda.,Tipo 2,AC,22,(7-22],,1,1,FUERA DE LINEA,2026-09-01T18:56:23+00:00,2026-04-22T21:26:04.236591+00:00,2026-09-01T18:56:23+00:00,2026-09-01T20:38:10+00:00,1
148,68,65,BSF ,Pudahuel,Metropolitana,787133908,Inversiones Quildos Ltda,Inversiones Quildos Ltda,Tipo 2,AC,22,(7-22],,1,1,FUERA DE LINEA,2026-09-01T18:56:23+00:00,2026-04-08T21:35:57.359777+00:00,2026-09-01T18:56:23+00:00,2026-09-01T20:38:10+00:00,1
149,68,65,BSF ,Pudahuel,Metropolitana,787133908,Inversiones Quildos Ltda,Inversiones Quildos Ltda,Tipo 2,AC,22,(7-22],,1,1,FUERA DE LINEA,2026-09-01T18:56:23+00:00,2026-04-08T21:35:57.359777+00:00,2026-09-01T18:56:23+00:00,2026-09-01T20:38:10+00:00,1
150,69,66,Temob - Mall Vivo Los Trapenses,Lo Barnechea,Metropolitana,768363129,TE MOBILITY,TE MOBILITY,Tipo 2,AC,22,(7-22],CENTRO COMERCIAL,0,0,FUERA DE LINEA,2026-09-01T18:56:23+00:00,2026-07-12T20:40:08.142293+00:00,2026-09-01T18:56:23+00:00,2026-09-01T20:38:10+00:00,1
151,69,66,Temob - Mall Vivo Los Trapenses,Lo Barnechea,Metropolitana,768363129,TE MOBILITY,TE MOBILITY,Tipo 2,AC,22,(7-22],CENTRO COMERCIAL,0,0,DISPONIBLE,2026-09-01T18:56:23+00:00,2026-07-12T20:40:08.142293+00:00,2026-09-01T18:56:23+00:00,2026-09-01T20:38:10+00:00,1
152,70,67,Universidad de Los Andes,Las Condes,Metropolitana,716140008,Universidad de Los andes,Universidad de Los andes,Tipo 2,AC,22,(7-22],,0,0,FUERA DE LINEA,2026-09-01T18:56:23+00:00,2026-04-08T21:35:57.359777+00:00,2026-09-01T18:56:23+00:00,2026-09-01T20:38:10+00:00,1
153,70,67,Universidad de Los Andes,Las Condes,Metropolitana,716140008,Universidad de Los andes,Universidad de Los andes,Tipo 2,AC,22,(7-22],,0,0,FUERA DE LINEA,2026-09-01T18:56:23+00:00,2026-04-08T21:35:57.359777+00:00,2026-09-01T18:56:23+00:00,2026-09-01T20:38:10+00:00,1
154,71,68,Enex E-Pro Shell Mostazal,Mostazal,Libertador Bernardo OHiggins,920110002,Enerlink Chile SpA,Enerlink,CHAdeMO,DC,50,(22-50],,0,0,DISPONIBLE,2026-09-01T18:56:23+00:00,2026-09-01T19:35:18.902793+00:00,2026-09-01T18:56:23+00:00,2026-09-01T20:38:10+00:00,1
155,71,68,Enex E-Pro Shell Mostazal,Mostazal,Libertador Bernardo OHiggins,920110002,Enerlink Chile SpA,Enerlink,CCS 2,DC,50,(22-50],,0,0,DISPONIBLE,2026-09-01T18:56:23+00:00,2026-09-01T19:35:18.902793+00:00,2026-09-01T18:56:23+00:00,2026-09-01T20:38:10+00:00,1
156,71,68,Enex E-Pro Shell Mostazal,Mostazal,Libertador Bernardo OHiggins,920110002,Enerlink Chile SpA,Enerlink,Tipo 2,AC,43,(22-50],,0,0,DISPONIBLE,2026-09-01T18:56:23+00:00,2026-09-01T19:35:18.902793+00:00,2026-09-01T18:56:23+00:00,2026-09-01T20:38:10+00:00,1
157,72,69,Open Kennedy,Las Condes,Metropolitana,995561700,METLIFE CHILE SEGUROS DE VIDA ,METLIFE CHILE SEGUROS DE VIDA ,Tipo 2,AC,7,7,,1,1,FUERA DE LINEA,2026-09-01T18:56:23+00:00,2026-04-08T21:35:57.359777+00:00,2026-09-01T18:56:23+00:00,2026-09-01T20:38:10+00:00,1
158,72,69,Open Kennedy,Las Condes,Metropolitana,995561700,METLIFE CHILE SEGUROS DE VIDA ,METLIFE CHILE SEGUROS DE VIDA ,Tipo 2,AC,7,7,,1,1,FUERA DE LINEA,2026-09-01T18:56:23+00:00,2026-04-08T21:35:57.359777+00:00,2026-09-01T18:56:23+00:00,2026-09-01T20:38:10+00:00,1
159,73,69,Open Kennedy,Las Condes,Metropolitana,995561700,METLIFE CHILE SEGUROS DE VIDA ,METLIFE CHILE SEGUROS DE VIDA ,Tipo 2,AC,7,7,,1,1,FUERA DE LINEA,2026-09-01T18:56:23+00:00,2026-04-08T21:35:57.359777+00:00,2026-09-01T18:56:23+00:00,2026-09-01T20:38:10+00:00,1
160,73,69,Open Kennedy,Las Condes,Metropolitana,995561700,METLIFE CHILE SEGUROS DE VIDA ,METLIFE CHILE SEGUROS DE VIDA ,Tipo 2,AC,7,7,,1,1,FUERA DE LINEA,2026-09-01T18:56:23+00:00,2026-04-08T21:35:57.359777+00:00,2026-09-01T18:56:23+00:00,2026-09-01T20:38:10+00:00,1
161,74,69,Open Kennedy,Las Condes,Metropolitana,995561700,METLIFE CHILE SEGUROS DE VIDA ,METLIFE CHILE SEGUROS DE VIDA ,Tipo 2,AC,7,7,,1,1,FUERA DE LINEA,2026-09-01T18:56:23+00:00,2026-04-08T21:35:57.359777+00:00,2026-09-01T18:56:23+00:00,2026-09-01T20:38:10+00:00,1
162,74,69,Open Kennedy,Las Condes,Metropolitana,995561700,METLIFE CHILE SEGUROS DE VIDA ,METLIFE CHILE SEGUROS DE VIDA ,Tipo 2,AC,7,7,,1,1,FUERA DE LINEA,2026-09-01T18:56:23+00:00,2026-04-08T21:35:57.359777+00:00,2026-09-01T18:56:23+00:00,2026-09-01T20:38:10+00:00,1
163,75,70,Cargador Urbano Arturo Prat 234,Tiltil,Metropolitana,995200007,COPEC VOLTEX,Copec Voltex,Tipo 2,AC,22,(7-22],,0,0,DISPONIBLE,2026-09-01T18:56:23+00:00,2026-08-27T16:28:21.353254+00:00,2026-09-01T18:56:23+00:00,2026-09-01T20:38:10+00:00,1
164,75,70,Cargador Urbano Arturo Prat 234,Tiltil,Metropolitana,995200007,COPEC VOLTEX,Copec Voltex,Tipo 2,AC,22,(7-22],,0,0,DISPONIBLE,2026-09-01T18:56:23+00:00,2026-08-27T16:28:21.353254+00:00,2026-09-01T18:56:23+00:00,2026-09-01T20:38:10+00:00,1
165,76,71,Cargador Urbano Ignacio Carrera Pinto,Tiltil,Metropolitana,995200007,COPEC VOLTEX,Copec Voltex,Tipo 2,AC,22,(7-22],,0,0,DISPONIBLE,2026-09-01T18:56:23+00:00,2026-08-28T21:49:55.246547+00:00,2026-09-01T18:56:23+00:00,2026-09-01T20:38:10+00:00,1
166,76,71,Cargador Urbano Ignacio Carrera Pinto,Tiltil,Metropolitana,995200007,COPEC VOLTEX,Copec Voltex,Tipo 2,AC,22,(7-22],,0,0,DISPONIBLE,2026-09-01T18:56:23+00:00,2026-08-28T21:49:55.246547+00:00,2026-09-01T18:56:23+00:00,2026-09-01T20:38:10+00:00,1
167,77,72,Cargador Electrico Jumbo-Easy Vina del Mar,Vina del Mar,Valparaíso,764333101,CENCOSUD SHOPPING S.A.,CENCOSUD SHOPPING S.A.,Tipo 2,AC,7.4,7,,1,1,FUERA DE LINEA,2026-09-01T18:56:23+00:00,2026-08-14T14:00:32.721466+00:00,2026-09-01T18:56:23+00:00,2026-09-01T20:38:10+00:00,1
170,79,74,Cargador Vehicular Hotel Intercontinental,Las Condes,Metropolitana,777415484,ENEL X,Enel,Tipo 2,AC,7.7,7,HOTEL,1,1,NO DISPONIBLE,2026-09-01T18:56:23+00:00,2025-05-05T12:05:41.511418+00:00,2026-09-01T18:56:23+00:00,2026-09-01T20:38:10+00:00,1
171,80,74,Cargador Vehicular Hotel Intercontinental,Las Condes,Metropolitana,777415484,ENEL X,Enel,Tipo 2,AC,22,(7-22],HOTEL,1,1,NO DISPONIBLE,2026-09-01T18:56:23+00:00,2025-05-05T12:05:45.945643+00:00,2026-09-01T18:56:23+00:00,2026-09-01T20:38:10+00:00,1
175,82,76,Enex E-Pro Shell Los Trapenses,Lo Barnechea,Metropolitana,920110002,Enerlink Chile SpA,Enerlink,CHAdeMO,DC,50,(22-50],,0,0,DISPONIBLE,2026-09-01T18:56:23+00:00,2026-08-31T13:05:51.387127+00:00,2026-09-01T18:56:23+00:00,2026-09-01T20:38:10+00:00,1
176,82,76,Enex E-Pro Shell Los Trapenses,Lo Barnechea,Metropolitana,920110002,Enerlink Chile SpA,Enerlink,CCS 2,DC,50,(22-50],,0,0,OCUPADO,2026-09-01T20:12:55+00:00,2026-08-31T13:05:51.387127+00:00,2026-09-01T18:56:23+00:00,2026-09-01T20:38:10+00:00,1
177,82,76,Enex E-Pro Shell Los Trapenses,Lo Barnechea,Metropolitana,920110002,Enerlink Chile SpA,Enerlink,Tipo 2,AC,43,(22-50],,0,0,DISPONIBLE,2026-09-01T18:56:23+00:00,2026-08-31T13:05:51.387127+00:00,2026-09-01T18:56:23+00:00,2026-09-01T20:38:10+00:00,1
178,83,77,PUNTO DE RECARGA DOBLE ABB,Huechuraba,Metropolitana,995200007,COPEC VOLTEX,Copec Voltex,Tipo 2,AC,7.4,7,,0,0,OCUPADO,2026-09-01T18:56:23+00:00,2026-09-01T13:41:38.356814+00:00,2026-09-01T18:56:23+00:00,2026-09-01T20:38:10+00:00,1
179,84,77,PUNTO DE RECARGA DOBLE ABB,Huechuraba,Metropolitana,995200007,COPEC VOLTEX,Copec Voltex,Tipo 2,AC,7.4,7,,0,0,OCUPADO,2026-09-01T18:56:23+00:00,2026-09-01T18:06:08.684046+00:00,2026-09-01T18:56:23+00:00,2026-09-01T20:38:10+00:00,1
180,85,77,PUNTO DE RECARGA DOBLE ABB,Huechuraba,Metropolitana,995200007,COPEC VOLTEX,Copec Voltex,Tipo 2,AC,7.4,7,,0,1,NO DISPONIBLE,2026-09-01T18:56:23+00:00,2025-02-27T17:37:46.527614+00:00,2026-09-01T18:56:23+00:00,2026-09-01T20:38:10+00:00,1
181,86,77,PUNTO DE RECARGA DOBLE ABB,Huechuraba,Metropolitana,995200007,COPEC VOLTEX,Copec Voltex,Tipo 2,AC,7.4,7,,0,1,NO DISPONIBLE,2026-09-01T18:56:23+00:00,2025-02-27T17:37:46.615791+00:00,2026-09-01T18:56:23+00:00,2026-09-01T20:38:10+00:00,1
182,87,78,Hotel Mandarin Oriental ex Hyatt,Las Condes,Metropolitana,777415484,ENEL X,Enel,Tipo 2,AC,22,(7-22],OTRO,0,0,FUERA DE LINEA,2026-09-01T18:56:23+00:00,2026-06-10T14:44:32.982703+00:00,2026-09-01T18:56:23+00:00,2026-09-01T20:38:10+00:00,1
183,87,78,Hotel Mandarin Oriental ex Hyatt,Las Condes,Metropolitana,777415484,ENEL X,Enel,Tipo 2,AC,22,(7-22],OTRO,0,0,FUERA DE LINEA,2026-09-01T18:56:23+00:00,2026-06-10T14:44:32.982703+00:00,2026-09-01T18:56:23+00:00,2026-09-01T20:38:10+00:00,1
184,88,79,COPEC VOLTEX - MALL PLAZA ANTOFAGASTA,Antofagasta,Antofagasta,995200007,COPEC VOLTEX,Copec Voltex,Tipo 2,AC,7.4,7,CENTRO COMERCIAL,1,1,NO DISPONIBLE,2026-09-01T18:56:23+00:00,2025-09-08T12:54:37.874550+00:00,2026-09-01T18:56:23+00:00,2026-09-01T20:38:10+00:00,1
185,89,79,COPEC VOLTEX - MALL PLAZA ANTOFAGASTA,Antofagasta,Antofagasta,995200007,COPEC VOLTEX,Copec Voltex,Tipo 2,AC,7.4,7,CENTRO COMERCIAL,1,1,NO DISPONIBLE,2026-09-01T18:56:23+00:00,2025-02-27T17:36:45.050109+00:00,2026-09-01T18:56:23+00:00,2026-09-01T20:38:10+00:00,1
186,90,80,Hotel Patagonico ,Talca,Maule,782674404,Pinochet y Pinochet SPA,Pinochet y Pinochet SPA,Tipo 2,AC,22,(7-22],,1,1,FUERA DE LINEA,2026-09-01T18:56:23+00:00,2026-06-08T15:54:11.954695+00:00,2026-09-01T18:56:23+00:00,2026-09-01T20:38:10+00:00,1
187,90,80,Hotel Patagonico ,Talca,Maule,782674404,Pinochet y Pinochet SPA,Pinochet y Pinochet SPA,Tipo 2,AC,22,(7-22],,1,1,FUERA DE LINEA,2026-09-01T18:56:23+00:00,2026-06-08T15:54:11.954695+00:00,2026-09-01T18:56:23+00:00,2026-09-01T20:38:10+00:00,1
188,91,81,Tanica  Oriente,Vitacura,Metropolitana,777415484,ENEL X,Enel,Tipo 2,AC,7,7,OTRO,0,0,FUERA DE LINEA,2026-09-01T18:56:23+00:00,2026-04-02T03:00:20.714161+00:00,2026-09-01T18:56:23+00:00,2026-09-01T20:38:10+00:00,1
189,91,81,Tanica  Oriente,Vitacura,Metropolitana,777415484,ENEL X,Enel,Tipo 2,AC,7,7,OTRO,0,0,FUERA DE LINEA,2026-09-01T18:56:23+00:00,2026-04-02T03:00:20.714161+00:00,2026-09-01T18:56:23+00:00,2026-09-01T20:38:10+00:00,1
190,92,82,Tanica Poniente,Vitacura,Metropolitana,777415484,ENEL X,Enel,Tipo 2,AC,7,7,,0,0,DISPONIBLE,2026-09-01T18:56:23+00:00,2025-09-27T15:49:04.648738+00:00,2026-09-01T18:56:23+00:00,2026-09-01T20:38:10+00:00,1
191,92,82,Tanica Poniente,Vitacura,Metropolitana,777415484,ENEL X,Enel,Tipo 2,AC,7,7,,0,0,DISPONIBLE,2026-09-01T18:56:23+00:00,2025-09-27T15:49:04.648738+00:00,2026-09-01T18:56:23+00:00,2026-09-01T20:38:10+00:00,1
192,93,83,Dreams Punta Arenas,Punta Arenas,Magallanes y de la Antartica Chilena,99599450k,Casino de Juegos Punta Arenas ,Casino de Juegos Punta Arenas ,Tipo 1,AC,7.4,7,,1,1,FUERA DE LINEA,2026-09-01T18:56:23+00:00,2026-08-13T19:40:25.515065+00:00,2026-09-01T18:56:23+00:00,2026-09-01T20:38:10+00:00,1
194,95,84,Universidad Adolfo Ibañez ,Penalolén,Metropolitana,715432005,Universidad Adolfo Ibañez ,Universidad Adolfo Ibañez ,Tipo 2,AC,22,(7-22],,1,1,FUERA DE LINEA,2026-09-01T18:56:23+00:00,2026-04-08T21:35:57.359777+00:00,2026-09-01T18:56:23+00:00,2026-09-01T20:38:10+00:00,1
195,95,84,Universidad Adolfo Ibañez ,Penalolén,Metropolitana,715432005,Universidad Adolfo Ibañez ,Universidad Adolfo Ibañez ,Tipo 2,AC,22,(7-22],,1,1,FUERA DE LINEA,2026-09-01T18:56:23+00:00,2026-04-08T21:35:57.359777+00:00,2026-09-01T18:56:23+00:00,2026-09-01T20:38:10+00:00,1
196,96,85,Hotel Marriott,Las Condes,Metropolitana,560530609,Cominidad Complejo Boulebard K,Cominidad Complejo Boulebard K,Tipo 2,AC,22,(7-22],,1,1,FUERA DE LINEA,2026-09-01T18:56:23+00:00,2026-04-08T21:35:57.359777+00:00,2026-09-01T18:56:23+00:00,2026-09-01T20:38:10+00:00,1
197,97,86,Hotel Lago Grey,Torres del Paine,Magallanes y de la Antartica Chilena,784130002,Turismo Lago Grey SA,Turismo Lago Grey SA,Tipo 1,AC,7.4,7,,1,1,FUERA DE LINEA,2026-09-01T18:56:23+00:00,2026-04-08T21:35:57.359777+00:00,2026-09-01T18:56:23+00:00,2026-09-01T20:38:10+00:00,1
198,98,86,Hotel Lago Grey,Torres del Paine,Magallanes y de la Antartica Chilena,784130002,Turismo Lago Grey SA,Turismo Lago Grey SA,Tipo 1,AC,7.4,7,,1,1,FUERA DE LINEA,2026-09-01T18:56:23+00:00,2026-04-08T21:35:57.359777+00:00,2026-09-01T18:56:23+00:00,2026-09-01T20:38:10+00:00,1
199,99,87,PUNTO DE CARGA DOBLE ABB MPOE,Cerrillos,Metropolitana,995200007,COPEC VOLTEX,Copec Voltex,Tipo 2,AC,7.4,7,,0,0,FUERA DE LINEA,2026-09-01T18:56:23+00:00,2026-07-18T15:08:10.698970+00:00,2026-09-01T18:56:23+00:00,2026-09-01T20:38:10+00:00,1
200,100,87,PUNTO DE CARGA DOBLE ABB MPOE,Cerrillos,Metropolitana,995200007,COPEC VOLTEX,Copec Voltex,Tipo 2,AC,7.4,7,,0,0,OCUPADO,2026-09-01T20:28:04+00:00,2026-09-01T20:23:42.932165+00:00,2026-09-01T18:56:23+00:00,2026-09-01T20:38:10+00:00,1
201,101,87,PUNTO DE CARGA DOBLE ABB MPOE,Cerrillos,Metropolitana,995200007,COPEC VOLTEX,Copec Voltex,Tipo 2,AC,7.4,7,,0,1,NO DISPONIBLE,2026-09-01T18:56:23+00:00,2025-02-27T17:39:24.644383+00:00,2026-09-01T18:56:23+00:00,2026-09-01T20:38:10+00:00,1
202,102,87,PUNTO DE CARGA DOBLE ABB MPOE,Cerrillos,Metropolitana,995200007,COPEC VOLTEX,Copec Voltex,Tipo 2,AC,7.4,7,,0,1,NO DISPONIBLE,2026-09-01T18:56:23+00:00,2025-02-27T17:39:24.723331+00:00,2026-09-01T18:56:23+00:00,2026-09-01T20:38:10+00:00,1
203,103,88,Cargadores Vehiculares Hotel San Francisco,Santiago,Metropolitana,777415484,ENEL X,Enel,Tipo 2,AC,7.7,7,HOTEL,1,1,NO DISPONIBLE,2026-09-01T18:56:23+00:00,2025-05-05T12:05:59.640602+00:00,2026-09-01T18:56:23+00:00,2026-09-01T20:38:10+00:00,1
204,104,88,Cargadores Vehiculares Hotel San Francisco,Santiago,Metropolitana,777415484,ENEL X,Enel,Tipo 2,AC,22,(7-22],HOTEL,1,1,NO DISPONIBLE,2026-09-01T18:56:23+00:00,2025-05-05T14:49:59.295379+00:00,2026-09-01T18:56:23+00:00,2026-09-01T20:38:10+00:00,1
205,105,89,Patio Alonso de Cordova,Vitacura,Metropolitana,761824147,inmobiliaria y construtora Alo,inmobiliaria y construtora Alo,Tipo 1,AC,7,7,,1,1,FUERA DE LINEA,2026-09-01T18:56:23+00:00,2026-04-08T21:35:57.359777+00:00,2026-09-01T18:56:23+00:00,2026-09-01T20:38:10+00:00,1
206,106,89,Patio Alonso de Cordova,Vitacura,Metropolitana,761824147,inmobiliaria y construtora Alo,inmobiliaria y construtora Alo,Tipo 2,AC,7,7,,1,1,FUERA DE LINEA,2026-09-01T18:56:23+00:00,2026-04-08T21:35:57.359777+00:00,2026-09-01T18:56:23+00:00,2026-09-01T20:38:10+00:00,1
207,107,90,Centro Parque Araucano,Las Condes,Metropolitana,768349460,Inversiones Vida Parque SA,Inversiones Vida Parque SA,Tipo 2,AC,7,7,,1,1,FUERA DE LINEA,2026-09-01T18:56:23+00:00,2026-04-08T21:35:57.359777+00:00,2026-09-01T18:56:23+00:00,2026-09-01T20:38:10+00:00,1
208,108,90,Centro Parque Araucano,Las Condes,Metropolitana,768349460,Inversiones Vida Parque SA,Inversiones Vida Parque SA,Tipo 2,AC,7,7,,1,1,FUERA DE LINEA,2026-09-01T18:56:23+00:00,2026-04-08T21:35:57.359777+00:00,2026-09-01T18:56:23+00:00,2026-09-01T20:38:10+00:00,1
209,109,90,Centro Parque Araucano,Las Condes,Metropolitana,768349460,Inversiones Vida Parque SA,Inversiones Vida Parque SA,Tipo 2,AC,7,7,,1,1,FUERA DE LINEA,2026-09-01T18:56:23+00:00,2026-04-08T21:35:57.359777+00:00,2026-09-01T18:56:23+00:00,2026-09-01T20:38:10+00:00,1
210,110,90,Centro Parque Araucano,Las Condes,Metropolitana,768349460,Inversiones Vida Parque SA,Inversiones Vida Parque SA,Tipo 2,AC,7,7,,1,1,FUERA DE LINEA,2026-09-01T18:56:23+00:00,2026-04-08T21:35:57.359777+00:00,2026-09-01T18:56:23+00:00,2026-09-01T20:38:10+00:00,1
211,111,90,Centro Parque Araucano,Las Condes,Metropolitana,768349460,Inversiones Vida Parque SA,Inversiones Vida Parque SA,Tipo 2,AC,7,7,,1,1,FUERA DE LINEA,2026-09-01T18:56:23+00:00,2026-04-08T21:35:57.359777+00:00,2026-09-01T18:56:23+00:00,2026-09-01T20:38:10+00:00,1
212,112,90,Centro Parque Araucano,Las Condes,Metropolitana,768349460,Inversiones Vida Parque SA,Inversiones Vida Parque SA,Tipo 2,AC,7,7,,1,1,FUERA DE LINEA,2026-09-01T18:56:23+00:00,2026-04-08T21:35:57.359777+00:00,2026-09-01T18:56:23+00:00,2026-09-01T20:38:10+00:00,1
213,113,90,Centro Parque Araucano,Las Condes,Metropolitana,768349460,Inversiones Vida Parque SA,Inversiones Vida Parque SA,Tipo 2,AC,7,7,,1,1,FUERA DE LINEA,2026-09-01T18:56:23+00:00,2026-04-08T21:35:57.359777+00:00,2026-09-01T18:56:23+00:00,2026-09-01T20:38:10+00:00,1
214,114,90,Centro Parque Araucano,Las Condes,Metropolitana,768349460,Inversiones Vida Parque SA,Inversiones Vida Parque SA,Tipo 2,AC,7,7,,1,1,FUERA DE LINEA,2026-09-01T18:56:23+00:00,2026-04-08T21:35:57.359777+00:00,2026-09-01T18:56:23+00:00,2026-09-01T20:38:10+00:00,1
215,115,90,Centro Parque Araucano,Las Condes,Metropolitana,768349460,Inversiones Vida Parque SA,Inversiones Vida Parque SA,Tipo 1,AC,7,7,,1,1,FUERA DE LINEA,2026-09-01T18:56:23+00:00,2026-04-08T21:35:57.359777+00:00,2026-09-01T18:56:23+00:00,2026-09-01T20:38:10+00:00,1
216,116,91,Mall Sport,Las Condes,Metropolitana,995181401,Inmob. Administ. y Com. Mall S,Inmob. Administ. y Com. Mall S,Tipo 1,AC,6.6,7,,1,1,FUERA DE LINEA,2026-09-01T18:56:23+00:00,2026-06-08T15:30:51.574289+00:00,2026-09-01T18:56:23+00:00,2026-09-01T20:38:10+00:00,1
217,116,91,Mall Sport,Las Condes,Metropolitana,995181401,Inmob. Administ. y Com. Mall S,Inmob. Administ. y Com. Mall S,Tipo 2,AC,6.6,7,,1,1,FUERA DE LINEA,2026-09-01T18:56:23+00:00,2026-06-08T15:30:51.574289+00:00,2026-09-01T18:56:23+00:00,2026-09-01T20:38:10+00:00,1
218,117,92,Municipalidad de Vitacura,Vitacura,Metropolitana,777415484,ENEL X,Enel,Tipo 2,AC,7,7,,1,1,FUERA DE LINEA,2026-09-01T18:56:23+00:00,2026-04-08T21:35:57.359777+00:00,2026-09-01T18:56:23+00:00,2026-09-01T20:38:10+00:00,1
219,117,92,Municipalidad de Vitacura,Vitacura,Metropolitana,777415484,ENEL X,Enel,Tipo 2,AC,7,7,,1,1,FUERA DE LINEA,2026-09-01T18:56:23+00:00,2026-04-08T21:35:57.359777+00:00,2026-09-01T18:56:23+00:00,2026-09-01T20:38:10+00:00,1
220,118,92,Municipalidad de Vitacura,Vitacura,Metropolitana,777415484,ENEL X,Enel,Tipo 2,AC,7,7,,1,1,FUERA DE LINEA,2026-09-01T18:56:23+00:00,2026-04-08T21:35:57.359777+00:00,2026-09-01T18:56:23+00:00,2026-09-01T20:38:10+00:00,1
221,118,92,Municipalidad de Vitacura,Vitacura,Metropolitana,777415484,ENEL X,Enel,Tipo 2,AC,7,7,,1,1,FUERA DE LINEA,2026-09-01T18:56:23+00:00,2026-04-08T21:35:57.359777+00:00,2026-09-01T18:56:23+00:00,2026-09-01T20:38:10+00:00,1
222,119,93,Duoc UC Huechuraba,Huechuraba,Metropolitana,727547002,Fundacion IP DuocUc ,Fundacion IP DuocUc ,Tipo 2,AC,22,(7-22],,0,0,FUERA DE LINEA,2026-09-01T18:56:23+00:00,2026-04-08T21:35:57.359777+00:00,2026-09-01T18:56:23+00:00,2026-09-01T20:38:10+00:00,1
223,120,94,Grupo Patio Foster,Las Condes,Metropolitana,76416251k,Patio Foster SPA,Patio Foster SPA,Tipo 1,AC,7,7,,1,1,FUERA DE LINEA,2026-09-01T18:56:23+00:00,2026-04-08T21:35:57.359777+00:00,2026-09-01T18:56:23+00:00,2026-09-01T20:38:10+00:00,1
224,121,94,Grupo Patio Foster,Las Condes,Metropolitana,76416251k,Patio Foster SPA,Patio Foster SPA,Tipo 2,AC,7,7,,1,1,FUERA DE LINEA,2026-09-01T18:56:23+00:00,2026-04-08T21:35:57.359777+00:00,2026-09-01T18:56:23+00:00,2026-09-01T20:38:10+00:00,1
225,122,95,Patio Los Militares,Las Condes,Metropolitana,762007924,inmobiliaria los militares apo,inmobiliaria los militares apo,Tipo 1,AC,7,7,,1,1,FUERA DE LINEA,2026-09-01T18:56:23+00:00,2026-04-08T21:35:57.359777+00:00,2026-09-01T18:56:23+00:00,2026-09-01T20:38:10+00:00,1
226,123,95,Patio Los Militares,Las Condes,Metropolitana,762007924,inmobiliaria los militares apo,inmobiliaria los militares apo,Tipo 2,AC,7,7,,1,1,FUERA DE LINEA,2026-09-01T18:56:23+00:00,2026-04-08T21:35:57.359777+00:00,2026-09-01T18:56:23+00:00,2026-09-01T20:38:10+00:00,1
227,124,96,Aeropuerto Concepcion ,Talcahuano,Biobío,777415484,ENEL X,Enel,Tipo 2,AC,22,(7-22],AEROPUERTO,0,0,FUERA DE LINEA,2026-09-01T18:56:23+00:00,2026-07-26T04:20:32.490940+00:00,2026-09-01T18:56:23+00:00,2026-09-01T20:38:10+00:00,1
228,124,96,Aeropuerto Concepcion ,Talcahuano,Biobío,777415484,ENEL X,Enel,Tipo 2,AC,22,(7-22],AEROPUERTO,0,0,FUERA DE LINEA,2026-09-01T18:56:23+00:00,2026-07-26T04:20:32.490940+00:00,2026-09-01T18:56:23+00:00,2026-09-01T20:38:10+00:00,1
229,125,97,Proyecto Inst. Cargadores Elect. Hotel Sheraton,Providencia,Metropolitana,777415484,ENEL X,Enel,Tipo 2,AC,22,(7-22],,1,1,FUERA DE LINEA,2026-09-01T18:56:23+00:00,2026-04-08T21:35:57.359777+00:00,2026-09-01T18:56:23+00:00,2026-09-01T20:38:10+00:00,1
230,126,97,Proyecto Inst. Cargadores Elect. Hotel Sheraton,Providencia,Metropolitana,777415484,ENEL X,Enel,Tipo 2,AC,22,(7-22],,1,1,FUERA DE LINEA,2026-09-01T18:56:23+00:00,2026-04-08T21:35:57.359777+00:00,2026-09-01T18:56:23+00:00,2026-09-01T20:38:10+00:00,1
233,128,99,Parque Metropolitano_Jardín Mapulemo,Recoleta,Metropolitana,777415484,ENEL MOBILITY CHILE SPA,Enel,Tipo 2,AC,22,(7-22],CALLE,1,1,FUERA DE LINEA,2026-09-01T18:56:23+00:00,2026-06-08T15:57:26.690397+00:00,2026-09-01T18:56:23+00:00,2026-09-01T20:38:10+00:00,1
234,128,99,Parque Metropolitano_Jardín Mapulemo,Recoleta,Metropolitana,777415484,ENEL MOBILITY CHILE SPA,Enel,Tipo 2,AC,22,(7-22],CALLE,1,1,FUERA DE LINEA,2026-09-01T18:56:23+00:00,2026-06-08T15:57:26.690397+00:00,2026-09-01T18:56:23+00:00,2026-09-01T20:38:10+00:00,1
235,129,100,Enex E-Pro Shell Maipo Oriente,San Bernardo,Metropolitana,920110002,Enerlink Chile SpA,Enerlink,Tipo 2,AC,43,(22-50],,0,0,DISPONIBLE,2026-09-01T18:56:23+00:00,2026-08-23T18:11:05.218483+00:00,2026-09-01T18:56:23+00:00,2026-09-01T20:38:10+00:00,1
236,129,100,Enex E-Pro Shell Maipo Oriente,San Bernardo,Metropolitana,920110002,Enerlink Chile SpA,Enerlink,CCS 2,DC,50,(22-50],,0,0,DISPONIBLE,2026-09-01T18:56:23+00:00,2026-08-23T18:11:05.218483+00:00,2026-09-01T18:56:23+00:00,2026-09-01T20:38:10+00:00,1
237,129,100,Enex E-Pro Shell Maipo Oriente,San Bernardo,Metropolitana,920110002,Enerlink Chile SpA,Enerlink,CHAdeMO,DC,50,(22-50],,0,0,DISPONIBLE,2026-09-01T18:56:23+00:00,2026-08-23T18:11:05.218483+00:00,2026-09-01T18:56:23+00:00,2026-09-01T20:38:10+00:00,1
238,130,101,Enex E-Pro Shell San Rafael Talca,San Rafael,Maule,920110002,Enerlink Chile SpA,Enerlink,CHAdeMO,DC,50,(22-50],,0,0,DISPONIBLE,2026-09-01T18:56:23+00:00,2026-08-31T18:23:00.634270+00:00,2026-09-01T18:56:23+00:00,2026-09-01T20:38:10+00:00,1
239,130,101,Enex E-Pro Shell San Rafael Talca,San Rafael,Maule,920110002,Enerlink Chile SpA,Enerlink,CCS 2,DC,50,(22-50],,0,0,DISPONIBLE,2026-09-01T18:56:23+00:00,2026-08-31T18:23:00.634270+00:00,2026-09-01T18:56:23+00:00,2026-09-01T20:38:10+00:00,1
240,130,101,Enex E-Pro Shell San Rafael Talca,San Rafael,Maule,920110002,Enerlink Chile SpA,Enerlink,Tipo 2,AC,43,(22-50],,0,0,DISPONIBLE,2026-09-01T18:56:23+00:00,2026-08-31T18:23:00.634270+00:00,2026-09-01T18:56:23+00:00,2026-09-01T20:38:10+00:00,1
241,131,102,"COPEC Los Angeles Ruta 5 km 518,5 - lado poniente",Los Ángeles,Biobío,995200007,COPEC VOLTEX,Copec Voltex,CHAdeMO,DC,50,(22-50],,0,0,DISPONIBLE,2026-09-01T18:56:23+00:00,2026-09-01T18:46:01.354086+00:00,2026-09-01T18:56:23+00:00,2026-09-01T20:38:10+00:00,1
242,131,102,"COPEC Los Angeles Ruta 5 km 518,5 - lado poniente",Los Ángeles,Biobío,995200007,COPEC VOLTEX,Copec Voltex,Tipo 2,AC,22,(7-22],,0,0,FUERA DE LINEA,2026-09-01T18:56:23+00:00,2026-09-01T18:46:01.354086+00:00,2026-09-01T18:56:23+00:00,2026-09-01T20:38:10+00:00,1
243,131,102,"COPEC Los Angeles Ruta 5 km 518,5 - lado poniente",Los Ángeles,Biobío,995200007,COPEC VOLTEX,Copec Voltex,CCS 2,DC,50,(22-50],,0,0,DISPONIBLE,2026-09-01T18:56:23+00:00,2026-09-01T18:46:01.354086+00:00,2026-09-01T18:56:23+00:00,2026-09-01T20:38:10+00:00,1
244,132,103,Enex E-Pro Shell Hijuelas,Hijuelas,Valparaíso,920110002,Enerlink Chile SpA,Enerlink,CHAdeMO,DC,50,(22-50],,0,0,DISPONIBLE,2026-09-01T18:56:23+00:00,2026-08-31T00:39:42.246542+00:00,2026-09-01T18:56:23+00:00,2026-09-01T20:38:10+00:00,1
245,132,103,Enex E-Pro Shell Hijuelas,Hijuelas,Valparaíso,920110002,Enerlink Chile SpA,Enerlink,CCS 2,DC,50,(22-50],,0,0,DISPONIBLE,2026-09-01T18:56:23+00:00,2026-08-31T00:39:42.246542+00:00,2026-09-01T18:56:23+00:00,2026-09-01T20:38:10+00:00,1
246,133,104,Proyecto Cargadores VE Hotel Regal Pacific,Las Condes,Metropolitana,777415484,ENEL X,Enel,Tipo 2,AC,22,(7-22],,1,1,FUERA DE LINEA,2026-09-01T18:56:23+00:00,2026-04-08T21:35:57.359777+00:00,2026-09-01T18:56:23+00:00,2026-09-01T20:38:10+00:00,1
247,134,104,Proyecto Cargadores VE Hotel Regal Pacific,Las Condes,Metropolitana,777415484,ENEL X,Enel,Tipo 2,AC,22,(7-22],,1,1,FUERA DE LINEA,2026-09-01T18:56:23+00:00,2026-04-08T21:35:57.359777+00:00,2026-09-01T18:56:23+00:00,2026-09-01T20:38:10+00:00,1
248,135,105,Cargadores Estacionamientos Aeropuerto Pudahuel,Pudahuel,Metropolitana,764660684,Soc. Con. Nuevo Pudahuel S.A.,Soc. Con. Nuevo Pudahuel S.A.,Tipo 2,AC,22,(7-22],,0,0,FUERA DE LINEA,2026-09-01T18:56:23+00:00,2026-04-08T21:35:57.359777+00:00,2026-09-01T18:56:23+00:00,2026-09-01T20:38:10+00:00,1
249,136,105,Cargadores Estacionamientos Aeropuerto Pudahuel,Pudahuel,Metropolitana,764660684,Soc. Con. Nuevo Pudahuel S.A.,Soc. Con. Nuevo Pudahuel S.A.,Tipo 2,AC,22,(7-22],,0,0,FUERA DE LINEA,2026-09-01T18:56:23+00:00,2026-04-08T21:35:57.359777+00:00,2026-09-01T18:56:23+00:00,2026-09-01T20:38:10+00:00,1
250,137,105,Cargadores Estacionamientos Aeropuerto Pudahuel,Pudahuel,Metropolitana,764660684,Soc. Con. Nuevo Pudahuel S.A.,Soc. Con. Nuevo Pudahuel S.A.,Tipo 2,AC,22,(7-22],,0,0,FUERA DE LINEA,2026-09-01T18:56:23+00:00,2026-04-08T21:35:57.359777+00:00,2026-09-01T18:56:23+00:00,2026-09-01T20:38:10+00:00,1
251,138,105,Cargadores Estacionamientos Aeropuerto Pudahuel,Pudahuel,Metropolitana,764660684,Soc. Con. Nuevo Pudahuel S.A.,Soc. Con. Nuevo Pudahuel S.A.,Tipo 2,AC,22,(7-22],,0,0,FUERA DE LINEA,2026-09-01T18:56:23+00:00,2026-04-08T21:35:57.359777+00:00,2026-09-01T18:56:23+00:00,2026-09-01T20:38:10+00:00,1
252,139,105,Cargadores Estacionamientos Aeropuerto Pudahuel,Pudahuel,Metropolitana,764660684,Soc. Con. Nuevo Pudahuel S.A.,Soc. Con. Nuevo Pudahuel S.A.,Tipo 2,AC,22,(7-22],,0,0,FUERA DE LINEA,2026-09-01T18:56:23+00:00,2026-04-08T21:35:57.359777+00:00,2026-09-01T18:56:23+00:00,2026-09-01T20:38:10+00:00,1
253,140,105,Cargadores Estacionamientos Aeropuerto Pudahuel,Pudahuel,Metropolitana,764660684,Soc. Con. Nuevo Pudahuel S.A.,Soc. Con. Nuevo Pudahuel S.A.,Tipo 2,AC,22,(7-22],,0,0,FUERA DE LINEA,2026-09-01T18:56:23+00:00,2026-04-08T21:35:57.359777+00:00,2026-09-01T18:56:23+00:00,2026-09-01T20:38:10+00:00,1
254,141,106,ESTACION DE SERVICIOS COPEC LAUTARO,Lautaro,La Araucanía,995200007,COPEC VOLTEX,Copec Voltex,CHAdeMO,DC,50,(22-50],,0,0,DISPONIBLE,2026-09-01T18:56:23+00:00,2026-09-01T15:41:21.450762+00:00,2026-09-01T18:56:23+00:00,2026-09-01T20:38:10+00:00,1
255,141,106,ESTACION DE SERVICIOS COPEC LAUTARO,Lautaro,La Araucanía,995200007,COPEC VOLTEX,Copec Voltex,Tipo 2,AC,22,(7-22],,0,0,FUERA DE LINEA,2026-09-01T18:56:23+00:00,2026-09-01T15:41:21.450762+00:00,2026-09-01T18:56:23+00:00,2026-09-01T20:38:10+00:00,1
256,141,106,ESTACION DE SERVICIOS COPEC LAUTARO,Lautaro,La Araucanía,995200007,COPEC VOLTEX,Copec Voltex,CCS 2,DC,50,(22-50],,0,0,DISPONIBLE,2026-09-01T18:56:23+00:00,2026-09-01T15:41:21.450762+00:00,2026-09-01T18:56:23+00:00,2026-09-01T20:38:10+00:00,1
257,142,107,ESTACION DE SERVICIOS COPEC COQUIMBO SALIDA SUR,Coquimbo,Coquimbo,995200007,COPEC VOLTEX,Copec Voltex,CHAdeMO,DC,50,(22-50],,0,0,DISPONIBLE,2026-09-01T18:56:23+00:00,2026-09-01T03:11:56.494204+00:00,2026-09-01T18:56:23+00:00,2026-09-01T20:38:10+00:00,1
258,142,107,ESTACION DE SERVICIOS COPEC COQUIMBO SALIDA SUR,Coquimbo,Coquimbo,995200007,COPEC VOLTEX,Copec Voltex,Tipo 2,AC,22,(7-22],,0,0,DISPONIBLE,2026-09-01T18:56:23+00:00,2026-09-01T03:11:56.494204+00:00,2026-09-01T18:56:23+00:00,2026-09-01T20:38:10+00:00,1
259,142,107,ESTACION DE SERVICIOS COPEC COQUIMBO SALIDA SUR,Coquimbo,Coquimbo,995200007,COPEC VOLTEX,Copec Voltex,CCS 2,DC,50,(22-50],,0,0,DISPONIBLE,2026-09-01T18:56:23+00:00,2026-09-01T03:11:56.494204+00:00,2026-09-01T18:56:23+00:00,2026-09-01T20:38:10+00:00,1
260,143,108,"Copec Ruta 5 Sur km 614,5.  Victoria",Victoria,La Araucanía,995200007,COPEC VOLTEX,Copec Voltex,Tipo 2,AC,22,(7-22],ELECTROLINERA,0,0,NO DISPONIBLE,2026-09-01T18:56:23+00:00,2026-03-27T15:04:56.675646+00:00,2026-09-01T18:56:23+00:00,2026-09-01T20:38:10+00:00,1
261,143,108,"Copec Ruta 5 Sur km 614,5.  Victoria",Victoria,La Araucanía,995200007,COPEC VOLTEX,Copec Voltex,CCS 2,DC,50,(22-50],ELECTROLINERA,0,0,NO DISPONIBLE,2026-09-01T18:56:23+00:00,2026-03-27T15:04:56.675646+00:00,2026-09-01T18:56:23+00:00,2026-09-01T20:38:10+00:00,1
262,143,108,"Copec Ruta 5 Sur km 614,5.  Victoria",Victoria,La Araucanía,995200007,COPEC VOLTEX,Copec Voltex,CHAdeMO,DC,50,(22-50],ELECTROLINERA,0,0,NO DISPONIBLE,2026-09-01T18:56:23+00:00,2026-03-27T15:04:56.675646+00:00,2026-09-01T18:56:23+00:00,2026-09-01T20:38:10+00:00,1
263,144,109,Copec Temuco,Temuco,La Araucanía,995200007,COPEC VOLTEX,Copec Voltex,Tipo 2,AC,22,(7-22],,0,0,NO DISPONIBLE,2026-09-01T18:56:23+00:00,2026-04-20T19:57:07.780644+00:00,2026-09-01T18:56:23+00:00,2026-09-01T20:38:10+00:00,1
264,144,109,Copec Temuco,Temuco,La Araucanía,995200007,COPEC VOLTEX,Copec Voltex,CHAdeMO,DC,50,(22-50],,0,0,NO DISPONIBLE,2026-09-01T18:56:23+00:00,2026-04-20T19:57:07.780644+00:00,2026-09-01T18:56:23+00:00,2026-09-01T20:38:10+00:00,1
265,144,109,Copec Temuco,Temuco,La Araucanía,995200007,COPEC VOLTEX,Copec Voltex,CCS 2,DC,50,(22-50],,0,0,NO DISPONIBLE,2026-09-01T18:56:23+00:00,2026-04-20T19:57:07.780644+00:00,2026-09-01T18:56:23+00:00,2026-09-01T20:38:10+00:00,1
266,145,110,COPEC Ruta 5 Sur km 484. Los Alamos,Los Alamos,Biobío,995200007,COPEC VOLTEX,Copec Voltex,Tipo 2,AC,22,(7-22],,0,0,FUERA DE LINEA,2026-09-01T18:56:23+00:00,2026-09-01T16:23:50.177615+00:00,2026-09-01T18:56:23+00:00,2026-09-01T20:38:10+00:00,1
267,145,110,COPEC Ruta 5 Sur km 484. Los Alamos,Los Alamos,Biobío,995200007,COPEC VOLTEX,Copec Voltex,CHAdeMO,DC,50,(22-50],,0,0,DISPONIBLE,2026-09-01T18:56:23+00:00,2026-09-01T16:23:50.177615+00:00,2026-09-01T18:56:23+00:00,2026-09-01T20:38:10+00:00,1
268,145,110,COPEC Ruta 5 Sur km 484. Los Alamos,Los Alamos,Biobío,995200007,COPEC VOLTEX,Copec Voltex,CCS 2,DC,50,(22-50],,0,0,DISPONIBLE,2026-09-01T18:56:23+00:00,2026-09-01T16:23:50.177615+00:00,2026-09-01T18:56:23+00:00,2026-09-01T20:38:10+00:00,1
269,146,111,"COPEC Los Vilos, km 225",Los Vilos,Coquimbo,995200007,COPEC VOLTEX,Copec Voltex,Tipo 2,AC,22,(7-22],,0,0,DISPONIBLE,2026-09-01T18:56:23+00:00,2026-09-01T19:00:03.408304+00:00,2026-09-01T18:56:23+00:00,2026-09-01T20:38:10+00:00,1
270,146,111,"COPEC Los Vilos, km 225",Los Vilos,Coquimbo,995200007,COPEC VOLTEX,Copec Voltex,CCS 2,DC,50,(22-50],,0,0,DISPONIBLE,2026-09-01T20:12:55+00:00,2026-09-01T19:00:03.408304+00:00,2026-09-01T18:56:23+00:00,2026-09-01T20:38:10+00:00,1
271,146,111,"COPEC Los Vilos, km 225",Los Vilos,Coquimbo,995200007,COPEC VOLTEX,Copec Voltex,CHAdeMO,DC,50,(22-50],,0,0,DISPONIBLE,2026-09-01T20:12:55+00:00,2026-09-01T19:00:03.408304+00:00,2026-09-01T18:56:23+00:00,2026-09-01T20:38:10+00:00,1
272,147,112,COPEC Parcela 20 Las Vegas de La Serena,La Serena,Coquimbo,995200007,COPEC VOLTEX,Copec Voltex,Tipo 2,AC,22,(7-22],,0,0,FUERA DE LINEA,2026-09-01T18:56:23+00:00,2026-09-01T20:32:50.535846+00:00,2026-09-01T18:56:23+00:00,2026-09-01T20:38:10+00:00,1
273,147,112,COPEC Parcela 20 Las Vegas de La Serena,La Serena,Coquimbo,995200007,COPEC VOLTEX,Copec Voltex,CHAdeMO,DC,50,(22-50],,0,0,DISPONIBLE,2026-09-01T20:38:10+00:00,2026-09-01T20:32:50.535846+00:00,2026-09-01T18:56:23+00:00,2026-09-01T20:38:10+00:00,1
274,147,112,COPEC Parcela 20 Las Vegas de La Serena,La Serena,Coquimbo,995200007,COPEC VOLTEX,Copec Voltex,CCS 2,DC,50,(22-50],,0,0,DISPONIBLE,2026-09-01T20:38:10+00:00,2026-09-01T20:32:50.535846+00:00,2026-09-01T18:56:23+00:00,2026-09-01T20:38:10+00:00,1
275,148,113,"COPEC Ruta 5 Norte  km 370 -Socos, Ovalle",Ovalle,Coquimbo,995200007,COPEC VOLTEX,Copec Voltex,Tipo 2,AC,22,(7-22],,0,0,FUERA DE LINEA,2026-09-01T18:56:23+00:00,2026-09-01T15:48:42.735397+00:00,2026-09-01T18:56:23+00:00,2026-09-01T20:38:10+00:00,1
276,148,113,"COPEC Ruta 5 Norte  km 370 -Socos, Ovalle",Ovalle,Coquimbo,995200007,COPEC VOLTEX,Copec Voltex,CCS 2,DC,50,(22-50],,0,0,DISPONIBLE,2026-09-01T18:56:23+00:00,2026-09-01T15:48:42.735397+00:00,2026-09-01T18:56:23+00:00,2026-09-01T20:38:10+00:00,1
277,148,113,"COPEC Ruta 5 Norte  km 370 -Socos, Ovalle",Ovalle,Coquimbo,995200007,COPEC VOLTEX,Copec Voltex,CHAdeMO,DC,50,(22-50],,0,0,DISPONIBLE,2026-09-01T18:56:23+00:00,2026-09-01T15:48:42.735397+00:00,2026-09-01T18:56:23+00:00,2026-09-01T20:38:10+00:00,1
278,149,114,COPEC Ruta 5 Norte km 205. Palo Colorado Oriente,Los Vilos,Coquimbo,995200007,COPEC VOLTEX,Copec Voltex,Tipo 2,AC,22,(7-22],,0,0,FUERA DE LINEA,2026-09-01T18:56:23+00:00,2026-08-30T19:41:52.634797+00:00,2026-09-01T18:56:23+00:00,2026-09-01T20:38:10+00:00,1
279,149,114,COPEC Ruta 5 Norte km 205. Palo Colorado Oriente,Los Vilos,Coquimbo,995200007,COPEC VOLTEX,Copec Voltex,CCS 2,DC,50,(22-50],,0,0,DISPONIBLE,2026-09-01T18:56:23+00:00,2026-08-30T19:41:52.634797+00:00,2026-09-01T18:56:23+00:00,2026-09-01T20:38:10+00:00,1
280,149,114,COPEC Ruta 5 Norte km 205. Palo Colorado Oriente,Los Vilos,Coquimbo,995200007,COPEC VOLTEX,Copec Voltex,CHAdeMO,DC,50,(22-50],,0,0,DISPONIBLE,2026-09-01T18:56:23+00:00,2026-08-30T19:41:52.634797+00:00,2026-09-01T18:56:23+00:00,2026-09-01T20:38:10+00:00,1
281,150,115,Copec ruta 5 Norte km 205. Palo Colorado Poniente,Los Vilos,Coquimbo,995200007,COPEC VOLTEX,Copec Voltex,Tipo 2,AC,22,(7-22],,0,0,FUERA DE LINEA,2026-09-01T18:56:23+00:00,2026-09-01T20:27:42.465005+00:00,2026-09-01T18:56:23+00:00,2026-09-01T20:38:10+00:00,1
282,150,115,Copec ruta 5 Norte km 205. Palo Colorado Poniente,Los Vilos,Coquimbo,995200007,COPEC VOLTEX,Copec Voltex,CCS 2,DC,50,(22-50],,0,0,OCUPADO,2026-09-01T20:33:07+00:00,2026-09-01T20:27:42.465005+00:00,2026-09-01T18:56:23+00:00,2026-09-01T20:38:10+00:00,1
283,150,115,Copec ruta 5 Norte km 205. Palo Colorado Poniente,Los Vilos,Coquimbo,995200007,COPEC VOLTEX,Copec Voltex,CHAdeMO,DC,50,(22-50],,0,0,DISPONIBLE,2026-09-01T20:12:55+00:00,2026-09-01T20:27:42.465005+00:00,2026-09-01T18:56:23+00:00,2026-09-01T20:38:10+00:00,1
284,151,116,Proyecto Cargadores VE Hotel Torre Mayor 25,Providencia,Metropolitana,777415484,ENEL X,Enel,Tipo 2,AC,22,(7-22],,1,1,FUERA DE LINEA,2026-09-01T18:56:23+00:00,2026-04-08T21:35:57.359777+00:00,2026-09-01T18:56:23+00:00,2026-09-01T20:38:10+00:00,1
285,152,116,Proyecto Cargadores VE Hotel Torre Mayor 25,Providencia,Metropolitana,777415484,ENEL X,Enel,Tipo 2,AC,22,(7-22],,1,1,FUERA DE LINEA,2026-09-01T18:56:23+00:00,2026-04-08T21:35:57.359777+00:00,2026-09-01T18:56:23+00:00,2026-09-01T20:38:10+00:00,1
286,153,117,Proyecto CE Hotel Torremayor 322,Providencia,Metropolitana,777415484,ENEL X,Enel,Tipo 2,AC,22,(7-22],,1,1,FUERA DE LINEA,2026-09-01T18:56:23+00:00,2026-04-08T21:35:57.359777+00:00,2026-09-01T18:56:23+00:00,2026-09-01T20:38:10+00:00,1
287,154,117,Proyecto CE Hotel Torremayor 322,Providencia,Metropolitana,777415484,ENEL X,Enel,Tipo 2,AC,22,(7-22],,1,1,FUERA DE LINEA,2026-09-01T18:56:23+00:00,2026-04-08T21:35:57.359777+00:00,2026-09-01T18:56:23+00:00,2026-09-01T20:38:10+00:00,1
288,155,118,Proyecto CE Hotel Icon,Las Condes,Metropolitana,777415484,ENEL X,Enel,Tipo 2,AC,22,(7-22],,1,1,FUERA DE LINEA,2026-09-01T18:56:23+00:00,2026-04-08T21:35:57.359777+00:00,2026-09-01T18:56:23+00:00,2026-09-01T20:38:10+00:00,1
289,156,118,Proyecto CE Hotel Icon,Las Condes,Metropolitana,777415484,ENEL X,Enel,Tipo 2,AC,22,(7-22],,1,1,FUERA DE LINEA,2026-09-01T18:56:23+00:00,2026-04-08T21:35:57.359777+00:00,2026-09-01T18:56:23+00:00,2026-09-01T20:38:10+00:00,1
290,157,119,Proy. Instalación Cargadores Eléct. Hotel Eurotel,Providencia,Metropolitana,777415484,ENEL X,Enel,Tipo 2,AC,22,(7-22],,1,1,FUERA DE LINEA,2026-09-01T18:56:23+00:00,2026-04-08T21:35:57.359777+00:00,2026-09-01T18:56:23+00:00,2026-09-01T20:38:10+00:00,1
291,158,119,Proy. Instalación Cargadores Eléct. Hotel Eurotel,Providencia,Metropolitana,777415484,ENEL X,Enel,Tipo 2,AC,22,(7-22],,1,1,FUERA DE LINEA,2026-09-01T18:56:23+00:00,2026-04-08T21:35:57.359777+00:00,2026-09-01T18:56:23+00:00,2026-09-01T20:38:10+00:00,1
292,159,120,Proyecto Cargadores VE Hotel Ritz Carlton,Las Condes,Metropolitana,777415484,ENEL MOBILITY CHILE SPA,Enel,Tipo 2,AC,22,(7-22],,1,1,FUERA DE LINEA,2026-09-01T18:56:23+00:00,2026-06-08T15:59:20.035960+00:00,2026-09-01T18:56:23+00:00,2026-09-01T20:38:10+00:00,1
294,161,121,SABA Plaza de Armas 1,Santiago,Metropolitana,777415484,ENEL X,Enel,Tipo 1,AC,7,7,,1,1,FUERA DE LINEA,2026-09-01T18:56:23+00:00,2026-04-08T21:35:57.359777+00:00,2026-09-01T18:56:23+00:00,2026-09-01T20:38:10+00:00,1
295,162,121,SABA Plaza de Armas 1,Santiago,Metropolitana,777415484,ENEL X,Enel,Tipo 2,AC,7,7,,1,1,FUERA DE LINEA,2026-09-01T18:56:23+00:00,2026-04-08T21:35:57.359777+00:00,2026-09-01T18:56:23+00:00,2026-09-01T20:38:10+00:00,1
296,163,122,Inst. Cargador Globalvía Peaje Lampa Poniente,Lampa,Metropolitana,777415484,ENEL MOBILITY CHILE SPA,Enel,Tipo 2,AC,43,(22-50],,1,1,FUERA DE LINEA,2026-09-01T18:56:23+00:00,2026-06-08T15:39:41.949906+00:00,2026-09-01T18:56:23+00:00,2026-09-01T20:38:10+00:00,1
297,163,122,Inst. Cargador Globalvía Peaje Lampa Poniente,Lampa,Metropolitana,777415484,ENEL MOBILITY CHILE SPA,Enel,CHAdeMO,DC,50,(22-50],,1,1,FUERA DE LINEA,2026-09-01T18:56:23+00:00,2026-06-08T15:39:41.949906+00:00,2026-09-01T18:56:23+00:00,2026-09-01T20:38:10+00:00,1
298,163,122,Inst. Cargador Globalvía Peaje Lampa Poniente,Lampa,Metropolitana,777415484,ENEL MOBILITY CHILE SPA,Enel,CCS 2,DC,50,(22-50],,1,1,FUERA DE LINEA,2026-09-01T18:56:23+00:00,2026-06-08T15:39:41.949906+00:00,2026-09-01T18:56:23+00:00,2026-09-01T20:38:10+00:00,1
299,164,123,Proyecto Cargadores VE Hotel Pettra,Lo Barnechea,Metropolitana,777415484,ENEL X,Enel,Tipo 2,AC,22,(7-22],,1,1,FUERA DE LINEA,2026-09-01T18:56:23+00:00,2026-04-08T21:35:57.359777+00:00,2026-09-01T18:56:23+00:00,2026-09-01T20:38:10+00:00,1
300,165,123,Proyecto Cargadores VE Hotel Pettra,Lo Barnechea,Metropolitana,777415484,ENEL X,Enel,Tipo 2,AC,22,(7-22],,1,1,FUERA DE LINEA,2026-09-01T18:56:23+00:00,2026-04-08T21:35:57.359777+00:00,2026-09-01T18:56:23+00:00,2026-09-01T20:38:10+00:00,1
301,166,124,Hotel Puyehue,Puyehue,Los Lagos,781925500,Hotel termas de Puyehue,Hotel termas de Puyehue,Tipo 1,AC,7.4,7,,1,1,FUERA DE LINEA,2026-09-01T18:56:23+00:00,2026-04-08T21:35:57.359777+00:00,2026-09-01T18:56:23+00:00,2026-09-01T20:38:10+00:00,1
302,167,124,Hotel Puyehue,Puyehue,Los Lagos,781925500,Hotel termas de Puyehue,Hotel termas de Puyehue,Tipo 1,AC,7.4,7,,1,1,FUERA DE LINEA,2026-09-01T18:56:23+00:00,2026-04-08T21:35:57.359777+00:00,2026-09-01T18:56:23+00:00,2026-09-01T20:38:10+00:00,1
303,168,125,CARGADORES ELECTRICOS MALL PLAZA COPIAPO,Copiapó,Atacama,768823308,Desarrollos e Inversiones Inte,Desarrollos e Inversiones Inte,Tipo 2,AC,7.4,7,,1,1,FUERA DE LINEA,2026-09-01T18:56:23+00:00,2026-04-08T21:35:57.359777+00:00,2026-09-01T18:56:23+00:00,2026-09-01T20:38:10+00:00,1
304,169,125,CARGADORES ELECTRICOS MALL PLAZA COPIAPO,Copiapó,Atacama,768823308,Desarrollos e Inversiones Inte,Desarrollos e Inversiones Inte,Tipo 2,AC,7.4,7,,1,1,FUERA DE LINEA,2026-09-01T18:56:23+00:00,2026-04-08T21:35:57.359777+00:00,2026-09-01T18:56:23+00:00,2026-09-01T20:38:10+00:00,1
305,170,126,Electrolineras Mall Trebol,Concepción,Biobío,995200007,COPEC VOLTEX,Copec Voltex,Tipo 2,AC,7.4,7,,0,0,DISPONIBLE,2026-09-01T18:56:23+00:00,2026-08-23T16:19:10.986414+00:00,2026-09-01T18:56:23+00:00,2026-09-01T20:38:10+00:00,1
306,171,126,Electrolineras Mall Trebol,Concepción,Biobío,995200007,COPEC VOLTEX,Copec Voltex,Tipo 2,AC,7.4,7,,0,0,DISPONIBLE,2026-09-01T18:56:23+00:00,2026-08-23T20:44:06.905975+00:00,2026-09-01T18:56:23+00:00,2026-09-01T20:38:10+00:00,1
307,172,126,Electrolineras Mall Trebol,Concepción,Biobío,995200007,COPEC VOLTEX,Copec Voltex,Tipo 2,AC,7.4,7,,0,0,FUERA DE LINEA,2026-09-01T18:56:23+00:00,2026-08-25T18:31:12.149159+00:00,2026-09-01T18:56:23+00:00,2026-09-01T20:38:10+00:00,1
308,173,126,Electrolineras Mall Trebol,Concepción,Biobío,995200007,COPEC VOLTEX,Copec Voltex,Tipo 2,AC,7.4,7,,0,0,FUERA DE LINEA,2026-09-01T18:56:23+00:00,2026-08-25T18:31:12.218828+00:00,2026-09-01T18:56:23+00:00,2026-09-01T20:38:10+00:00,1
309,174,127,Proyecto Cargadores VE Stripcenter Los Trapenses,Lo Barnechea,Metropolitana,777415484,ENEL MOBILITY CHILE SPA,Enel,Tipo 2,AC,22,(7-22],,1,1,FUERA DE LINEA,2026-09-01T18:56:23+00:00,2026-04-08T21:35:57.359777+00:00,2026-09-01T18:56:23+00:00,2026-09-01T20:38:10+00:00,1
310,174,127,Proyecto Cargadores VE Stripcenter Los Trapenses,Lo Barnechea,Metropolitana,777415484,ENEL MOBILITY CHILE SPA,Enel,Tipo 2,AC,22,(7-22],,1,1,FUERA DE LINEA,2026-09-01T18:56:23+00:00,2026-04-08T21:35:57.359777+00:00,2026-09-01T18:56:23+00:00,2026-09-01T20:38:10+00:00,1
311,175,128,Enex E-Pro Shell Concón,Concón,Valparaíso,920110002,Enerlink Chile SpA,Enerlink,Tipo 2,AC,43,(22-50],,0,0,OCUPADO,2026-09-01T20:23:01+00:00,2026-08-21T04:46:59.126515+00:00,2026-09-01T18:56:23+00:00,2026-09-01T20:38:10+00:00,1
312,175,128,Enex E-Pro Shell Concón,Concón,Valparaíso,920110002,Enerlink Chile SpA,Enerlink,CHAdeMO,DC,50,(22-50],,0,0,DISPONIBLE,2026-09-01T18:56:23+00:00,2026-08-21T04:46:59.126515+00:00,2026-09-01T18:56:23+00:00,2026-09-01T20:38:10+00:00,1
313,175,128,Enex E-Pro Shell Concón,Concón,Valparaíso,920110002,Enerlink Chile SpA,Enerlink,CCS 2,DC,50,(22-50],,0,0,DISPONIBLE,2026-09-01T20:28:04+00:00,2026-08-21T04:46:59.126515+00:00,2026-09-01T18:56:23+00:00,2026-09-01T20:38:10+00:00,1
314,176,129,COPEC VOLTEX -  MALL PLAZA CALAMA ,Calama,Antofagasta,995200007,COPEC VOLTEX,Copec Voltex,Tipo 2,AC,7.4,7,CENTRO COMERCIAL,0,0,NO DISPONIBLE,2026-09-01T18:56:23+00:00,2026-04-20T19:57:06.209052+00:00,2026-09-01T18:56:23+00:00,2026-09-01T20:38:10+00:00,1
315,177,129,COPEC VOLTEX -  MALL PLAZA CALAMA ,Calama,Antofagasta,995200007,COPEC VOLTEX,Copec Voltex,Tipo 2,AC,7.4,7,CENTRO COMERCIAL,0,1,NO DISPONIBLE,2026-09-01T18:56:23+00:00,2025-02-27T17:42:00.406429+00:00,2026-09-01T18:56:23+00:00,2026-09-01T20:38:10+00:00,1
316,178,130,Cargador Eléctrico General Korner ,El Bosque,Metropolitana,995200007,COPEC VOLTEX,Copec Voltex,Tipo 2,AC,22,(7-22],CALLE,0,0,DISPONIBLE,2026-09-01T18:56:23+00:00,2026-08-23T13:44:19.538129+00:00,2026-09-01T18:56:23+00:00,2026-09-01T20:38:10+00:00,1
317,178,130,Cargador Eléctrico General Korner ,El Bosque,Metropolitana,995200007,COPEC VOLTEX,Copec Voltex,Tipo 2,AC,22,(7-22],CALLE,0,0,DISPONIBLE,2026-09-01T18:56:23+00:00,2026-08-23T13:44:19.538129+00:00,2026-09-01T18:56:23+00:00,2026-09-01T20:38:10+00:00,1
318,179,131,Mc Donalds Kennedy,Las Condes,Metropolitana,777415484,ENEL X,Enel,Tipo 2,AC,7,7,OTRO,0,0,FUERA DE LINEA,2026-09-01T18:56:23+00:00,2026-09-01T20:28:48.311957+00:00,2026-09-01T18:56:23+00:00,2026-09-01T20:38:10+00:00,1
319,179,131,Mc Donalds Kennedy,Las Condes,Metropolitana,777415484,ENEL X,Enel,Tipo 2,AC,7,7,OTRO,0,0,FUERA DE LINEA,2026-09-01T18:56:23+00:00,2026-09-01T20:28:48.311957+00:00,2026-09-01T18:56:23+00:00,2026-09-01T20:38:10+00:00,1
320,180,132,Enex E-Pro Shell Maipo Poniente,San Bernardo,Metropolitana,920110002,Enerlink Chile SpA,Enerlink,Tipo 2,AC,43,(22-50],,0,0,DISPONIBLE,2026-09-01T18:56:23+00:00,2026-08-31T05:10:18.004765+00:00,2026-09-01T18:56:23+00:00,2026-09-01T20:38:10+00:00,1
321,180,132,Enex E-Pro Shell Maipo Poniente,San Bernardo,Metropolitana,920110002,Enerlink Chile SpA,Enerlink,CHAdeMO,DC,50,(22-50],,0,0,DISPONIBLE,2026-09-01T18:56:23+00:00,2026-08-31T05:10:18.004765+00:00,2026-09-01T18:56:23+00:00,2026-09-01T20:38:10+00:00,1
322,180,132,Enex E-Pro Shell Maipo Poniente,San Bernardo,Metropolitana,920110002,Enerlink Chile SpA,Enerlink,CCS 2,DC,50,(22-50],,0,0,DISPONIBLE,2026-09-01T18:56:23+00:00,2026-08-31T05:10:18.004765+00:00,2026-09-01T18:56:23+00:00,2026-09-01T20:38:10+00:00,1
323,181,133,Cargador Electrico Javiera,El Bosque,Metropolitana,995200007,COPEC VOLTEX,Copec Voltex,Tipo 2,AC,22,(7-22],CALLE,0,0,DISPONIBLE,2026-09-01T18:56:23+00:00,2026-08-24T08:46:25.418164+00:00,2026-09-01T18:56:23+00:00,2026-09-01T20:38:10+00:00,1
324,181,133,Cargador Electrico Javiera,El Bosque,Metropolitana,995200007,COPEC VOLTEX,Copec Voltex,Tipo 2,AC,22,(7-22],CALLE,0,0,DISPONIBLE,2026-09-01T18:56:23+00:00,2026-08-24T08:46:25.418164+00:00,2026-09-01T18:56:23+00:00,2026-09-01T20:38:10+00:00,1
325,182,134,Cargador Eléctrico Avenida Costanera Ferrea,Quilicura,Metropolitana,995200007,COPEC VOLTEX,Copec Voltex,Tipo 2,AC,22,(7-22],CALLE,0,0,DISPONIBLE,2026-09-01T18:56:23+00:00,2026-09-01T13:47:40.233058+00:00,2026-09-01T18:56:23+00:00,2026-09-01T20:38:10+00:00,1
326,182,134,Cargador Eléctrico Avenida Costanera Ferrea,Quilicura,Metropolitana,995200007,COPEC VOLTEX,Copec Voltex,Tipo 2,AC,22,(7-22],CALLE,0,0,DISPONIBLE,2026-09-01T18:56:23+00:00,2026-09-01T13:47:40.233058+00:00,2026-09-01T18:56:23+00:00,2026-09-01T20:38:10+00:00,1
327,183,135,Autoplanet Lo Barnechea,Lo Barnechea,Metropolitana,777415484,ENEL X,Enel,Tipo 2,AC,7.4,7,CENTRO COMERCIAL,0,0,DISPONIBLE,2026-09-01T18:56:23+00:00,2026-09-01T04:09:39.142694+00:00,2026-09-01T18:56:23+00:00,2026-09-01T20:38:10+00:00,1
328,184,136,Cargador Eléctrico Plaza Recsa,Quilicura,Metropolitana,651250129,Corporacion Desarrollo RM,Corporacion Desarrollo RM,Tipo 2,AC,21.78,(7-22],,1,1,FUERA DE LINEA,2026-09-01T18:56:23+00:00,2026-04-08T21:35:57.359777+00:00,2026-09-01T18:56:23+00:00,2026-09-01T20:38:10+00:00,1
329,184,136,Cargador Eléctrico Plaza Recsa,Quilicura,Metropolitana,651250129,Corporacion Desarrollo RM,Corporacion Desarrollo RM,Tipo 2,AC,21.78,(7-22],,1,1,FUERA DE LINEA,2026-09-01T18:56:23+00:00,2026-04-08T21:35:57.359777+00:00,2026-09-01T18:56:23+00:00,2026-09-01T20:38:10+00:00,1
330,185,137,Cargador Eléctrico Calle San Ignacio,Quilicura,Metropolitana,651250129,Corporacion Desarrollo RM,Corporacion Desarrollo RM,Tipo 2,AC,21.78,(7-22],,0,0,FUERA DE LINEA,2026-09-01T18:56:23+00:00,2026-04-08T21:35:57.359777+00:00,2026-09-01T18:56:23+00:00,2026-09-01T20:38:10+00:00,1
331,185,137,Cargador Eléctrico Calle San Ignacio,Quilicura,Metropolitana,651250129,Corporacion Desarrollo RM,Corporacion Desarrollo RM,Tipo 2,AC,21.78,(7-22],,0,0,FUERA DE LINEA,2026-09-01T18:56:23+00:00,2026-04-08T21:35:57.359777+00:00,2026-09-01T18:56:23+00:00,2026-09-01T20:38:10+00:00,1
332,186,138,Cargador Eléctrico Alhue,Alhué,Metropolitana,995200007,COPEC VOLTEX,Copec Voltex,Tipo 2,AC,22,(7-22],CALLE,0,0,DISPONIBLE,2026-09-01T18:56:23+00:00,2026-08-31T00:34:27.433744+00:00,2026-09-01T18:56:23+00:00,2026-09-01T20:38:10+00:00,1
333,186,138,Cargador Eléctrico Alhue,Alhué,Metropolitana,995200007,COPEC VOLTEX,Copec Voltex,Tipo 2,AC,22,(7-22],CALLE,0,0,DISPONIBLE,2026-09-01T18:56:23+00:00,2026-08-31T00:34:27.433744+00:00,2026-09-01T18:56:23+00:00,2026-09-01T20:38:10+00:00,1
334,187,139,COPEC VOLTEX - MALL PLAZA TOBALABA,Puente Alto,Metropolitana,995200007,COPEC VOLTEX,Copec Voltex,Tipo 2,AC,7.4,7,CENTRO COMERCIAL,0,0,DISPONIBLE,2026-09-01T18:56:23+00:00,2026-08-29T19:17:22.690713+00:00,2026-09-01T18:56:23+00:00,2026-09-01T20:38:10+00:00,1
335,188,139,COPEC VOLTEX - MALL PLAZA TOBALABA,Puente Alto,Metropolitana,995200007,COPEC VOLTEX,Copec Voltex,Tipo 2,AC,7.4,7,CENTRO COMERCIAL,0,0,NO DISPONIBLE,2026-09-01T18:56:23+00:00,2026-04-20T19:57:04.957330+00:00,2026-09-01T18:56:23+00:00,2026-09-01T20:38:10+00:00,1
336,189,140,Cargador Eléctrico San Jose de Maipo,San José de Maipo,Metropolitana,995200007,COPEC VOLTEX,Copec Voltex,Tipo 2,AC,22,(7-22],,0,0,FUERA DE LINEA,2026-09-01T18:56:23+00:00,2026-08-18T23:46:12.194372+00:00,2026-09-01T18:56:23+00:00,2026-09-01T20:38:10+00:00,1
337,189,140,Cargador Eléctrico San Jose de Maipo,San José de Maipo,Metropolitana,995200007,COPEC VOLTEX,Copec Voltex,Tipo 2,AC,22,(7-22],,0,0,FUERA DE LINEA,2026-09-01T18:56:23+00:00,2026-08-18T23:46:12.194372+00:00,2026-09-01T18:56:23+00:00,2026-09-01T20:38:10+00:00,1
338,190,141,Cargador Eléctrico Aviador ,Quinta Normal,Metropolitana,995200007,COPEC VOLTEX,Copec Voltex,Tipo 2,AC,22,(7-22],,0,0,FUERA DE LINEA,2026-09-01T18:56:23+00:00,2026-07-08T18:37:32.176305+00:00,2026-09-01T18:56:23+00:00,2026-09-01T20:38:10+00:00,1
339,190,141,Cargador Eléctrico Aviador ,Quinta Normal,Metropolitana,995200007,COPEC VOLTEX,Copec Voltex,Tipo 2,AC,22,(7-22],,0,0,DISPONIBLE,2026-09-01T18:56:23+00:00,2026-07-08T18:37:32.176305+00:00,2026-09-01T18:56:23+00:00,2026-09-01T20:38:10+00:00,1
340,191,142,Cargador Eléctrico Radal,Quinta Normal,Metropolitana,995200007,COPEC VOLTEX,Copec Voltex,Tipo 2,AC,22,(7-22],CALLE,0,0,DISPONIBLE,2026-09-01T18:56:23+00:00,2026-08-24T17:33:38.698398+00:00,2026-09-01T18:56:23+00:00,2026-09-01T20:38:10+00:00,1
341,191,142,Cargador Eléctrico Radal,Quinta Normal,Metropolitana,995200007,COPEC VOLTEX,Copec Voltex,Tipo 2,AC,22,(7-22],CALLE,0,0,DISPONIBLE,2026-09-01T18:56:23+00:00,2026-08-24T17:33:38.698398+00:00,2026-09-01T18:56:23+00:00,2026-09-01T20:38:10+00:00,1
342,192,143,COPEC VOLTEX - MALL PLAZA ARICA,Arica,Arica y Parinacota,995200007,COPEC VOLTEX,Copec Voltex,Tipo 2,AC,7.4,7,CENTRO COMERCIAL,0,0,NO DISPONIBLE,2026-09-01T18:56:23+00:00,2026-02-27T19:56:58.024808+00:00,2026-09-01T18:56:23+00:00,2026-09-01T20:38:10+00:00,1
343,193,143,COPEC VOLTEX - MALL PLAZA ARICA,Arica,Arica y Parinacota,995200007,COPEC VOLTEX,Copec Voltex,Tipo 2,AC,7.4,7,CENTRO COMERCIAL,0,1,NO DISPONIBLE,2026-09-01T18:56:23+00:00,2025-02-27T17:44:09.209394+00:00,2026-09-01T18:56:23+00:00,2026-09-01T20:38:10+00:00,1
344,194,144,Electrolinera Arica ,Arica,Arica y Parinacota,764113217,COMPAÑIA GENERAL DE ELECTRICIDAD S.A.,COMPAÑIA GENERAL DE ELECTRICIDAD S.A.,Tipo 2,AC,22,(7-22],,1,1,FUERA DE LINEA,2026-09-01T18:56:23+00:00,2026-04-08T21:35:57.359777+00:00,2026-09-01T18:56:23+00:00,2026-09-01T20:38:10+00:00,1
345,194,144,Electrolinera Arica ,Arica,Arica y Parinacota,764113217,COMPAÑIA GENERAL DE ELECTRICIDAD S.A.,COMPAÑIA GENERAL DE ELECTRICIDAD S.A.,Tipo 2,AC,22,(7-22],,1,1,FUERA DE LINEA,2026-09-01T18:56:23+00:00,2026-04-08T21:35:57.359777+00:00,2026-09-01T18:56:23+00:00,2026-09-01T20:38:10+00:00,1
346,195,145,Williams Rebolledo,Curacaví,Metropolitana,995200007,COPEC VOLTEX,Copec Voltex,Tipo 2,AC,22,(7-22],PLAZA,0,0,DISPONIBLE,2026-09-01T20:12:55+00:00,2026-09-01T19:05:13.761279+00:00,2026-09-01T18:56:23+00:00,2026-09-01T20:38:10+00:00,1
347,195,145,Williams Rebolledo,Curacaví,Metropolitana,995200007,COPEC VOLTEX,Copec Voltex,Tipo 2,AC,22,(7-22],PLAZA,0,0,DISPONIBLE,2026-09-01T20:12:55+00:00,2026-09-01T19:05:13.761279+00:00,2026-09-01T18:56:23+00:00,2026-09-01T20:38:10+00:00,1
348,196,146,"Ambrosio O""Higgins",Curacaví,Metropolitana,995200007,COPEC VOLTEX,Copec Voltex,Tipo 2,AC,22,(7-22],CALLE,0,0,FUERA DE LINEA,2026-09-01T18:56:23+00:00,2026-08-05T17:46:09.480044+00:00,2026-09-01T18:56:23+00:00,2026-09-01T20:38:10+00:00,1
349,196,146,"Ambrosio O""Higgins",Curacaví,Metropolitana,995200007,COPEC VOLTEX,Copec Voltex,Tipo 2,AC,22,(7-22],CALLE,0,0,FUERA DE LINEA,2026-09-01T18:56:23+00:00,2026-08-05T17:46:09.480044+00:00,2026-09-01T18:56:23+00:00,2026-09-01T20:38:10+00:00,1
350,197,147,San Pedro,San Pedro,Metropolitana,995200007,COPEC VOLTEX,Copec Voltex,Tipo 2,AC,22,(7-22],CALLE,0,0,DISPONIBLE,2026-09-01T18:56:23+00:00,2026-08-30T19:38:34.702097+00:00,2026-09-01T18:56:23+00:00,2026-09-01T20:38:10+00:00,1
351,197,147,San Pedro,San Pedro,Metropolitana,995200007,COPEC VOLTEX,Copec Voltex,Tipo 2,AC,22,(7-22],CALLE,0,0,DISPONIBLE,2026-09-01T18:56:23+00:00,2026-08-30T19:38:34.702097+00:00,2026-09-01T18:56:23+00:00,2026-09-01T20:38:10+00:00,1
352,198,148,UAI Viña Del Mar,Vina del Mar,Valparaíso,777415484,ENEL X,Enel,Tipo 2,AC,7,7,,1,1,FUERA DE LINEA,2026-09-01T18:56:23+00:00,2026-04-08T21:35:57.359777+00:00,2026-09-01T18:56:23+00:00,2026-09-01T20:38:10+00:00,1
353,198,148,UAI Viña Del Mar,Vina del Mar,Valparaíso,777415484,ENEL X,Enel,Tipo 2,AC,7,7,,1,1,FUERA DE LINEA,2026-09-01T18:56:23+00:00,2026-04-08T21:35:57.359777+00:00,2026-09-01T18:56:23+00:00,2026-09-01T20:38:10+00:00,1
354,199,149,Luz Del Norte,Copiapó,Atacama,763194779,Parque Solar Fotovoltaico Luz ,Parque Solar Fotovoltaico Luz ,Tipo 2,AC,22,(7-22],,0,0,FUERA DE LINEA,2026-09-01T18:56:23+00:00,2026-04-08T21:35:57.359777+00:00,2026-09-01T18:56:23+00:00,2026-09-01T20:38:10+00:00,1
355,199,149,Luz Del Norte,Copiapó,Atacama,763194779,Parque Solar Fotovoltaico Luz ,Parque Solar Fotovoltaico Luz ,Tipo 2,AC,22,(7-22],,0,0,FUERA DE LINEA,2026-09-01T18:56:23+00:00,2026-04-08T21:35:57.359777+00:00,2026-09-01T18:56:23+00:00,2026-09-01T20:38:10+00:00,1
356,200,150,ESTACIÓN DE CARGA PARA VEHÍCULOS PLAZA ALAMEDA,Estación Central,Metropolitana,995200007,COPEC VOLTEX,Copec Voltex,Tipo 2,AC,7.4,7,CENTRO COMERCIAL,0,0,DISPONIBLE,2026-09-01T18:56:23+00:00,2026-08-31T13:09:26.843352+00:00,2026-09-01T18:56:23+00:00,2026-09-01T20:38:10+00:00,1
357,201,150,ESTACIÓN DE CARGA PARA VEHÍCULOS PLAZA ALAMEDA,Estación Central,Metropolitana,995200007,COPEC VOLTEX,Copec Voltex,Tipo 2,AC,7.4,7,CENTRO COMERCIAL,0,1,NO DISPONIBLE,2026-09-01T18:56:23+00:00,2025-02-27T17:45:01.925391+00:00,2026-09-01T18:56:23+00:00,2026-09-01T20:38:10+00:00,1
358,202,151,Proyecto Paillaco cargadores SAESA,Paillaco,De los Ríos,760731625,Sociedad Austral de Electricidad S.A,Saesa,Tipo 2,AC,22,(7-22],,1,1,FUERA DE LINEA,2026-09-01T18:56:23+00:00,2026-04-22T20:39:59.866474+00:00,2026-09-01T18:56:23+00:00,2026-09-01T20:38:10+00:00,1
359,202,151,Proyecto Paillaco cargadores SAESA,Paillaco,De los Ríos,760731625,Sociedad Austral de Electricidad S.A,Saesa,Tipo 2,AC,22,(7-22],,1,1,FUERA DE LINEA,2026-09-01T18:56:23+00:00,2026-04-22T20:39:59.866474+00:00,2026-09-01T18:56:23+00:00,2026-09-01T20:38:10+00:00,1
360,203,152,Cargador Urbano Santelices,Isla de Maipo,Metropolitana,995200007,COPEC VOLTEX,Copec Voltex,Tipo 2,AC,22,(7-22],,0,0,DISPONIBLE,2026-09-01T18:56:23+00:00,2026-09-01T13:31:23.532431+00:00,2026-09-01T18:56:23+00:00,2026-09-01T20:38:10+00:00,1
361,203,152,Cargador Urbano Santelices,Isla de Maipo,Metropolitana,995200007,COPEC VOLTEX,Copec Voltex,Tipo 2,AC,22,(7-22],,0,0,DISPONIBLE,2026-09-01T18:56:23+00:00,2026-09-01T13:31:23.532431+00:00,2026-09-01T18:56:23+00:00,2026-09-01T20:38:10+00:00,1
362,204,153,Autoplanet Las Condes,Las Condes,Metropolitana,777415484,ENEL X,Enel,Tipo 2,AC,7.4,7,HOTEL,0,0,DISPONIBLE,2026-09-01T18:56:23+00:00,2026-09-01T04:09:23.679231+00:00,2026-09-01T18:56:23+00:00,2026-09-01T20:38:10+00:00,1
363,205,153,Autoplanet Las Condes,Las Condes,Metropolitana,777415484,ENEL X,Enel,Tipo 2,AC,7.4,7,HOTEL,0,0,DISPONIBLE,2026-09-01T20:38:10+00:00,2026-09-01T20:37:02.589343+00:00,2026-09-01T18:56:23+00:00,2026-09-01T20:38:10+00:00,1
364,206,154,Autoplanet Lo Barnechea 2do,Lo Barnechea,Metropolitana,777415484,ENEL X,Enel,Tipo 2,AC,7.4,7,CENTRO COMERCIAL,0,0,OCUPADO,2026-09-01T18:56:23+00:00,2026-09-01T15:26:35.116480+00:00,2026-09-01T18:56:23+00:00,2026-09-01T20:38:10+00:00,1
365,207,155,COPEC SAN EUGENIO - ÑUÑOA,Nunoa,Metropolitana,995200007,COPEC VOLTEX,Copec Voltex,Tipo 2,AC,11,(7-22],,1,1,NO DISPONIBLE,2026-09-01T18:56:23+00:00,2025-09-24T11:52:07.648466+00:00,2026-09-01T18:56:23+00:00,2026-09-01T20:38:10+00:00,1
366,207,155,COPEC SAN EUGENIO - ÑUÑOA,Nunoa,Metropolitana,995200007,COPEC VOLTEX,Copec Voltex,Tipo 2,AC,11,(7-22],,1,1,NO DISPONIBLE,2026-09-01T18:56:23+00:00,2025-09-24T11:52:07.648466+00:00,2026-09-01T18:56:23+00:00,2026-09-01T20:38:10+00:00,1
367,208,156,COPEC VOLTEX - EDS 60830 - CAMILO HENRIQUEZ,Puente Alto,Metropolitana,995200007,COPEC VOLTEX,Copec Voltex,Tipo 2,AC,22,(7-22],,0,0,DISPONIBLE,2026-09-01T18:56:23+00:00,2026-08-30T23:09:00.054655+00:00,2026-09-01T18:56:23+00:00,2026-09-01T20:38:10+00:00,1
368,208,156,COPEC VOLTEX - EDS 60830 - CAMILO HENRIQUEZ,Puente Alto,Metropolitana,995200007,COPEC VOLTEX,Copec Voltex,Tipo 2,AC,22,(7-22],,0,0,DISPONIBLE,2026-09-01T18:56:23+00:00,2026-08-30T23:09:00.054655+00:00,2026-09-01T18:56:23+00:00,2026-09-01T20:38:10+00:00,1
373,211,159,COPEC PEDRO FONTOVA - HUECHURABA,Huechuraba,Metropolitana,995200007,COPEC VOLTEX,Copec Voltex,Tipo 2,AC,22,(7-22],,0,0,NO DISPONIBLE,2026-09-01T18:56:23+00:00,2026-04-02T00:36:00.301888+00:00,2026-09-01T18:56:23+00:00,2026-09-01T20:38:10+00:00,1
374,211,159,COPEC PEDRO FONTOVA - HUECHURABA,Huechuraba,Metropolitana,995200007,COPEC VOLTEX,Copec Voltex,Tipo 2,AC,22,(7-22],,0,0,NO DISPONIBLE,2026-09-01T18:56:23+00:00,2026-04-02T00:36:00.301888+00:00,2026-09-01T18:56:23+00:00,2026-09-01T20:38:10+00:00,1
375,212,160,COPEC CHAMISERO - COLINA,Colina,Metropolitana,995200007,COPEC VOLTEX,Copec Voltex,Tipo 2,AC,22,(7-22],,0,0,DISPONIBLE,2026-09-01T18:56:23+00:00,2026-09-01T19:57:23.403680+00:00,2026-09-01T18:56:23+00:00,2026-09-01T20:38:10+00:00,1
376,212,160,COPEC CHAMISERO - COLINA,Colina,Metropolitana,995200007,COPEC VOLTEX,Copec Voltex,Tipo 2,AC,22,(7-22],,0,0,DISPONIBLE,2026-09-01T18:56:23+00:00,2026-09-01T19:57:23.403680+00:00,2026-09-01T18:56:23+00:00,2026-09-01T20:38:10+00:00,1
377,213,161,Electrolinera Mall Plaza Los Angeles,Los Ángeles,Biobío,966536608,MALL PLAZA EL TREBOL S.A,MALL PLAZA EL TREBOL S.A,Tipo 2,AC,7.4,7,,0,0,FUERA DE LINEA,2026-09-01T18:56:23+00:00,2026-04-08T21:35:57.359777+00:00,2026-09-01T18:56:23+00:00,2026-09-01T20:38:10+00:00,1
378,214,161,Electrolinera Mall Plaza Los Angeles,Los Ángeles,Biobío,966536608,MALL PLAZA EL TREBOL S.A,MALL PLAZA EL TREBOL S.A,Tipo 2,AC,7.4,7,,0,0,FUERA DE LINEA,2026-09-01T18:56:23+00:00,2026-04-08T21:35:57.359777+00:00,2026-09-01T18:56:23+00:00,2026-09-01T20:38:10+00:00,1
379,215,162,PUYEHUE BNUP SAESA,Puyehue,Los Lagos,760731625,Sociedad Austral de Electricidad S.A,Saesa,Tipo 2,AC,22,(7-22],,1,1,FUERA DE LINEA,2026-09-01T18:56:23+00:00,2026-04-22T20:39:26.910781+00:00,2026-09-01T18:56:23+00:00,2026-09-01T20:38:10+00:00,1
380,215,162,PUYEHUE BNUP SAESA,Puyehue,Los Lagos,760731625,Sociedad Austral de Electricidad S.A,Saesa,Tipo 2,AC,22,(7-22],,1,1,FUERA DE LINEA,2026-09-01T18:56:23+00:00,2026-04-22T20:39:26.910781+00:00,2026-09-01T18:56:23+00:00,2026-09-01T20:38:10+00:00,1
381,216,163,Proyecto Loncoche cargadores SAESA,Loncoche,La Araucanía,760731625,Sociedad Austral de Electricidad S.A,Saesa,Tipo 2,AC,22,(7-22],,1,1,FUERA DE LINEA,2026-09-01T18:56:23+00:00,2026-04-22T20:38:52.162533+00:00,2026-09-01T18:56:23+00:00,2026-09-01T20:38:10+00:00,1
382,216,163,Proyecto Loncoche cargadores SAESA,Loncoche,La Araucanía,760731625,Sociedad Austral de Electricidad S.A,Saesa,Tipo 2,AC,22,(7-22],,1,1,FUERA DE LINEA,2026-09-01T18:56:23+00:00,2026-04-22T20:38:52.162533+00:00,2026-09-01T18:56:23+00:00,2026-09-01T20:38:10+00:00,1
383,217,164,CASTRO BNUP SAESA,Castro,Los Lagos,760731625,Sociedad Austral de Electricidad S.A,Saesa,Tipo 2,AC,22,(7-22],,1,1,FUERA DE LINEA,2026-09-01T18:56:23+00:00,2026-04-22T20:38:16.703102+00:00,2026-09-01T18:56:23+00:00,2026-09-01T20:38:10+00:00,1
384,217,164,CASTRO BNUP SAESA,Castro,Los Lagos,760731625,Sociedad Austral de Electricidad S.A,Saesa,Tipo 2,AC,22,(7-22],,1,1,FUERA DE LINEA,2026-09-01T18:56:23+00:00,2026-04-22T20:38:16.703102+00:00,2026-09-01T18:56:23+00:00,2026-09-01T20:38:10+00:00,1
385,218,165,Proyecto Ancud cargadores SAESA,Ancud,Los Lagos,760731625,Sociedad Austral de Electricidad S.A,Saesa,Tipo 2,AC,22,(7-22],,1,1,FUERA DE LINEA,2026-09-01T18:56:23+00:00,2026-04-22T20:37:39.175492+00:00,2026-09-01T18:56:23+00:00,2026-09-01T20:38:10+00:00,1
386,218,165,Proyecto Ancud cargadores SAESA,Ancud,Los Lagos,760731625,Sociedad Austral de Electricidad S.A,Saesa,Tipo 2,AC,22,(7-22],,1,1,FUERA DE LINEA,2026-09-01T18:56:23+00:00,2026-04-22T20:37:39.175492+00:00,2026-09-01T18:56:23+00:00,2026-09-01T20:38:10+00:00,1
387,219,166,Proyecto Aysen cargadores SAESA,Aysén,Aysén del General Carlos Ibáñez del Campo,760731625,Sociedad Austral de Electricidad S.A,Saesa,Tipo 2,AC,22,(7-22],,1,1,FUERA DE LINEA,2026-09-01T18:56:23+00:00,2026-04-22T20:36:29.496462+00:00,2026-09-01T18:56:23+00:00,2026-09-01T20:38:10+00:00,1
388,219,166,Proyecto Aysen cargadores SAESA,Aysén,Aysén del General Carlos Ibáñez del Campo,760731625,Sociedad Austral de Electricidad S.A,Saesa,Tipo 2,AC,22,(7-22],,1,1,FUERA DE LINEA,2026-09-01T18:56:23+00:00,2026-04-22T20:36:29.496462+00:00,2026-09-01T18:56:23+00:00,2026-09-01T20:38:10+00:00,1
389,220,167,Proyecto Panguipulli cargadores SAESA,Panguipulli,De los Ríos,760731625,Sociedad Austral de Electricidad S.A,Saesa,Tipo 2,AC,22,(7-22],,1,1,FUERA DE LINEA,2026-09-01T18:56:23+00:00,2026-04-22T20:35:43.352566+00:00,2026-09-01T18:56:23+00:00,2026-09-01T20:38:10+00:00,1
390,220,167,Proyecto Panguipulli cargadores SAESA,Panguipulli,De los Ríos,760731625,Sociedad Austral de Electricidad S.A,Saesa,Tipo 2,AC,22,(7-22],,1,1,FUERA DE LINEA,2026-09-01T18:56:23+00:00,2026-04-22T20:35:43.352566+00:00,2026-09-01T18:56:23+00:00,2026-09-01T20:38:10+00:00,1
391,221,168,Av. Los Pajaritos ,Maipú,Metropolitana,995200007,COPEC VOLTEX,Copec Voltex,Tipo 2,AC,22,(7-22],,0,0,DISPONIBLE,2026-09-01T18:56:23+00:00,2026-08-28T04:33:39.131093+00:00,2026-09-01T18:56:23+00:00,2026-09-01T20:38:10+00:00,1
392,221,168,Av. Los Pajaritos ,Maipú,Metropolitana,995200007,COPEC VOLTEX,Copec Voltex,Tipo 2,AC,22,(7-22],,0,0,DISPONIBLE,2026-09-01T18:56:23+00:00,2026-08-28T04:33:39.131093+00:00,2026-09-01T18:56:23+00:00,2026-09-01T20:38:10+00:00,1
393,222,169,Primera Transversal,Maipú,Metropolitana,995200007,COPEC VOLTEX,Copec Voltex,Tipo 2,AC,22,(7-22],CALLE,0,0,DISPONIBLE,2026-09-01T18:56:23+00:00,2026-08-31T22:05:10.986218+00:00,2026-09-01T18:56:23+00:00,2026-09-01T20:38:10+00:00,1
394,222,169,Primera Transversal,Maipú,Metropolitana,995200007,COPEC VOLTEX,Copec Voltex,Tipo 2,AC,22,(7-22],CALLE,0,0,DISPONIBLE,2026-09-01T18:56:23+00:00,2026-08-31T22:05:10.986218+00:00,2026-09-01T18:56:23+00:00,2026-09-01T20:38:10+00:00,1
395,223,170,Enex E-Pro Shell Teno,Teno,Maule,920110002,Enerlink Chile SpA,Enerlink,Tipo 2,AC,43,(22-50],,0,0,FUERA DE LINEA,2026-09-01T20:28:04+00:00,2026-09-01T20:24:59.763009+00:00,2026-09-01T18:56:23+00:00,2026-09-01T20:38:10+00:00,1
396,223,170,Enex E-Pro Shell Teno,Teno,Maule,920110002,Enerlink Chile SpA,Enerlink,CHAdeMO,DC,50,(22-50],,0,0,FUERA DE LINEA,2026-09-01T20:28:04+00:00,2026-09-01T20:24:59.763009+00:00,2026-09-01T18:56:23+00:00,2026-09-01T20:38:10+00:00,1
397,223,170,Enex E-Pro Shell Teno,Teno,Maule,920110002,Enerlink Chile SpA,Enerlink,CCS 2,DC,50,(22-50],,0,0,FUERA DE LINEA,2026-09-01T20:28:04+00:00,2026-09-01T20:24:59.763009+00:00,2026-09-01T18:56:23+00:00,2026-09-01T20:38:10+00:00,1
398,224,171,Lampa,Lampa,Metropolitana,995200007,COPEC VOLTEX,Copec Voltex,Tipo 2,AC,22,(7-22],,0,0,DISPONIBLE,2026-09-01T18:56:23+00:00,2026-08-29T22:41:32.793860+00:00,2026-09-01T18:56:23+00:00,2026-09-01T20:38:10+00:00,1
399,224,171,Lampa,Lampa,Metropolitana,995200007,COPEC VOLTEX,Copec Voltex,Tipo 2,AC,22,(7-22],,0,0,DISPONIBLE,2026-09-01T18:56:23+00:00,2026-08-29T22:41:32.793860+00:00,2026-09-01T18:56:23+00:00,2026-09-01T20:38:10+00:00,1
400,225,172,Paine,Paine,Metropolitana,995200007,COPEC VOLTEX,Copec Voltex,Tipo 2,AC,22,(7-22],CALLE,0,0,DISPONIBLE,2026-09-01T18:56:23+00:00,2026-08-30T21:10:12.618259+00:00,2026-09-01T18:56:23+00:00,2026-09-01T20:38:10+00:00,1
401,225,172,Paine,Paine,Metropolitana,995200007,COPEC VOLTEX,Copec Voltex,Tipo 2,AC,22,(7-22],CALLE,0,0,DISPONIBLE,2026-09-01T18:56:23+00:00,2026-08-30T21:10:12.618259+00:00,2026-09-01T18:56:23+00:00,2026-09-01T20:38:10+00:00,1
402,226,173,Maria Pinto,María Pinto,Metropolitana,995200007,COPEC VOLTEX,Copec Voltex,Tipo 2,AC,22,(7-22],CALLE,0,0,FUERA DE LINEA,2026-09-01T18:56:23+00:00,2026-08-28T04:26:10.081447+00:00,2026-09-01T18:56:23+00:00,2026-09-01T20:38:10+00:00,1
403,226,173,Maria Pinto,María Pinto,Metropolitana,995200007,COPEC VOLTEX,Copec Voltex,Tipo 2,AC,22,(7-22],CALLE,0,0,FUERA DE LINEA,2026-09-01T18:56:23+00:00,2026-08-28T04:26:10.081447+00:00,2026-09-01T18:56:23+00:00,2026-09-01T20:38:10+00:00,1
404,227,174,Los Platanos,Macul,Metropolitana,995200007,COPEC VOLTEX,Copec Voltex,Tipo 2,AC,22,(7-22],CALLE,0,0,OCUPADO,2026-09-01T18:56:23+00:00,2026-09-01T18:39:41.854287+00:00,2026-09-01T18:56:23+00:00,2026-09-01T20:38:10+00:00,1
405,227,174,Los Platanos,Macul,Metropolitana,995200007,COPEC VOLTEX,Copec Voltex,Tipo 2,AC,22,(7-22],CALLE,0,0,OCUPADO,2026-09-01T18:56:23+00:00,2026-09-01T18:39:41.854287+00:00,2026-09-01T18:56:23+00:00,2026-09-01T20:38:10+00:00,1
406,228,175,Av. Quilin,Macul,Metropolitana,995200007,COPEC VOLTEX,Copec Voltex,Tipo 2,AC,22,(7-22],CALLE,0,0,NO DISPONIBLE,2026-09-01T18:56:23+00:00,2026-04-20T19:57:03.086113+00:00,2026-09-01T18:56:23+00:00,2026-09-01T20:38:10+00:00,1
407,228,175,Av. Quilin,Macul,Metropolitana,995200007,COPEC VOLTEX,Copec Voltex,Tipo 2,AC,22,(7-22],CALLE,0,0,NO DISPONIBLE,2026-09-01T18:56:23+00:00,2026-04-20T19:57:03.086113+00:00,2026-09-01T18:56:23+00:00,2026-09-01T20:38:10+00:00,1
408,229,176,Cargador Eléctrico Plaza Juan Renz,Macul,Metropolitana,995200007,COPEC VOLTEX,Copec Voltex,Tipo 2,AC,22,(7-22],PLAZA,0,0,DISPONIBLE,2026-09-01T18:56:23+00:00,2026-08-31T19:00:42.380291+00:00,2026-09-01T18:56:23+00:00,2026-09-01T20:38:10+00:00,1
409,229,176,Cargador Eléctrico Plaza Juan Renz,Macul,Metropolitana,995200007,COPEC VOLTEX,Copec Voltex,Tipo 2,AC,22,(7-22],PLAZA,0,0,DISPONIBLE,2026-09-01T18:56:23+00:00,2026-08-31T19:00:42.380291+00:00,2026-09-01T18:56:23+00:00,2026-09-01T20:38:10+00:00,1
410,230,177,Cargador Av. Calera de tango,Calera de Tango,Metropolitana,995200007,COPEC VOLTEX,Copec Voltex,Tipo 2,AC,22,(7-22],,0,0,FUERA DE LINEA,2026-09-01T18:56:23+00:00,2026-04-07T18:08:13.570081+00:00,2026-09-01T18:56:23+00:00,2026-09-01T20:38:10+00:00,1
411,230,177,Cargador Av. Calera de tango,Calera de Tango,Metropolitana,995200007,COPEC VOLTEX,Copec Voltex,Tipo 2,AC,22,(7-22],,0,0,FUERA DE LINEA,2026-09-01T18:56:23+00:00,2026-04-07T18:08:13.570081+00:00,2026-09-01T18:56:23+00:00,2026-09-01T20:38:10+00:00,1
412,231,178,Mc Donalds Independencia,Independencia,Metropolitana,777415484,ENEL X,Enel,Tipo 2,AC,7.4,7,HOTEL,0,0,DISPONIBLE,2026-09-01T18:56:23+00:00,2026-09-01T04:07:43.473098+00:00,2026-09-01T18:56:23+00:00,2026-09-01T20:38:10+00:00,1
413,232,178,Mc Donalds Independencia,Independencia,Metropolitana,777415484,ENEL X,Enel,Tipo 2,AC,7.4,7,HOTEL,0,0,DISPONIBLE,2026-09-01T18:56:23+00:00,2026-09-01T02:08:16.629172+00:00,2026-09-01T18:56:23+00:00,2026-09-01T20:38:10+00:00,1
414,233,179,Mc Donalds Vicuña Mackenna,La Florida,Metropolitana,777415484,ENEL X,Enel,Tipo 2,AC,7.4,7,HOTEL,0,0,FUERA DE LINEA,2026-09-01T18:56:23+00:00,2026-09-01T04:07:43.019658+00:00,2026-09-01T18:56:23+00:00,2026-09-01T20:38:10+00:00,1
415,234,179,Mc Donalds Vicuña Mackenna,La Florida,Metropolitana,777415484,ENEL X,Enel,Tipo 2,AC,7.4,7,HOTEL,0,0,FUERA DE LINEA,2026-09-01T18:56:23+00:00,2026-09-01T04:09:28.565961+00:00,2026-09-01T18:56:23+00:00,2026-09-01T20:38:10+00:00,1
416,235,180,Oficina Chilquinta San Antonio,San Antonio,Valparaíso,968135201,CHILQUINTA,CHILQUINTA,Tipo 2,AC,22,(7-22],,1,1,NO DISPONIBLE,2026-09-01T18:56:23+00:00,2025-09-08T12:58:57.165012+00:00,2026-09-01T18:56:23+00:00,2026-09-01T20:38:10+00:00,1
417,236,181,Edificio Chilquinta Curauma,Valparaíso,Valparaíso,968135201,CHILQUINTA,CHILQUINTA,Tipo 2,AC,22,(7-22],,1,1,NO DISPONIBLE,2026-09-01T18:56:23+00:00,2025-09-08T12:58:35.971663+00:00,2026-09-01T18:56:23+00:00,2026-09-01T20:38:10+00:00,1
418,236,181,Edificio Chilquinta Curauma,Valparaíso,Valparaíso,968135201,CHILQUINTA,CHILQUINTA,Tipo 2,AC,22,(7-22],,1,1,NO DISPONIBLE,2026-09-01T18:56:23+00:00,2025-09-08T12:58:35.971663+00:00,2026-09-01T18:56:23+00:00,2026-09-01T20:38:10+00:00,1
419,237,181,Edificio Chilquinta Curauma,Valparaíso,Valparaíso,968135201,CHILQUINTA,CHILQUINTA,Tipo 2,AC,22,(7-22],,1,1,NO DISPONIBLE,2026-09-01T18:56:23+00:00,2025-09-08T12:58:35.997590+00:00,2026-09-01T18:56:23+00:00,2026-09-01T20:38:10+00:00,1
420,237,181,Edificio Chilquinta Curauma,Valparaíso,Valparaíso,968135201,CHILQUINTA,CHILQUINTA,Tipo 2,AC,22,(7-22],,1,1,NO DISPONIBLE,2026-09-01T18:56:23+00:00,2025-09-08T12:58:35.997590+00:00,2026-09-01T18:56:23+00:00,2026-09-01T20:38:10+00:00,1
421,238,182,Cargador Urbano Cerro Navia Rolando Petersen,Cerro Navia,Metropolitana,995200007,COPEC VOLTEX,Copec Voltex,Tipo 2,AC,22,(7-22],,1,1,NO DISPONIBLE,2026-09-01T18:56:23+00:00,2026-01-14T17:07:33.810642+00:00,2026-09-01T18:56:23+00:00,2026-09-01T20:38:10+00:00,1
422,238,182,Cargador Urbano Cerro Navia Rolando Petersen,Cerro Navia,Metropolitana,995200007,COPEC VOLTEX,Copec Voltex,Tipo 2,AC,22,(7-22],,1,1,NO DISPONIBLE,2026-09-01T18:56:23+00:00,2026-01-14T17:07:33.810642+00:00,2026-09-01T18:56:23+00:00,2026-09-01T20:38:10+00:00,1
423,239,183,PUNTO DE CARGA DOBLE EV-BOX MALL PLAZA SUR,San Bernardo,Metropolitana,768823308,Desarrollos e Inversiones Inte,Desarrollos e Inversiones Inte,Tipo 2,AC,7.4,7,,1,1,FUERA DE LINEA,2026-09-01T18:56:23+00:00,2026-04-08T21:35:57.359777+00:00,2026-09-01T18:56:23+00:00,2026-09-01T20:38:10+00:00,1
424,240,183,PUNTO DE CARGA DOBLE EV-BOX MALL PLAZA SUR,San Bernardo,Metropolitana,768823308,Desarrollos e Inversiones Inte,Desarrollos e Inversiones Inte,Tipo 2,AC,7.4,7,,1,1,FUERA DE LINEA,2026-09-01T18:56:23+00:00,2026-04-08T21:35:57.359777+00:00,2026-09-01T18:56:23+00:00,2026-09-01T20:38:10+00:00,1
425,241,184,Cargador Intervial Angostura,Paine,Metropolitana,968752308,RUTA DEL MAIPO SOC. CONCESIONA,RUTA DEL MAIPO SOC. CONCESIONA,Tipo 2,AC,43,(22-50],,1,1,FUERA DE LINEA,2026-09-01T18:56:23+00:00,2026-06-08T15:58:22.471343+00:00,2026-09-01T18:56:23+00:00,2026-09-01T20:38:10+00:00,1
426,241,184,Cargador Intervial Angostura,Paine,Metropolitana,968752308,RUTA DEL MAIPO SOC. CONCESIONA,RUTA DEL MAIPO SOC. CONCESIONA,CCS 2,DC,50,(22-50],,1,1,FUERA DE LINEA,2026-09-01T18:56:23+00:00,2026-06-08T15:58:22.471343+00:00,2026-09-01T18:56:23+00:00,2026-09-01T20:38:10+00:00,1
427,241,184,Cargador Intervial Angostura,Paine,Metropolitana,968752308,RUTA DEL MAIPO SOC. CONCESIONA,RUTA DEL MAIPO SOC. CONCESIONA,CHAdeMO,DC,50,(22-50],,1,1,FUERA DE LINEA,2026-09-01T18:56:23+00:00,2026-06-08T15:58:22.471343+00:00,2026-09-01T18:56:23+00:00,2026-09-01T20:38:10+00:00,1
428,242,185,Parking Saba Ricardo Lyon ,Providencia,Metropolitana,777415484,ENEL X,Enel,Tipo 2,AC,7,7,OTRO,0,0,DISPONIBLE,2026-09-01T18:56:23+00:00,2026-09-01T04:08:45.823044+00:00,2026-09-01T18:56:23+00:00,2026-09-01T20:38:10+00:00,1
429,243,185,Parking Saba Ricardo Lyon ,Providencia,Metropolitana,777415484,ENEL X,Enel,Tipo 2,AC,7,7,OTRO,0,0,DISPONIBLE,2026-09-01T18:56:23+00:00,2026-09-01T04:08:46.904869+00:00,2026-09-01T18:56:23+00:00,2026-09-01T20:38:10+00:00,1
430,244,185,Parking Saba Ricardo Lyon ,Providencia,Metropolitana,777415484,ENEL X,Enel,Tipo 2,AC,7,7,OTRO,0,0,OCUPADO,2026-09-01T18:56:23+00:00,2026-09-01T16:50:28.592983+00:00,2026-09-01T18:56:23+00:00,2026-09-01T20:38:10+00:00,1
431,245,186,Parking Saba Guardia Vieja,Providencia,Metropolitana,777415484,ENEL X,Enel,Tipo 2,AC,7,7,OTRO,0,0,DISPONIBLE,2026-09-01T18:56:23+00:00,2026-09-01T04:08:07.614519+00:00,2026-09-01T18:56:23+00:00,2026-09-01T20:38:10+00:00,1
432,246,186,Parking Saba Guardia Vieja,Providencia,Metropolitana,777415484,ENEL X,Enel,Tipo 2,AC,7,7,OTRO,0,0,DISPONIBLE,2026-09-01T18:56:23+00:00,2026-09-01T04:08:07.424080+00:00,2026-09-01T18:56:23+00:00,2026-09-01T20:38:10+00:00,1
433,247,186,Parking Saba Guardia Vieja,Providencia,Metropolitana,777415484,ENEL X,Enel,Tipo 2,AC,7,7,OTRO,0,0,DISPONIBLE,2026-09-01T18:56:23+00:00,2026-09-01T02:06:35.275733+00:00,2026-09-01T18:56:23+00:00,2026-09-01T20:38:10+00:00,1
434,248,187,Parking Saba Pedro de Valdivia ,Providencia,Metropolitana,777415484,ENEL X,Enel,Tipo 2,AC,7,7,OTRO,0,0,FUERA DE LINEA,2026-09-01T18:56:23+00:00,2026-09-01T03:59:24.102353+00:00,2026-09-01T18:56:23+00:00,2026-09-01T20:38:10+00:00,1
435,249,187,Parking Saba Pedro de Valdivia ,Providencia,Metropolitana,777415484,ENEL X,Enel,Tipo 2,AC,7,7,OTRO,0,0,DISPONIBLE,2026-09-01T18:56:23+00:00,2026-09-01T03:07:02.310332+00:00,2026-09-01T18:56:23+00:00,2026-09-01T20:38:10+00:00,1
436,250,187,Parking Saba Pedro de Valdivia ,Providencia,Metropolitana,777415484,ENEL X,Enel,Tipo 2,AC,7,7,OTRO,0,0,FUERA DE LINEA,2026-09-01T18:56:23+00:00,2026-09-01T03:59:22.947153+00:00,2026-09-01T18:56:23+00:00,2026-09-01T20:38:10+00:00,1
437,251,188,Parking Saba Marchant Pereira,Providencia,Metropolitana,777415484,ENEL X,Enel,Tipo 2,AC,7,7,OTRO,0,0,FUERA DE LINEA,2026-09-01T18:56:23+00:00,2026-09-01T04:08:55.225157+00:00,2026-09-01T18:56:23+00:00,2026-09-01T20:38:10+00:00,1
438,252,188,Parking Saba Marchant Pereira,Providencia,Metropolitana,777415484,ENEL X,Enel,Tipo 2,AC,7,7,OTRO,0,0,FUERA DE LINEA,2026-09-01T18:56:23+00:00,2026-09-01T02:07:04.153518+00:00,2026-09-01T18:56:23+00:00,2026-09-01T20:38:10+00:00,1
439,253,188,Parking Saba Marchant Pereira,Providencia,Metropolitana,777415484,ENEL X,Enel,Tipo 2,AC,7,7,OTRO,0,0,DISPONIBLE,2026-09-01T20:12:55+00:00,2026-09-01T19:11:50.961838+00:00,2026-09-01T18:56:23+00:00,2026-09-01T20:38:10+00:00,1
440,254,189,SAVE supermercado Lider Pie Andino,Lo Barnechea,Metropolitana,768348278,Enerlink Chile SpA,Enerlink,CCS 2,DC,22,(7-22],,0,0,FUERA DE LINEA,2026-09-01T18:56:23+00:00,2026-04-08T21:35:57.359777+00:00,2026-09-01T18:56:23+00:00,2026-09-01T20:38:10+00:00,1
441,254,189,SAVE supermercado Lider Pie Andino,Lo Barnechea,Metropolitana,768348278,Enerlink Chile SpA,Enerlink,CHAdeMO,DC,22,(7-22],,0,0,FUERA DE LINEA,2026-09-01T18:56:23+00:00,2026-04-08T21:35:57.359777+00:00,2026-09-01T18:56:23+00:00,2026-09-01T20:38:10+00:00,1
442,255,190,Saba Plaza Mekis,Santiago,Metropolitana,777415484,ENEL X,Enel,Tipo 2,AC,7,7,OTRO,0,0,DISPONIBLE,2026-09-01T18:56:23+00:00,2026-09-01T20:29:35.379032+00:00,2026-09-01T18:56:23+00:00,2026-09-01T20:38:10+00:00,1
443,256,190,Saba Plaza Mekis,Santiago,Metropolitana,777415484,ENEL X,Enel,Tipo 2,AC,7,7,OTRO,0,0,DISPONIBLE,2026-09-01T18:56:23+00:00,2026-09-01T20:37:05.552063+00:00,2026-09-01T18:56:23+00:00,2026-09-01T20:38:10+00:00,1
444,257,190,Saba Plaza Mekis,Santiago,Metropolitana,777415484,ENEL X,Enel,Tipo 2,AC,7,7,OTRO,0,0,DISPONIBLE,2026-09-01T18:56:23+00:00,2026-09-01T16:10:29.723271+00:00,2026-09-01T18:56:23+00:00,2026-09-01T20:38:10+00:00,1
445,258,191,COPEC VOLTEX - Mall Plaza La Serena,La Serena,Coquimbo,995200007,COPEC VOLTEX,Copec Voltex,Tipo 2,AC,7.4,7,CENTRO COMERCIAL,0,0,DISPONIBLE,2026-09-01T18:56:23+00:00,2026-08-31T21:46:16.336250+00:00,2026-09-01T18:56:23+00:00,2026-09-01T20:38:10+00:00,1
446,259,191,COPEC VOLTEX - Mall Plaza La Serena,La Serena,Coquimbo,995200007,COPEC VOLTEX,Copec Voltex,Tipo 2,AC,7.4,7,CENTRO COMERCIAL,0,0,FUERA DE LINEA,2026-09-01T18:56:23+00:00,2026-08-06T22:56:10.930071+00:00,2026-09-01T18:56:23+00:00,2026-09-01T20:38:10+00:00,1
453,262,194,Enel X - Zona de descanso La Platina,Chimbarongo,Libertador Bernardo OHiggins,777415484,ENEL MOBILITY CHILE SPA,Enel,CCS 2,DC,50,(22-50],,1,1,FUERA DE LINEA,2026-09-01T18:56:23+00:00,2026-06-04T18:24:21.372116+00:00,2026-09-01T18:56:23+00:00,2026-09-01T20:38:10+00:00,1
454,262,194,Enel X - Zona de descanso La Platina,Chimbarongo,Libertador Bernardo OHiggins,777415484,ENEL MOBILITY CHILE SPA,Enel,CHAdeMO,DC,50,(22-50],,1,1,FUERA DE LINEA,2026-09-01T18:56:23+00:00,2026-06-04T18:24:21.372116+00:00,2026-09-01T18:56:23+00:00,2026-09-01T20:38:10+00:00,1
455,262,194,Enel X - Zona de descanso La Platina,Chimbarongo,Libertador Bernardo OHiggins,777415484,ENEL MOBILITY CHILE SPA,Enel,Tipo 2,AC,43,(22-50],,1,1,FUERA DE LINEA,2026-09-01T18:56:23+00:00,2026-06-04T18:24:21.372116+00:00,2026-09-01T18:56:23+00:00,2026-09-01T20:38:10+00:00,1
456,263,195,Saba Santa Lucia,Santiago,Metropolitana,777415484,ENEL X,Enel,Tipo 2,AC,7,7,OTRO,0,0,DISPONIBLE,2026-09-01T18:56:23+00:00,2026-09-01T02:06:52.783789+00:00,2026-09-01T18:56:23+00:00,2026-09-01T20:38:10+00:00,1
457,264,195,Saba Santa Lucia,Santiago,Metropolitana,777415484,ENEL X,Enel,Tipo 2,AC,7,7,OTRO,0,0,FUERA DE LINEA,2026-09-01T18:56:23+00:00,2025-12-02T22:28:36.405498+00:00,2026-09-01T18:56:23+00:00,2026-09-01T20:38:10+00:00,1
458,265,195,Saba Santa Lucia,Santiago,Metropolitana,777415484,ENEL X,Enel,Tipo 2,AC,7,7,OTRO,0,0,DISPONIBLE,2026-09-01T18:56:23+00:00,2026-09-01T15:42:54.762019+00:00,2026-09-01T18:56:23+00:00,2026-09-01T20:38:10+00:00,1
459,266,196,Saba Plaza de Armas ,Santiago,Metropolitana,777415484,ENEL X,Enel,Tipo 2,AC,7,7,OTRO,0,0,DISPONIBLE,2026-09-01T18:56:23+00:00,2026-01-22T14:45:31.371948+00:00,2026-09-01T18:56:23+00:00,2026-09-01T20:38:10+00:00,1
460,267,196,Saba Plaza de Armas ,Santiago,Metropolitana,777415484,ENEL X,Enel,Tipo 2,AC,7,7,OTRO,0,0,DISPONIBLE,2026-09-01T18:56:23+00:00,2026-09-01T12:24:36.819977+00:00,2026-09-01T18:56:23+00:00,2026-09-01T20:38:10+00:00,1
461,268,196,Saba Plaza de Armas ,Santiago,Metropolitana,777415484,ENEL X,Enel,Tipo 2,AC,7,7,OTRO,0,0,DISPONIBLE,2026-09-01T20:38:10+00:00,2026-09-01T20:36:49.049203+00:00,2026-09-01T18:56:23+00:00,2026-09-01T20:38:10+00:00,1
462,269,197,Saba Santa Rosa,Santiago,Metropolitana,777415484,ENEL X,Enel,Tipo 2,AC,7,7,OTRO,0,0,DISPONIBLE,2026-09-01T18:56:23+00:00,2026-09-01T16:11:36.866290+00:00,2026-09-01T18:56:23+00:00,2026-09-01T20:38:10+00:00,1
463,270,197,Saba Santa Rosa,Santiago,Metropolitana,777415484,ENEL X,Enel,Tipo 2,AC,7,7,OTRO,0,0,DISPONIBLE,2026-09-01T18:56:23+00:00,2026-09-01T04:09:20.294954+00:00,2026-09-01T18:56:23+00:00,2026-09-01T20:38:10+00:00,1
464,271,197,Saba Santa Rosa,Santiago,Metropolitana,777415484,ENEL X,Enel,Tipo 2,AC,7,7,OTRO,0,0,DISPONIBLE,2026-09-01T18:56:23+00:00,2026-09-01T04:09:20.679049+00:00,2026-09-01T18:56:23+00:00,2026-09-01T20:38:10+00:00,1
465,272,198,SAVE SUPERM.LIDER PRINCIPE DE GALES WALMART-COLBUN,La Reina,Metropolitana,920110002,Enerlink Chile SpA,Enerlink,CCS 2,DC,24,(22-50],,0,0,DISPONIBLE,2026-09-01T18:56:23+00:00,2026-08-31T22:27:01.769549+00:00,2026-09-01T18:56:23+00:00,2026-09-01T20:38:10+00:00,1
466,272,198,SAVE SUPERM.LIDER PRINCIPE DE GALES WALMART-COLBUN,La Reina,Metropolitana,920110002,Enerlink Chile SpA,Enerlink,CHAdeMO,DC,24,(22-50],,0,0,DISPONIBLE,2026-09-01T18:56:23+00:00,2026-08-31T22:27:01.769549+00:00,2026-09-01T18:56:23+00:00,2026-09-01T20:38:10+00:00,1
467,273,199,Enel X - UFRO Temuco,Temuco,La Araucanía,777415484,ENEL X,Enel,Tipo 2,AC,22,(7-22],OTRO,0,0,NO DISPONIBLE,2026-09-01T18:56:23+00:00,2025-05-05T12:08:51.750627+00:00,2026-09-01T18:56:23+00:00,2026-09-01T20:38:10+00:00,1
468,273,199,Enel X - UFRO Temuco,Temuco,La Araucanía,777415484,ENEL X,Enel,Tipo 2,AC,22,(7-22],OTRO,0,0,NO DISPONIBLE,2026-09-01T18:56:23+00:00,2025-05-05T12:08:51.750627+00:00,2026-09-01T18:56:23+00:00,2026-09-01T20:38:10+00:00,1
469,274,199,Enel X - UFRO Temuco,Temuco,La Araucanía,777415484,ENEL X,Enel,Tipo 2,AC,22,(7-22],OTRO,0,0,NO DISPONIBLE,2026-09-01T18:56:23+00:00,2026-07-23T21:38:33.209357+00:00,2026-09-01T18:56:23+00:00,2026-09-01T20:38:10+00:00,1
470,274,199,Enel X - UFRO Temuco,Temuco,La Araucanía,777415484,ENEL X,Enel,Tipo 2,AC,22,(7-22],OTRO,0,0,NO DISPONIBLE,2026-09-01T18:56:23+00:00,2026-07-23T21:38:33.209357+00:00,2026-09-01T18:56:23+00:00,2026-09-01T20:38:10+00:00,1
471,275,200,Saba Paseo Bulnes,Santiago,Metropolitana,777415484,ENEL X,Enel,Tipo 2,AC,7,7,OTRO,0,0,DISPONIBLE,2026-09-01T18:56:23+00:00,2026-09-01T04:09:27.997424+00:00,2026-09-01T18:56:23+00:00,2026-09-01T20:38:10+00:00,1
472,276,200,Saba Paseo Bulnes,Santiago,Metropolitana,777415484,ENEL X,Enel,Tipo 2,AC,7,7,OTRO,0,0,DISPONIBLE,2026-09-01T18:56:23+00:00,2026-09-01T04:08:55.092475+00:00,2026-09-01T18:56:23+00:00,2026-09-01T20:38:10+00:00,1
473,277,200,Saba Paseo Bulnes,Santiago,Metropolitana,777415484,ENEL X,Enel,Tipo 2,AC,7,7,OTRO,0,0,DISPONIBLE,2026-09-01T18:56:23+00:00,2026-09-01T04:09:39.561892+00:00,2026-09-01T18:56:23+00:00,2026-09-01T20:38:10+00:00,1
474,278,201,Enel X - Mc Donald Iquique,Iquique,Tarapacá,777415484,ENEL X,Enel,Tipo 2,AC,22,(7-22],CENTRO COMERCIAL,0,0,DISPONIBLE,2026-09-01T18:56:23+00:00,2026-09-01T04:09:12.907336+00:00,2026-09-01T18:56:23+00:00,2026-09-01T20:38:10+00:00,1
475,279,202,SAVE LIDER IRARRAZAVAL,Nunoa,Metropolitana,920110002,Enerlink Chile SpA,Enerlink,CHAdeMO,DC,24,(22-50],,0,0,DISPONIBLE,2026-09-01T18:56:23+00:00,2026-08-31T17:21:16.765622+00:00,2026-09-01T18:56:23+00:00,2026-09-01T20:38:10+00:00,1
476,279,202,SAVE LIDER IRARRAZAVAL,Nunoa,Metropolitana,920110002,Enerlink Chile SpA,Enerlink,CCS 2,DC,24,(22-50],,0,0,NO DISPONIBLE,2026-09-01T18:56:23+00:00,2026-08-31T17:21:16.765622+00:00,2026-09-01T18:56:23+00:00,2026-09-01T20:38:10+00:00,1
477,280,203,Enel X - Sodimac La Reina,La Reina,Metropolitana,777415484,ENEL X,Enel,Tipo 2,AC,22,(7-22],OTRO,0,0,NO DISPONIBLE,2026-09-01T18:56:23+00:00,2026-08-11T21:40:14.499236+00:00,2026-09-01T18:56:23+00:00,2026-09-01T20:38:10+00:00,1
478,280,203,Enel X - Sodimac La Reina,La Reina,Metropolitana,777415484,ENEL X,Enel,Tipo 2,AC,22,(7-22],OTRO,0,0,NO DISPONIBLE,2026-09-01T18:56:23+00:00,2026-08-11T21:40:14.499236+00:00,2026-09-01T18:56:23+00:00,2026-09-01T20:38:10+00:00,1
479,281,204,Enel X - Sodimac Quilín,Penalolén,Metropolitana,777415484,ENEL X,Enel,Tipo 2,AC,11,(7-22],CENTRO COMERCIAL,0,0,NO DISPONIBLE,2026-09-01T18:56:23+00:00,2025-05-05T12:09:24.367461+00:00,2026-09-01T18:56:23+00:00,2026-09-01T20:38:10+00:00,1
480,281,204,Enel X - Sodimac Quilín,Penalolén,Metropolitana,777415484,ENEL X,Enel,Tipo 2,AC,11,(7-22],CENTRO COMERCIAL,0,0,NO DISPONIBLE,2026-09-01T18:56:23+00:00,2025-05-05T12:09:24.367461+00:00,2026-09-01T18:56:23+00:00,2026-09-01T20:38:10+00:00,1
481,282,204,Enel X - Sodimac Quilín,Penalolén,Metropolitana,777415484,ENEL X,Enel,Tipo 2,AC,11,(7-22],CENTRO COMERCIAL,0,0,NO DISPONIBLE,2026-09-01T18:56:23+00:00,2025-05-05T12:09:29.222491+00:00,2026-09-01T18:56:23+00:00,2026-09-01T20:38:10+00:00,1
482,282,204,Enel X - Sodimac Quilín,Penalolén,Metropolitana,777415484,ENEL X,Enel,Tipo 2,AC,11,(7-22],CENTRO COMERCIAL,0,0,NO DISPONIBLE,2026-09-01T18:56:23+00:00,2025-05-05T12:09:29.222491+00:00,2026-09-01T18:56:23+00:00,2026-09-01T20:38:10+00:00,1
483,283,205,Enex E-Pro Shell Carén,Pudahuel,Metropolitana,920110002,Enerlink Chile SpA,Enerlink,CCS 2,DC,50,(22-50],ELECTROLINERA,0,0,FUERA DE LINEA,2026-09-01T18:56:23+00:00,2026-02-06T16:02:08.106674+00:00,2026-09-01T18:56:23+00:00,2026-09-01T20:38:10+00:00,1
484,283,205,Enex E-Pro Shell Carén,Pudahuel,Metropolitana,920110002,Enerlink Chile SpA,Enerlink,CHAdeMO,DC,50,(22-50],ELECTROLINERA,0,0,FUERA DE LINEA,2026-09-01T18:56:23+00:00,2026-02-06T16:02:08.106674+00:00,2026-09-01T18:56:23+00:00,2026-09-01T20:38:10+00:00,1
485,283,205,Enex E-Pro Shell Carén,Pudahuel,Metropolitana,920110002,Enerlink Chile SpA,Enerlink,Tipo 2,AC,43,(22-50],ELECTROLINERA,0,0,FUERA DE LINEA,2026-09-01T18:56:23+00:00,2026-02-06T16:02:08.106674+00:00,2026-09-01T18:56:23+00:00,2026-09-01T20:38:10+00:00,1
486,284,206,Enel X Mc Donald Pajaritos,Maipú,Metropolitana,777415484,ENEL X,Enel,Tipo 2,AC,22,(7-22],RESTAURANT,0,0,NO DISPONIBLE,2026-09-01T18:56:23+00:00,2025-05-05T12:09:34.125915+00:00,2026-09-01T18:56:23+00:00,2026-09-01T20:38:10+00:00,1
487,284,206,Enel X Mc Donald Pajaritos,Maipú,Metropolitana,777415484,ENEL X,Enel,Tipo 2,AC,22,(7-22],RESTAURANT,0,0,NO DISPONIBLE,2026-09-01T18:56:23+00:00,2025-05-05T12:09:34.125915+00:00,2026-09-01T18:56:23+00:00,2026-09-01T20:38:10+00:00,1
488,285,207,SAVE SUPERM.LIDER BUENAVENTURA WALMART-COLBUN,Vitacura,Metropolitana,920110002,Enerlink Chile SpA,Enerlink,CCS 2,DC,24,(22-50],,0,0,NO DISPONIBLE,2026-09-01T18:56:23+00:00,2026-08-23T00:54:44.453224+00:00,2026-09-01T18:56:23+00:00,2026-09-01T20:38:10+00:00,1
489,285,207,SAVE SUPERM.LIDER BUENAVENTURA WALMART-COLBUN,Vitacura,Metropolitana,920110002,Enerlink Chile SpA,Enerlink,CHAdeMO,DC,24,(22-50],,0,0,NO DISPONIBLE,2026-09-01T18:56:23+00:00,2026-08-23T00:54:44.453224+00:00,2026-09-01T18:56:23+00:00,2026-09-01T20:38:10+00:00,1
490,286,208,Enel X - Hotel NH Plaza Santiago,Las Condes,Metropolitana,777415484,ENEL X,Enel,Tipo 2,AC,7.4,7,HOTEL,0,0,DISPONIBLE,2026-09-01T18:56:23+00:00,2026-09-01T11:41:01.316118+00:00,2026-09-01T18:56:23+00:00,2026-09-01T20:38:10+00:00,1
491,287,208,Enel X - Hotel NH Plaza Santiago,Las Condes,Metropolitana,777415484,ENEL X,Enel,Tipo 2,AC,7.4,7,HOTEL,0,0,DISPONIBLE,2026-09-01T18:56:23+00:00,2026-09-01T04:07:48.863071+00:00,2026-09-01T18:56:23+00:00,2026-09-01T20:38:10+00:00,1
492,288,209,Enex E-Pro Shell Parral,Parral,Maule,920110002,Enerlink Chile SpA,Enerlink,Tipo 2,AC,43,(22-50],,0,0,DISPONIBLE,2026-09-01T18:56:23+00:00,2026-09-01T13:32:51.465544+00:00,2026-09-01T18:56:23+00:00,2026-09-01T20:38:10+00:00,1
493,288,209,Enex E-Pro Shell Parral,Parral,Maule,920110002,Enerlink Chile SpA,Enerlink,CHAdeMO,DC,50,(22-50],,0,0,DISPONIBLE,2026-09-01T18:56:23+00:00,2026-09-01T13:32:51.465544+00:00,2026-09-01T18:56:23+00:00,2026-09-01T20:38:10+00:00,1
494,288,209,Enex E-Pro Shell Parral,Parral,Maule,920110002,Enerlink Chile SpA,Enerlink,CCS 2,DC,50,(22-50],,0,0,DISPONIBLE,2026-09-01T18:56:23+00:00,2026-09-01T13:32:51.465544+00:00,2026-09-01T18:56:23+00:00,2026-09-01T20:38:10+00:00,1
495,289,210,Enel X - Autoplanet Los Andes,Los Andes,Valparaíso,777415484,ENEL X,Enel,Tipo 2,AC,7.4,7,HOTEL,0,0,OCUPADO,2026-09-01T18:56:23+00:00,2026-09-01T17:10:42.997593+00:00,2026-09-01T18:56:23+00:00,2026-09-01T20:38:10+00:00,1
496,290,210,Enel X - Autoplanet Los Andes,Los Andes,Valparaíso,777415484,ENEL X,Enel,Tipo 2,AC,7.4,7,HOTEL,0,0,DISPONIBLE,2026-09-01T18:56:23+00:00,2026-09-01T19:50:55.782216+00:00,2026-09-01T18:56:23+00:00,2026-09-01T20:38:10+00:00,1
497,291,211,Enel X- Autoplanet Maipu,Maipú,Metropolitana,777415484,ENEL X,Enel,Tipo 2,AC,7.4,7,HOTEL,0,0,DISPONIBLE,2026-09-01T18:56:23+00:00,2026-09-01T04:07:55.551286+00:00,2026-09-01T18:56:23+00:00,2026-09-01T20:38:10+00:00,1
498,292,211,Enel X- Autoplanet Maipu,Maipú,Metropolitana,777415484,ENEL X,Enel,Tipo 2,AC,7.4,7,HOTEL,0,0,DISPONIBLE,2026-09-01T18:56:23+00:00,2026-09-01T04:09:39.343517+00:00,2026-09-01T18:56:23+00:00,2026-09-01T20:38:10+00:00,1
499,293,212,Enel X - Autoplanet Concepcion,Concepción,Biobío,777415484,ENEL X,Enel,Tipo 2,AC,7.4,7,HOTEL,0,0,FUERA DE LINEA,2026-09-01T18:56:23+00:00,2025-08-13T14:38:26.252118+00:00,2026-09-01T18:56:23+00:00,2026-09-01T20:38:10+00:00,1
500,294,212,Enel X - Autoplanet Concepcion,Concepción,Biobío,777415484,ENEL X,Enel,Tipo 2,AC,7.4,7,HOTEL,0,0,DISPONIBLE,2026-09-01T18:56:23+00:00,2026-09-01T04:07:42.949101+00:00,2026-09-01T18:56:23+00:00,2026-09-01T20:38:10+00:00,1
501,295,213,SAVE SUPERM.LIDER PUENTE NUEVO WALMART-COLBUN,Lo Barnechea,Metropolitana,920110002,Enerlink Chile SpA,Enerlink,CHAdeMO,DC,24,(22-50],,0,0,DISPONIBLE,2026-09-01T20:12:55+00:00,2026-09-01T19:44:59.881998+00:00,2026-09-01T18:56:23+00:00,2026-09-01T20:38:10+00:00,1
502,295,213,SAVE SUPERM.LIDER PUENTE NUEVO WALMART-COLBUN,Lo Barnechea,Metropolitana,920110002,Enerlink Chile SpA,Enerlink,CCS 2,DC,24,(22-50],,0,0,NO DISPONIBLE,2026-09-01T18:56:23+00:00,2026-09-01T19:44:59.881998+00:00,2026-09-01T18:56:23+00:00,2026-09-01T20:38:10+00:00,1
503,296,214,Estación de Servicio Enel X Station,Pudahuel,Metropolitana,777415484,ENEL X,Enel,Tipo 2,AC,22,(7-22],ELECTROESTACIÓN,0,0,DISPONIBLE,2026-09-01T18:56:23+00:00,2026-02-05T18:30:59.087371+00:00,2026-09-01T18:56:23+00:00,2026-09-01T20:38:10+00:00,1
504,297,214,Estación de Servicio Enel X Station,Pudahuel,Metropolitana,777415484,ENEL X,Enel,Tipo 2,AC,22,(7-22],ELECTROESTACIÓN,0,0,NO DISPONIBLE,2026-09-01T18:56:23+00:00,2025-05-05T14:51:52.063676+00:00,2026-09-01T18:56:23+00:00,2026-09-01T20:38:10+00:00,1
505,298,214,Estación de Servicio Enel X Station,Pudahuel,Metropolitana,777415484,ENEL X,Enel,Tipo 2,AC,22,(7-22],ELECTROESTACIÓN,0,0,NO DISPONIBLE,2026-09-01T18:56:23+00:00,2026-09-01T15:01:29.147180+00:00,2026-09-01T18:56:23+00:00,2026-09-01T20:38:10+00:00,1
506,299,214,Estación de Servicio Enel X Station,Pudahuel,Metropolitana,777415484,ENEL X,Enel,GB/T DC,DC,150,(50-150],ELECTROESTACIÓN,0,0,DISPONIBLE,2026-09-01T18:56:23+00:00,2026-09-01T20:22:03.680145+00:00,2026-09-01T18:56:23+00:00,2026-09-01T20:38:10+00:00,1
507,299,214,Estación de Servicio Enel X Station,Pudahuel,Metropolitana,777415484,ENEL X,Enel,GB/T DC,DC,150,(50-150],ELECTROESTACIÓN,0,0,OCUPADO,2026-09-01T20:23:01+00:00,2026-09-01T20:22:03.680145+00:00,2026-09-01T18:56:23+00:00,2026-09-01T20:38:10+00:00,1
508,300,214,Estación de Servicio Enel X Station,Pudahuel,Metropolitana,777415484,ENEL X,Enel,CCS 2,DC,50,(22-50],ELECTROESTACIÓN,0,0,OCUPADO,2026-09-01T18:56:23+00:00,2026-02-05T18:30:57.219915+00:00,2026-09-01T18:56:23+00:00,2026-09-01T20:38:10+00:00,1
509,300,214,Estación de Servicio Enel X Station,Pudahuel,Metropolitana,777415484,ENEL X,Enel,CCS 2,DC,60,(50-150],ELECTROESTACIÓN,0,0,DISPONIBLE,2026-09-01T18:56:23+00:00,2026-02-05T18:30:57.219915+00:00,2026-09-01T18:56:23+00:00,2026-09-01T20:38:10+00:00,1
510,301,214,Estación de Servicio Enel X Station,Pudahuel,Metropolitana,777415484,ENEL X,Enel,CCS 2,DC,50,(22-50],ELECTROESTACIÓN,0,0,DISPONIBLE,2026-09-01T18:56:23+00:00,2026-01-29T19:37:57.669723+00:00,2026-09-01T18:56:23+00:00,2026-09-01T20:38:10+00:00,1
511,301,214,Estación de Servicio Enel X Station,Pudahuel,Metropolitana,777415484,ENEL X,Enel,CCS 2,DC,60,(50-150],ELECTROESTACIÓN,0,0,DISPONIBLE,2026-09-01T18:56:23+00:00,2026-01-29T19:37:57.669723+00:00,2026-09-01T18:56:23+00:00,2026-09-01T20:38:10+00:00,1
512,302,214,Estación de Servicio Enel X Station,Pudahuel,Metropolitana,777415484,ENEL X,Enel,CCS 2,DC,50,(22-50],ELECTROESTACIÓN,0,0,FUERA DE LINEA,2026-09-01T18:56:23+00:00,2026-09-01T20:37:05.208753+00:00,2026-09-01T18:56:23+00:00,2026-09-01T20:38:10+00:00,1
513,302,214,Estación de Servicio Enel X Station,Pudahuel,Metropolitana,777415484,ENEL X,Enel,CCS 2,DC,60,(50-150],ELECTROESTACIÓN,0,0,DISPONIBLE,2026-09-01T18:56:23+00:00,2026-09-01T20:37:05.208753+00:00,2026-09-01T18:56:23+00:00,2026-09-01T20:38:10+00:00,1
514,303,214,Estación de Servicio Enel X Station,Pudahuel,Metropolitana,777415484,ENEL X,Enel,CHAdeMO,DC,50,(22-50],ELECTROESTACIÓN,0,0,OCUPADO,2026-09-01T20:33:07+00:00,2026-09-01T20:31:54.360092+00:00,2026-09-01T18:56:23+00:00,2026-09-01T20:38:10+00:00,1
515,303,214,Estación de Servicio Enel X Station,Pudahuel,Metropolitana,777415484,ENEL X,Enel,CCS 2,DC,60,(50-150],ELECTROESTACIÓN,0,0,DISPONIBLE,2026-09-01T20:12:55+00:00,2026-09-01T20:31:54.360092+00:00,2026-09-01T18:56:23+00:00,2026-09-01T20:38:10+00:00,1
516,304,214,Estación de Servicio Enel X Station,Pudahuel,Metropolitana,777415484,ENEL X,Enel,CHAdeMO,DC,50,(22-50],ELECTROESTACIÓN,0,0,DISPONIBLE,2026-09-01T20:38:10+00:00,2026-09-01T20:35:10.304076+00:00,2026-09-01T18:56:23+00:00,2026-09-01T20:38:10+00:00,1
517,304,214,Estación de Servicio Enel X Station,Pudahuel,Metropolitana,777415484,ENEL X,Enel,CCS 2,DC,60,(50-150],ELECTROESTACIÓN,0,0,OCUPADO,2026-09-01T20:38:10+00:00,2026-09-01T20:35:10.304076+00:00,2026-09-01T18:56:23+00:00,2026-09-01T20:38:10+00:00,1
518,305,214,Estación de Servicio Enel X Station,Pudahuel,Metropolitana,777415484,ENEL X,Enel,CHAdeMO,DC,50,(22-50],ELECTROESTACIÓN,0,0,OCUPADO,2026-09-01T18:56:23+00:00,2026-09-01T20:37:38.516922+00:00,2026-09-01T18:56:23+00:00,2026-09-01T20:38:10+00:00,1
519,305,214,Estación de Servicio Enel X Station,Pudahuel,Metropolitana,777415484,ENEL X,Enel,CCS 2,DC,60,(50-150],ELECTROESTACIÓN,0,0,DISPONIBLE,2026-09-01T20:38:10+00:00,2026-09-01T20:37:38.516922+00:00,2026-09-01T18:56:23+00:00,2026-09-01T20:38:10+00:00,1
520,306,214,Estación de Servicio Enel X Station,Pudahuel,Metropolitana,777415484,ENEL X,Enel,GB/T DC,DC,60,(50-150],ELECTROESTACIÓN,0,0,OCUPADO,2026-09-01T20:38:10+00:00,2026-09-01T20:37:01.348846+00:00,2026-09-01T18:56:23+00:00,2026-09-01T20:38:10+00:00,1
521,306,214,Estación de Servicio Enel X Station,Pudahuel,Metropolitana,777415484,ENEL X,Enel,GB/T DC,DC,60,(50-150],ELECTROESTACIÓN,0,0,NO DISPONIBLE,2026-09-01T18:56:23+00:00,2026-09-01T20:37:01.348846+00:00,2026-09-01T18:56:23+00:00,2026-09-01T20:38:10+00:00,1
522,307,214,Estación de Servicio Enel X Station,Pudahuel,Metropolitana,777415484,ENEL X,Enel,CHAdeMO,DC,50,(22-50],ELECTROESTACIÓN,0,1,DISPONIBLE,2026-09-01T18:56:23+00:00,2026-02-05T18:30:59.888366+00:00,2026-09-01T18:56:23+00:00,2026-09-01T20:38:10+00:00,1
523,307,214,Estación de Servicio Enel X Station,Pudahuel,Metropolitana,777415484,ENEL X,Enel,CCS 2,DC,60,(50-150],ELECTROESTACIÓN,0,1,DISPONIBLE,2026-09-01T18:56:23+00:00,2026-02-05T18:30:59.888366+00:00,2026-09-01T18:56:23+00:00,2026-09-01T20:38:10+00:00,1
524,308,214,Estación de Servicio Enel X Station,Pudahuel,Metropolitana,777415484,ENEL X,Enel,CHAdeMO,DC,50,(22-50],ELECTROESTACIÓN,0,1,NO DISPONIBLE,2026-09-01T18:56:23+00:00,2025-05-05T14:52:43.292394+00:00,2026-09-01T18:56:23+00:00,2026-09-01T20:38:10+00:00,1
525,308,214,Estación de Servicio Enel X Station,Pudahuel,Metropolitana,777415484,ENEL X,Enel,CCS 2,DC,150,(50-150],ELECTROESTACIÓN,0,1,NO DISPONIBLE,2026-09-01T18:56:23+00:00,2025-05-05T14:52:43.292394+00:00,2026-09-01T18:56:23+00:00,2026-09-01T20:38:10+00:00,1
526,309,215,Enel X - Hotel AWA,Puerto Varas,Los Lagos,777415484,ENEL X,Enel,Tipo 2,AC,7.4,7,HOTEL,0,0,DISPONIBLE,2026-09-01T18:56:23+00:00,2026-09-01T04:07:48.589744+00:00,2026-09-01T18:56:23+00:00,2026-09-01T20:38:10+00:00,1
527,310,215,Enel X - Hotel AWA,Puerto Varas,Los Lagos,777415484,ENEL X,Enel,Tipo 2,AC,7.4,7,HOTEL,0,0,DISPONIBLE,2026-09-01T18:56:23+00:00,2026-09-01T04:07:48.867684+00:00,2026-09-01T18:56:23+00:00,2026-09-01T20:38:10+00:00,1
528,311,216,Enel X - Sodimac Temuco,Temuco,La Araucanía,777415484,ENEL X,Enel,Tipo 2,AC,7.4,7,HOTEL,0,0,DISPONIBLE,2026-09-01T18:56:23+00:00,2026-07-21T21:35:13.815983+00:00,2026-09-01T18:56:23+00:00,2026-09-01T20:38:10+00:00,1
529,312,216,Enel X - Sodimac Temuco,Temuco,La Araucanía,777415484,ENEL X,Enel,Tipo 2,AC,7.4,7,HOTEL,0,0,NO DISPONIBLE,2026-09-01T18:56:23+00:00,2026-07-23T21:35:09.962867+00:00,2026-09-01T18:56:23+00:00,2026-09-01T20:38:10+00:00,1
530,313,217,Enel X-Globalvia Zapallar,Zapallar,Valparaíso,968206303,Soc. Concesionaria Autopista ,Soc. Concesionaria Autopista ,Tipo 2,AC,43,(22-50],,1,1,FUERA DE LINEA,2026-09-01T18:56:23+00:00,2026-04-22T21:24:23.053480+00:00,2026-09-01T18:56:23+00:00,2026-09-01T20:38:10+00:00,1
531,313,217,Enel X-Globalvia Zapallar,Zapallar,Valparaíso,968206303,Soc. Concesionaria Autopista ,Soc. Concesionaria Autopista ,CHAdeMO,DC,50,(22-50],,1,1,FUERA DE LINEA,2026-09-01T18:56:23+00:00,2026-04-22T21:24:23.053480+00:00,2026-09-01T18:56:23+00:00,2026-09-01T20:38:10+00:00,1
532,313,217,Enel X-Globalvia Zapallar,Zapallar,Valparaíso,968206303,Soc. Concesionaria Autopista ,Soc. Concesionaria Autopista ,CCS 2,DC,50,(22-50],,1,1,FUERA DE LINEA,2026-09-01T18:56:23+00:00,2026-04-22T21:24:23.053480+00:00,2026-09-01T18:56:23+00:00,2026-09-01T20:38:10+00:00,1
533,314,218,Enel X - StripCenter Nogales,Machalí,Libertador Bernardo OHiggins,777415484,ENEL X,Enel,CCS 2,DC,60,(50-150],CENTRO COMERCIAL,0,0,NO DISPONIBLE,2026-09-01T18:56:23+00:00,2025-09-08T12:55:15.406176+00:00,2026-09-01T18:56:23+00:00,2026-09-01T20:38:10+00:00,1
534,314,218,Enel X - StripCenter Nogales,Machalí,Libertador Bernardo OHiggins,777415484,ENEL X,Enel,CCS 2,DC,60,(50-150],CENTRO COMERCIAL,0,0,NO DISPONIBLE,2026-09-01T18:56:23+00:00,2025-09-08T12:55:15.406176+00:00,2026-09-01T18:56:23+00:00,2026-09-01T20:38:10+00:00,1
535,315,218,Enel X - StripCenter Nogales,Machalí,Libertador Bernardo OHiggins,777415484,ENEL X,Enel,CCS 2,DC,60,(50-150],CENTRO COMERCIAL,0,0,DISPONIBLE,2026-09-01T18:56:23+00:00,2026-09-01T12:16:05.239459+00:00,2026-09-01T18:56:23+00:00,2026-09-01T20:38:10+00:00,1
536,315,218,Enel X - StripCenter Nogales,Machalí,Libertador Bernardo OHiggins,777415484,ENEL X,Enel,CCS 2,DC,60,(50-150],CENTRO COMERCIAL,0,0,DISPONIBLE,2026-09-01T18:56:23+00:00,2026-09-01T12:16:05.239459+00:00,2026-09-01T18:56:23+00:00,2026-09-01T20:38:10+00:00,1
537,316,219,Enel X - Sodimac Puerto Montt,Puerto Montt,Los Lagos,777415484,ENEL X,Enel,Tipo 2,AC,7.4,7,HOTEL,0,0,DISPONIBLE,2026-09-01T18:56:23+00:00,2026-09-01T04:17:24.801898+00:00,2026-09-01T18:56:23+00:00,2026-09-01T20:38:10+00:00,1
538,317,219,Enel X - Sodimac Puerto Montt,Puerto Montt,Los Lagos,777415484,ENEL X,Enel,Tipo 2,AC,7.4,7,HOTEL,0,0,DISPONIBLE,2026-09-01T18:56:23+00:00,2026-09-01T04:09:16.503685+00:00,2026-09-01T18:56:23+00:00,2026-09-01T20:38:10+00:00,1
539,318,220,Enel x - Plus Parken,Las Condes,Metropolitana,777415484,ENEL X,Enel,Tipo 2,AC,7.4,7,HOTEL,0,0,FUERA DE LINEA,2026-09-01T18:56:23+00:00,2026-07-08T02:05:26.429427+00:00,2026-09-01T18:56:23+00:00,2026-09-01T20:38:10+00:00,1
540,318,220,Enel x - Plus Parken,Las Condes,Metropolitana,777415484,ENEL X,Enel,Tipo 2,AC,7.4,7,HOTEL,0,0,NO DISPONIBLE,2026-09-01T18:56:23+00:00,2026-07-08T02:05:26.429427+00:00,2026-09-01T18:56:23+00:00,2026-09-01T20:38:10+00:00,1
541,319,220,Enel x - Plus Parken,Las Condes,Metropolitana,777415484,ENEL X,Enel,Tipo 2,AC,7.4,7,HOTEL,0,0,DISPONIBLE,2026-09-01T18:56:23+00:00,2026-09-01T16:46:38.347394+00:00,2026-09-01T18:56:23+00:00,2026-09-01T20:38:10+00:00,1
542,319,220,Enel x - Plus Parken,Las Condes,Metropolitana,777415484,ENEL X,Enel,Tipo 2,AC,7.4,7,HOTEL,0,0,NO DISPONIBLE,2026-09-01T18:56:23+00:00,2026-09-01T16:46:38.347394+00:00,2026-09-01T18:56:23+00:00,2026-09-01T20:38:10+00:00,1
543,320,221,Enel X - Autoplanet Macul,Nunoa,Metropolitana,777415484,ENEL X,Enel,Tipo 2,AC,7.4,7,HOTEL,0,0,DISPONIBLE,2026-09-01T18:56:23+00:00,2026-09-01T04:07:55.552258+00:00,2026-09-01T18:56:23+00:00,2026-09-01T20:38:10+00:00,1
544,321,221,Enel X - Autoplanet Macul,Nunoa,Metropolitana,777415484,ENEL X,Enel,Tipo 2,AC,7.4,7,HOTEL,0,0,FUERA DE LINEA,2026-09-01T18:56:23+00:00,2026-09-01T04:07:55.600959+00:00,2026-09-01T18:56:23+00:00,2026-09-01T20:38:10+00:00,1
545,322,222,Enel X - Volvo Temuco,Temuco,La Araucanía,762968630,Automotriz Poerillo sur Ltda,Automotriz Poerillo sur Ltda,Tipo 2,AC,7.4,7,,1,1,FUERA DE LINEA,2026-09-01T18:56:23+00:00,2026-04-08T21:35:57.359777+00:00,2026-09-01T18:56:23+00:00,2026-09-01T20:38:10+00:00,1
546,323,222,Enel X - Volvo Temuco,Temuco,La Araucanía,762968630,Automotriz Poerillo sur Ltda,Automotriz Poerillo sur Ltda,Tipo 2,AC,7.4,7,,1,1,FUERA DE LINEA,2026-09-01T18:56:23+00:00,2026-04-08T21:35:57.359777+00:00,2026-09-01T18:56:23+00:00,2026-09-01T20:38:10+00:00,1
547,324,223,VOLTEX PUC,Macul,Metropolitana,995200007,COPEC VOLTEX,Copec Voltex,Tipo 2,AC,7.4,7,,0,0,DISPONIBLE,2026-09-01T20:23:01+00:00,2026-09-01T20:26:19.618218+00:00,2026-09-01T18:56:23+00:00,2026-09-01T20:38:10+00:00,1
548,325,223,VOLTEX PUC,Macul,Metropolitana,995200007,COPEC VOLTEX,Copec Voltex,Tipo 2,AC,7.4,7,,0,0,OCUPADO,2026-09-01T18:56:23+00:00,2026-09-01T18:55:43.340589+00:00,2026-09-01T18:56:23+00:00,2026-09-01T20:38:10+00:00,1
549,326,224,SAVE EXPRESS SANTA ISABEL,Providencia,Metropolitana,920110002,Enerlink Chile SpA,Enerlink,CCS 2,DC,24,(22-50],,0,0,DISPONIBLE,2026-09-01T18:56:23+00:00,2026-08-28T22:42:08.730447+00:00,2026-09-01T18:56:23+00:00,2026-09-01T20:38:10+00:00,1
550,326,224,SAVE EXPRESS SANTA ISABEL,Providencia,Metropolitana,920110002,Enerlink Chile SpA,Enerlink,CHAdeMO,DC,24,(22-50],,0,0,DISPONIBLE,2026-09-01T18:56:23+00:00,2026-08-28T22:42:08.730447+00:00,2026-09-01T18:56:23+00:00,2026-09-01T20:38:10+00:00,1
551,327,225,Enel X - Sodimac Las Condes ,Las Condes,Metropolitana,777415484,ENEL X,Enel,Tipo 2,AC,7.4,7,HOTEL,0,0,FUERA DE LINEA,2026-09-01T18:56:23+00:00,2026-09-01T02:06:37.559834+00:00,2026-09-01T18:56:23+00:00,2026-09-01T20:38:10+00:00,1
552,328,225,Enel X - Sodimac Las Condes ,Las Condes,Metropolitana,777415484,ENEL X,Enel,Tipo 2,AC,7.4,7,HOTEL,0,0,FUERA DE LINEA,2026-09-01T18:56:23+00:00,2025-09-08T14:28:04.416597+00:00,2026-09-01T18:56:23+00:00,2026-09-01T20:38:10+00:00,1
553,329,226,SAVE Edificio Matta 530,Las Condes,Metropolitana,995200007,COPEC VOLTEX,Copec Voltex,Tipo 2,AC,22,(7-22],,1,1,DISPONIBLE,2026-09-01T18:56:23+00:00,2025-02-19T20:26:17.953419+00:00,2026-09-01T18:56:23+00:00,2026-09-01T20:38:10+00:00,1
554,330,226,SAVE Edificio Matta 530,Las Condes,Metropolitana,995200007,COPEC VOLTEX,Copec Voltex,Tipo 2,AC,22,(7-22],,1,1,FUERA DE LINEA,2026-09-01T18:56:23+00:00,2025-02-21T15:47:01.917831+00:00,2026-09-01T18:56:23+00:00,2026-09-01T20:38:10+00:00,1
555,331,226,SAVE Edificio Matta 530,Las Condes,Metropolitana,995200007,COPEC VOLTEX,Copec Voltex,Tipo 2,AC,22,(7-22],,1,1,DISPONIBLE,2026-09-01T18:56:23+00:00,2025-02-21T15:47:01.937944+00:00,2026-09-01T18:56:23+00:00,2026-09-01T20:38:10+00:00,1
556,332,227,Enel X - Pompello Camino Melipilla,Maipú,Metropolitana,777415484,ENEL X,Enel,Tipo 2,AC,22,(7-22],,1,1,FUERA DE LINEA,2026-09-01T18:56:23+00:00,2026-04-08T21:35:57.359777+00:00,2026-09-01T18:56:23+00:00,2026-09-01T20:38:10+00:00,1
557,333,227,Enel X - Pompello Camino Melipilla,Maipú,Metropolitana,777415484,ENEL X,Enel,Tipo 2,AC,22,(7-22],,1,1,FUERA DE LINEA,2026-09-01T18:56:23+00:00,2026-04-08T21:35:57.359777+00:00,2026-09-01T18:56:23+00:00,2026-09-01T20:38:10+00:00,1
558,334,227,Enel X - Pompello Camino Melipilla,Maipú,Metropolitana,777415484,ENEL X,Enel,Tipo 2,AC,3.7,7,,1,1,FUERA DE LINEA,2026-09-01T18:56:23+00:00,2026-04-08T21:35:57.359777+00:00,2026-09-01T18:56:23+00:00,2026-09-01T20:38:10+00:00,1
559,335,228,Enel X  Way Privado- ESPACIO URBANO PTE ALTO,Puente Alto,Metropolitana,777415484,ENEL X,Enel,CCS 2,DC,60,(50-150],OTRO,0,0,NO DISPONIBLE,2026-09-01T20:28:04+00:00,2026-09-01T20:26:56.585493+00:00,2026-09-01T18:56:23+00:00,2026-09-01T20:38:10+00:00,1
560,335,228,Enel X  Way Privado- ESPACIO URBANO PTE ALTO,Puente Alto,Metropolitana,777415484,ENEL X,Enel,CCS 2,DC,60,(50-150],OTRO,0,0,NO DISPONIBLE,2026-09-01T20:28:04+00:00,2026-09-01T20:26:56.585493+00:00,2026-09-01T18:56:23+00:00,2026-09-01T20:38:10+00:00,1
561,336,229,Express Lider Rojas Magallanes,La Florida,Metropolitana,920110002,Enerlink Chile SpA,Enerlink,CCS 2,DC,24,(22-50],,0,0,NO DISPONIBLE,2026-09-01T18:56:23+00:00,2026-08-30T16:44:10.325051+00:00,2026-09-01T18:56:23+00:00,2026-09-01T20:38:10+00:00,1
562,336,229,Express Lider Rojas Magallanes,La Florida,Metropolitana,920110002,Enerlink Chile SpA,Enerlink,CHAdeMO,DC,24,(22-50],,0,0,DISPONIBLE,2026-09-01T18:56:23+00:00,2026-08-30T16:44:10.325051+00:00,2026-09-01T18:56:23+00:00,2026-09-01T20:38:10+00:00,1
563,337,230,Enel X - Sodimac Castro,Castro,Los Lagos,777415484,ENEL X,Enel,Tipo 2,AC,7.4,7,HOTEL,0,0,NO DISPONIBLE,2026-09-01T18:56:23+00:00,2026-09-01T11:36:01.282823+00:00,2026-09-01T18:56:23+00:00,2026-09-01T20:38:10+00:00,1
564,338,230,Enel X - Sodimac Castro,Castro,Los Lagos,777415484,ENEL X,Enel,Tipo 2,AC,7.4,7,HOTEL,0,0,DISPONIBLE,2026-09-01T18:56:23+00:00,2026-09-01T11:32:18.732057+00:00,2026-09-01T18:56:23+00:00,2026-09-01T20:38:10+00:00,1
565,339,231,Enel X - Rosselot Viña del Mar,Vina del Mar,Valparaíso,777415484,ENEL X,Enel,Tipo 2,AC,1.4,7,,1,1,FUERA DE LINEA,2026-09-01T18:56:23+00:00,2026-04-08T21:35:57.359777+00:00,2026-09-01T18:56:23+00:00,2026-09-01T20:38:10+00:00,1
566,340,231,Enel X - Rosselot Viña del Mar,Vina del Mar,Valparaíso,777415484,ENEL X,Enel,Tipo 2,AC,1.4,7,,1,1,FUERA DE LINEA,2026-09-01T18:56:23+00:00,2026-04-08T21:35:57.359777+00:00,2026-09-01T18:56:23+00:00,2026-09-01T20:38:10+00:00,1
567,341,232,Enel x - Tottus Gerónimo de Alderete (Vitacura),Vitacura,Metropolitana,777415484,ENEL X,Enel,GB/T DC,DC,60,(50-150],ELECTROLINERA,0,0,OCUPADO,2026-09-01T20:38:10+00:00,2026-09-01T20:37:11.460901+00:00,2026-09-01T18:56:23+00:00,2026-09-01T20:38:10+00:00,1
568,341,232,Enel x - Tottus Gerónimo de Alderete (Vitacura),Vitacura,Metropolitana,777415484,ENEL X,Enel,GB/T DC,DC,50,(22-50],ELECTROLINERA,0,0,DISPONIBLE,2026-09-01T18:56:23+00:00,2026-09-01T20:37:11.460901+00:00,2026-09-01T18:56:23+00:00,2026-09-01T20:38:10+00:00,1
569,342,232,Enel x - Tottus Gerónimo de Alderete (Vitacura),Vitacura,Metropolitana,777415484,ENEL X,Enel,CCS 2,DC,60,(50-150],ELECTROLINERA,0,0,DISPONIBLE,2026-09-01T18:56:23+00:00,2026-09-01T18:46:47.677906+00:00,2026-09-01T18:56:23+00:00,2026-09-01T20:38:10+00:00,1
570,342,232,Enel x - Tottus Gerónimo de Alderete (Vitacura),Vitacura,Metropolitana,777415484,ENEL X,Enel,CCS 2,DC,60,(50-150],ELECTROLINERA,0,0,DISPONIBLE,2026-09-01T18:56:23+00:00,2026-09-01T18:46:47.677906+00:00,2026-09-01T18:56:23+00:00,2026-09-01T20:38:10+00:00,1
571,343,233,Enel X - Sodimac Antofagasta,Antofagasta,Antofagasta,777415484,ENEL X,Enel,Tipo 2,AC,7.4,7,HOTEL,0,0,NO DISPONIBLE,2026-09-01T18:56:23+00:00,2026-07-23T21:35:17.230161+00:00,2026-09-01T18:56:23+00:00,2026-09-01T20:38:10+00:00,1
572,344,233,Enel X - Sodimac Antofagasta,Antofagasta,Antofagasta,777415484,ENEL X,Enel,Tipo 2,AC,7.4,7,HOTEL,0,0,NO DISPONIBLE,2026-09-01T18:56:23+00:00,2026-07-23T21:35:21.305141+00:00,2026-09-01T18:56:23+00:00,2026-09-01T20:38:10+00:00,1
576,347,235,"Enel X Way - Accord Novotel, Las Condes.",Las Condes,Metropolitana,777415484,ENEL X,Enel,Tipo 2,AC,7.4,7,HOTEL,0,0,DISPONIBLE,2026-09-01T18:56:23+00:00,2026-09-01T04:08:43.612030+00:00,2026-09-01T18:56:23+00:00,2026-09-01T20:38:10+00:00,1
577,348,235,"Enel X Way - Accord Novotel, Las Condes.",Las Condes,Metropolitana,777415484,ENEL X,Enel,Tipo 2,AC,7.4,7,HOTEL,0,0,DISPONIBLE,2026-09-01T18:56:23+00:00,2026-09-01T15:51:33.399297+00:00,2026-09-01T18:56:23+00:00,2026-09-01T20:38:10+00:00,1
578,349,236,Enel X Way  - Sodimac Iquique ,Iquique,Tarapacá,777415484,ENEL X,Enel,Tipo 2,AC,7.4,7,HOTEL,0,0,DISPONIBLE,2026-09-01T18:56:23+00:00,2026-09-01T04:07:55.551518+00:00,2026-09-01T18:56:23+00:00,2026-09-01T20:38:10+00:00,1
579,350,236,Enel X Way  - Sodimac Iquique ,Iquique,Tarapacá,777415484,ENEL X,Enel,Tipo 2,AC,7.4,7,HOTEL,0,0,DISPONIBLE,2026-09-01T18:56:23+00:00,2026-09-01T04:07:55.597699+00:00,2026-09-01T18:56:23+00:00,2026-09-01T20:38:10+00:00,1
580,351,237,VOLTEX CTEC CAREN,Pudahuel,Metropolitana,651650992,CTEC,CTEC,Tipo 2,AC,22,(7-22],,1,1,FUERA DE LINEA,2026-09-01T18:56:23+00:00,2026-04-08T21:35:57.359777+00:00,2026-09-01T18:56:23+00:00,2026-09-01T20:38:10+00:00,1
581,351,237,VOLTEX CTEC CAREN,Pudahuel,Metropolitana,651650992,CTEC,CTEC,Tipo 2,AC,22,(7-22],,1,1,FUERA DE LINEA,2026-09-01T18:56:23+00:00,2026-04-08T21:35:57.359777+00:00,2026-09-01T18:56:23+00:00,2026-09-01T20:38:10+00:00,1
582,352,238,Enel X - Espacio Urbano Los Andes ,Los Andes,Valparaíso,777415484,ENEL X,Enel,CCS 2,DC,60,(50-150],CENTRO COMERCIAL,0,0,OCUPADO,2026-09-01T20:17:59+00:00,2026-09-01T20:16:56.668043+00:00,2026-09-01T18:56:23+00:00,2026-09-01T20:38:10+00:00,1
583,352,238,Enel X - Espacio Urbano Los Andes ,Los Andes,Valparaíso,777415484,ENEL X,Enel,CCS 2,DC,60,(50-150],CENTRO COMERCIAL,0,0,DISPONIBLE,2026-09-01T20:12:55+00:00,2026-09-01T20:16:56.668043+00:00,2026-09-01T18:56:23+00:00,2026-09-01T20:38:10+00:00,1
584,353,239,Enel X Way - Espacio Urbano Viña del Mar,Vina del Mar,Valparaíso,777415484,ENEL X,Enel,CCS 2,DC,60,(50-150],CENTRO COMERCIAL,0,0,OCUPADO,2026-09-01T20:28:04+00:00,2026-09-01T20:33:37.655227+00:00,2026-09-01T18:56:23+00:00,2026-09-01T20:38:10+00:00,1
585,353,239,Enel X Way - Espacio Urbano Viña del Mar,Vina del Mar,Valparaíso,777415484,ENEL X,Enel,CCS 2,DC,60,(50-150],CENTRO COMERCIAL,0,0,DISPONIBLE,2026-09-01T20:38:10+00:00,2026-09-01T20:33:37.655227+00:00,2026-09-01T18:56:23+00:00,2026-09-01T20:38:10+00:00,1
588,355,241,Cargador Urbano Los Ediles,Pudahuel,Metropolitana,995200007,COPEC VOLTEX,Copec Voltex,Tipo 2,AC,22,(7-22],,0,0,NO DISPONIBLE,2026-09-01T18:56:23+00:00,2026-02-27T19:15:29.600567+00:00,2026-09-01T18:56:23+00:00,2026-09-01T20:38:10+00:00,1
589,355,241,Cargador Urbano Los Ediles,Pudahuel,Metropolitana,995200007,COPEC VOLTEX,Copec Voltex,Tipo 2,AC,22,(7-22],,0,0,NO DISPONIBLE,2026-09-01T18:56:23+00:00,2026-02-27T19:15:29.600567+00:00,2026-09-01T18:56:23+00:00,2026-09-01T20:38:10+00:00,1
590,356,242,Cargador Urbano San Pablo,Pudahuel,Metropolitana,995200007,COPEC VOLTEX,Copec Voltex,Tipo 2,AC,22,(7-22],,0,0,DISPONIBLE,2026-09-01T18:56:23+00:00,2026-08-29T11:53:43.608137+00:00,2026-09-01T18:56:23+00:00,2026-09-01T20:38:10+00:00,1
591,357,243,Enel X Way - Espacio Urbano La Dehesa,Lo Barnechea,Metropolitana,777415484,ENEL X,Enel,CCS 2,DC,60,(50-150],,0,0,DISPONIBLE,2026-09-01T20:38:10+00:00,2026-09-01T20:37:30.574143+00:00,2026-09-01T18:56:23+00:00,2026-09-01T20:38:10+00:00,1
592,357,243,Enel X Way - Espacio Urbano La Dehesa,Lo Barnechea,Metropolitana,777415484,ENEL X,Enel,CCS 2,DC,60,(50-150],,0,0,DISPONIBLE,2026-09-01T20:33:07+00:00,2026-09-01T20:37:30.574143+00:00,2026-09-01T18:56:23+00:00,2026-09-01T20:38:10+00:00,1
593,358,244,SAVE HIPER LIDER LA SERENA-COLBUN,La Serena,Coquimbo,920110002,Enerlink Chile SpA,Enerlink,CHAdeMO,DC,24,(22-50],,0,0,DISPONIBLE,2026-09-01T18:56:23+00:00,2026-09-01T17:28:18.541162+00:00,2026-09-01T18:56:23+00:00,2026-09-01T20:38:10+00:00,1
594,358,244,SAVE HIPER LIDER LA SERENA-COLBUN,La Serena,Coquimbo,920110002,Enerlink Chile SpA,Enerlink,CCS 2,DC,24,(22-50],,0,0,DISPONIBLE,2026-09-01T18:56:23+00:00,2026-09-01T17:28:18.541162+00:00,2026-09-01T18:56:23+00:00,2026-09-01T20:38:10+00:00,1
595,359,245,SAVE HIPER LIDER BIOBIO-COLBUN,Talcahuano,Biobío,920110002,Enerlink Chile SpA,Enerlink,CHAdeMO,DC,24,(22-50],,0,0,DISPONIBLE,2026-09-01T20:23:01+00:00,2026-09-01T20:20:18.318402+00:00,2026-09-01T18:56:23+00:00,2026-09-01T20:38:10+00:00,1
596,359,245,SAVE HIPER LIDER BIOBIO-COLBUN,Talcahuano,Biobío,920110002,Enerlink Chile SpA,Enerlink,CCS 2,DC,24,(22-50],,0,0,DISPONIBLE,2026-09-01T20:23:01+00:00,2026-09-01T20:20:18.318402+00:00,2026-09-01T18:56:23+00:00,2026-09-01T20:38:10+00:00,1
597,360,246,SAVE VOLTEX Portal Los Arrayanes,Puerto Varas,Los Lagos,995200007,COPEC VOLTEX,Copec Voltex,Tipo 2,AC,22,(7-22],,1,1,NO DISPONIBLE,2026-09-01T18:56:23+00:00,2025-08-19T13:27:51.269611+00:00,2026-09-01T18:56:23+00:00,2026-09-01T20:38:10+00:00,1
598,360,246,SAVE VOLTEX Portal Los Arrayanes,Puerto Varas,Los Lagos,995200007,COPEC VOLTEX,Copec Voltex,Tipo 2,AC,22,(7-22],,1,1,NO DISPONIBLE,2026-09-01T18:56:23+00:00,2025-08-19T13:27:51.269611+00:00,2026-09-01T18:56:23+00:00,2026-09-01T20:38:10+00:00,1
599,361,247,Cargador Urbano Profesor Zañartu,Independencia,Metropolitana,995200007,COPEC VOLTEX,Copec Voltex,Tipo 2,AC,22,(7-22],CALLE,0,0,FUERA DE LINEA,2026-09-01T18:56:23+00:00,2026-08-31T03:21:10.831231+00:00,2026-09-01T18:56:23+00:00,2026-09-01T20:38:10+00:00,1
600,361,247,Cargador Urbano Profesor Zañartu,Independencia,Metropolitana,995200007,COPEC VOLTEX,Copec Voltex,Tipo 2,AC,22,(7-22],CALLE,0,0,FUERA DE LINEA,2026-09-01T18:56:23+00:00,2026-08-31T03:21:10.831231+00:00,2026-09-01T18:56:23+00:00,2026-09-01T20:38:10+00:00,1
601,362,248,IRVE EDIF. LOS MILITARES - CBRE,Las Condes,Metropolitana,995200007,COPEC VOLTEX,Copec Voltex,Tipo 2,AC,22,(7-22],,1,1,OCUPADO,2026-09-01T18:56:23+00:00,2025-02-19T20:27:36.583780+00:00,2026-09-01T18:56:23+00:00,2026-09-01T20:38:10+00:00,1
602,363,248,IRVE EDIF. LOS MILITARES - CBRE,Las Condes,Metropolitana,995200007,COPEC VOLTEX,Copec Voltex,Tipo 2,AC,22,(7-22],,1,1,FUERA DE LINEA,2026-09-01T18:56:23+00:00,2025-02-19T20:26:46.971758+00:00,2026-09-01T18:56:23+00:00,2026-09-01T20:38:10+00:00,1
603,364,249,Enel X Way - Ilustre Municipalidad de Pica,Pica,Tarapacá,777415484,ENEL X,Enel,Favor actualizar valor,DC,15,(7-22],,1,1,FUERA DE LINEA,2026-09-01T18:56:23+00:00,2026-04-08T21:35:57.359777+00:00,2026-09-01T18:56:23+00:00,2026-09-01T20:38:10+00:00,1
604,364,249,Enel X Way - Ilustre Municipalidad de Pica,Pica,Tarapacá,777415484,ENEL X,Enel,Favor actualizar valor,DC,15,(7-22],,1,1,FUERA DE LINEA,2026-09-01T18:56:23+00:00,2026-04-08T21:35:57.359777+00:00,2026-09-01T18:56:23+00:00,2026-09-01T20:38:10+00:00,1
605,365,249,Enel X Way - Ilustre Municipalidad de Pica,Pica,Tarapacá,777415484,ENEL X,Enel,CCS 2,DC,15,(7-22],,1,1,FUERA DE LINEA,2026-09-01T18:56:23+00:00,2026-04-08T21:35:57.359777+00:00,2026-09-01T18:56:23+00:00,2026-09-01T20:38:10+00:00,1
606,365,249,Enel X Way - Ilustre Municipalidad de Pica,Pica,Tarapacá,777415484,ENEL X,Enel,CHAdeMO,DC,15,(7-22],,1,1,FUERA DE LINEA,2026-09-01T18:56:23+00:00,2026-04-08T21:35:57.359777+00:00,2026-09-01T18:56:23+00:00,2026-09-01T20:38:10+00:00,1
607,366,250,Enel X WAY - Espacio Urbano Antofagasta,Antofagasta,Antofagasta,777415484,ENEL X,Enel,CCS 2,DC,60,(50-150],CENTRO COMERCIAL,0,0,OCUPADO,2026-09-01T20:12:55+00:00,2026-09-01T20:11:53.939911+00:00,2026-09-01T18:56:23+00:00,2026-09-01T20:38:10+00:00,1
608,366,250,Enel X WAY - Espacio Urbano Antofagasta,Antofagasta,Antofagasta,777415484,ENEL X,Enel,CCS 2,DC,60,(50-150],CENTRO COMERCIAL,0,0,DISPONIBLE,2026-09-01T20:12:55+00:00,2026-09-01T20:11:53.939911+00:00,2026-09-01T18:56:23+00:00,2026-09-01T20:38:10+00:00,1
609,367,251,Enel x way - Tottus Nataniel Cox (Santiago),Santiago,Metropolitana,777415484,ENEL X,Enel,CCS 2,DC,60,(50-150],CENTRO COMERCIAL,0,0,FUERA DE LINEA,2026-09-01T18:56:23+00:00,2026-09-01T04:08:07.423571+00:00,2026-09-01T18:56:23+00:00,2026-09-01T20:38:10+00:00,1
610,367,251,Enel x way - Tottus Nataniel Cox (Santiago),Santiago,Metropolitana,777415484,ENEL X,Enel,CHAdeMO,DC,50,(22-50],CENTRO COMERCIAL,0,0,FUERA DE LINEA,2026-09-01T18:56:23+00:00,2026-09-01T04:08:07.423571+00:00,2026-09-01T18:56:23+00:00,2026-09-01T20:38:10+00:00,1
611,368,251,Enel x way - Tottus Nataniel Cox (Santiago),Santiago,Metropolitana,777415484,ENEL X,Enel,CCS 2,DC,60,(50-150],CENTRO COMERCIAL,0,0,FUERA DE LINEA,2026-09-01T18:56:23+00:00,2026-09-01T10:56:08.320324+00:00,2026-09-01T18:56:23+00:00,2026-09-01T20:38:10+00:00,1
612,368,251,Enel x way - Tottus Nataniel Cox (Santiago),Santiago,Metropolitana,777415484,ENEL X,Enel,CCS 2,DC,60,(50-150],CENTRO COMERCIAL,0,0,FUERA DE LINEA,2026-09-01T18:56:23+00:00,2026-09-01T10:56:08.320324+00:00,2026-09-01T18:56:23+00:00,2026-09-01T20:38:10+00:00,1
613,369,252,Enel X Way - Tottus Padre Hurtado,Vitacura,Metropolitana,777415484,ENEL X,Enel,CCS 2,DC,60,(50-150],CENTRO COMERCIAL,0,0,FUERA DE LINEA,2026-09-01T18:56:23+00:00,2026-09-01T04:07:43.266406+00:00,2026-09-01T18:56:23+00:00,2026-09-01T20:38:10+00:00,1
614,369,252,Enel X Way - Tottus Padre Hurtado,Vitacura,Metropolitana,777415484,ENEL X,Enel,CCS 2,DC,60,(50-150],CENTRO COMERCIAL,0,0,FUERA DE LINEA,2026-09-01T18:56:23+00:00,2026-09-01T04:07:43.266406+00:00,2026-09-01T18:56:23+00:00,2026-09-01T20:38:10+00:00,1
615,370,252,Enel X Way - Tottus Padre Hurtado,Vitacura,Metropolitana,777415484,ENEL X,Enel,CCS 2,DC,60,(50-150],CENTRO COMERCIAL,0,0,FUERA DE LINEA,2026-09-01T18:56:23+00:00,2026-09-01T04:07:42.946783+00:00,2026-09-01T18:56:23+00:00,2026-09-01T20:38:10+00:00,1
616,370,252,Enel X Way - Tottus Padre Hurtado,Vitacura,Metropolitana,777415484,ENEL X,Enel,CHAdeMO,DC,50,(22-50],CENTRO COMERCIAL,0,0,FUERA DE LINEA,2026-09-01T18:56:23+00:00,2026-09-01T04:07:42.946783+00:00,2026-09-01T18:56:23+00:00,2026-09-01T20:38:10+00:00,1
617,371,253,Enel X  - Petrobras Luis Pasteur,Vitacura,Metropolitana,777415484,ENEL X,Enel,Tipo 2,AC,22,(7-22],,0,0,OCUPADO,2026-09-01T20:23:01+00:00,2026-09-01T20:04:48.923419+00:00,2026-09-01T18:56:23+00:00,2026-09-01T20:38:10+00:00,1
618,372,253,Enel X  - Petrobras Luis Pasteur,Vitacura,Metropolitana,777415484,ENEL X,Enel,CCS 2,DC,60,(50-150],,0,0,OCUPADO,2026-09-01T20:12:55+00:00,2026-09-01T20:11:53.331119+00:00,2026-09-01T18:56:23+00:00,2026-09-01T20:38:10+00:00,1
619,372,253,Enel X  - Petrobras Luis Pasteur,Vitacura,Metropolitana,777415484,ENEL X,Enel,CHAdeMO,DC,50,(22-50],,0,0,OCUPADO,2026-09-01T20:12:55+00:00,2026-09-01T20:11:53.331119+00:00,2026-09-01T18:56:23+00:00,2026-09-01T20:38:10+00:00,1
623,375,255,Enel X Way - UCSC,Concepción,Biobío,777415484,ENEL X,Enel,Tipo 2,AC,22,(7-22],CENTRO COMERCIAL,0,0,DISPONIBLE,2026-09-01T18:56:23+00:00,2026-09-01T04:07:43.356941+00:00,2026-09-01T18:56:23+00:00,2026-09-01T20:38:10+00:00,1
624,376,256,Cargador Eléctrico Voltex Plaza de Armas Peñaflor,Penaflor,Metropolitana,995200007,COPEC VOLTEX,Copec Voltex,Tipo 2,AC,22,(7-22],CALLE,0,0,NO DISPONIBLE,2026-09-01T18:56:23+00:00,2026-02-11T15:14:43.187593+00:00,2026-09-01T18:56:23+00:00,2026-09-01T20:38:10+00:00,1
625,376,256,Cargador Eléctrico Voltex Plaza de Armas Peñaflor,Penaflor,Metropolitana,995200007,COPEC VOLTEX,Copec Voltex,Tipo 2,AC,22,(7-22],CALLE,0,0,NO DISPONIBLE,2026-09-01T18:56:23+00:00,2026-02-11T15:14:43.187593+00:00,2026-09-01T18:56:23+00:00,2026-09-01T20:38:10+00:00,1
626,377,257,IRVE EDIFICIO SWITCH,Las Condes,Metropolitana,995200007,COPEC VOLTEX,Copec Voltex,Tipo 2,AC,7.4,7,EDIFICIO,0,0,DISPONIBLE,2026-09-01T20:12:55+00:00,2026-09-01T19:58:55.611253+00:00,2026-09-01T18:56:23+00:00,2026-09-01T20:38:10+00:00,1
627,378,257,IRVE EDIFICIO SWITCH,Las Condes,Metropolitana,995200007,COPEC VOLTEX,Copec Voltex,Tipo 2,AC,7.4,7,EDIFICIO,0,0,OCUPADO,2026-09-01T18:56:23+00:00,2026-09-01T18:04:28.334398+00:00,2026-09-01T18:56:23+00:00,2026-09-01T20:38:10+00:00,1
628,379,258,Enex E-Pro Shell San Carlos,San Carlos,Ñuble,920110002,Enerlink Chile SpA,Enerlink,CHAdeMO,DC,50,(22-50],,0,0,FUERA DE LINEA,2026-09-01T18:56:23+00:00,2026-02-07T17:16:56.902646+00:00,2026-09-01T18:56:23+00:00,2026-09-01T20:38:10+00:00,1
629,379,258,Enex E-Pro Shell San Carlos,San Carlos,Ñuble,920110002,Enerlink Chile SpA,Enerlink,CCS 2,DC,50,(22-50],,0,0,FUERA DE LINEA,2026-09-01T18:56:23+00:00,2026-02-07T17:16:56.902646+00:00,2026-09-01T18:56:23+00:00,2026-09-01T20:38:10+00:00,1
630,379,258,Enex E-Pro Shell San Carlos,San Carlos,Ñuble,920110002,Enerlink Chile SpA,Enerlink,Tipo 2,AC,43,(22-50],,0,0,FUERA DE LINEA,2026-09-01T18:56:23+00:00,2026-02-07T17:16:56.902646+00:00,2026-09-01T18:56:23+00:00,2026-09-01T20:38:10+00:00,1
631,380,259,Enex E-Pro Shell Huentelauquén,Canela,Coquimbo,920110002,Enerlink Chile SpA,Enerlink,Tipo 2,AC,43,(22-50],,0,0,FUERA DE LINEA,2026-09-01T18:56:23+00:00,2026-02-06T16:01:50.135662+00:00,2026-09-01T18:56:23+00:00,2026-09-01T20:38:10+00:00,1
633,380,259,Enex E-Pro Shell Huentelauquén,Canela,Coquimbo,920110002,Enerlink Chile SpA,Enerlink,CHAdeMO,DC,50,(22-50],,0,0,FUERA DE LINEA,2026-09-01T18:56:23+00:00,2026-02-06T16:01:50.135662+00:00,2026-09-01T18:56:23+00:00,2026-09-01T20:38:10+00:00,1
636,382,261,IRVE Espacio Urbano Melipilla,Melipilla,Metropolitana,777415484,ENEL X,Enel,CCS 2,DC,60,(50-150],CENTRO COMERCIAL,0,0,DISPONIBLE,2026-09-01T18:56:23+00:00,2026-09-01T18:41:47.912961+00:00,2026-09-01T18:56:23+00:00,2026-09-01T20:38:10+00:00,1
637,382,261,IRVE Espacio Urbano Melipilla,Melipilla,Metropolitana,777415484,ENEL X,Enel,CCS 2,DC,60,(50-150],CENTRO COMERCIAL,0,0,DISPONIBLE,2026-09-01T18:56:23+00:00,2026-09-01T18:41:47.912961+00:00,2026-09-01T18:56:23+00:00,2026-09-01T20:38:10+00:00,1
638,383,262,IRVE Espacio Urbano Las Rejas,Estación Central,Metropolitana,777415484,ENEL X,Enel,CCS 2,DC,60,(50-150],CENTRO COMERCIAL,0,0,DISPONIBLE,2026-09-01T20:12:55+00:00,2026-09-01T20:36:51.641768+00:00,2026-09-01T18:56:23+00:00,2026-09-01T20:38:10+00:00,1
639,383,262,IRVE Espacio Urbano Las Rejas,Estación Central,Metropolitana,777415484,ENEL X,Enel,CCS 2,DC,60,(50-150],CENTRO COMERCIAL,0,0,DISPONIBLE,2026-09-01T20:12:55+00:00,2026-09-01T20:36:51.641768+00:00,2026-09-01T18:56:23+00:00,2026-09-01T20:38:10+00:00,1
640,384,263,Cargador Urbano Cerro Navia Estados Unidos,Cerro Navia,Metropolitana,995200007,COPEC VOLTEX,Copec Voltex,Tipo 2,AC,22,(7-22],,0,0,DISPONIBLE,2026-09-01T18:56:23+00:00,2026-09-01T19:50:13.654679+00:00,2026-09-01T18:56:23+00:00,2026-09-01T20:38:10+00:00,1
641,384,263,Cargador Urbano Cerro Navia Estados Unidos,Cerro Navia,Metropolitana,995200007,COPEC VOLTEX,Copec Voltex,Tipo 2,AC,22,(7-22],,0,0,FUERA DE LINEA,2026-09-01T20:12:55+00:00,2026-09-01T19:50:13.654679+00:00,2026-09-01T18:56:23+00:00,2026-09-01T20:38:10+00:00,1
645,387,265,Cargador Eléctrico Voltex Instituto Teleton ,Estación Central,Metropolitana,995200007,COPEC VOLTEX,Copec Voltex,Tipo 2,AC,22,(7-22],CALLE,0,0,FUERA DE LINEA,2026-09-01T18:56:23+00:00,2026-06-01T22:42:00.740859+00:00,2026-09-01T18:56:23+00:00,2026-09-01T20:38:10+00:00,1
646,387,265,Cargador Eléctrico Voltex Instituto Teleton ,Estación Central,Metropolitana,995200007,COPEC VOLTEX,Copec Voltex,Tipo 2,AC,22,(7-22],CALLE,0,0,FUERA DE LINEA,2026-09-01T18:56:23+00:00,2026-06-01T22:42:00.740859+00:00,2026-09-01T18:56:23+00:00,2026-09-01T20:38:10+00:00,1
647,388,266,Enel X Way - Espacio Urbano Punta Arenas,Punta Arenas,Magallanes y de la Antartica Chilena,777415484,ENEL X,Enel,CCS 2,DC,30,(22-50],CENTRO COMERCIAL,0,0,DISPONIBLE,2026-09-01T20:12:55+00:00,2026-09-01T19:41:52.561941+00:00,2026-09-01T18:56:23+00:00,2026-09-01T20:38:10+00:00,1
648,388,266,Enel X Way - Espacio Urbano Punta Arenas,Punta Arenas,Magallanes y de la Antartica Chilena,777415484,ENEL X,Enel,CCS 2,DC,30,(22-50],CENTRO COMERCIAL,0,0,DISPONIBLE,2026-09-01T20:12:55+00:00,2026-09-01T19:41:52.561941+00:00,2026-09-01T18:56:23+00:00,2026-09-01T20:38:10+00:00,1
654,392,269,Cargador Eléctrico Voltex Biblioteca Usach,Estación Central,Metropolitana,995200007,COPEC VOLTEX,Copec Voltex,Tipo 2,AC,22,(7-22],CALLE,0,0,DISPONIBLE,2026-09-01T18:56:23+00:00,2026-08-27T11:18:01.788114+00:00,2026-09-01T18:56:23+00:00,2026-09-01T20:38:10+00:00,1
655,392,269,Cargador Eléctrico Voltex Biblioteca Usach,Estación Central,Metropolitana,995200007,COPEC VOLTEX,Copec Voltex,Tipo 2,AC,22,(7-22],CALLE,0,0,DISPONIBLE,2026-09-01T18:56:23+00:00,2026-08-27T11:18:01.788114+00:00,2026-09-01T18:56:23+00:00,2026-09-01T20:38:10+00:00,1
656,393,270,Cargador Eléctrico Voltex Cementerio Catolico,Recoleta,Metropolitana,995200007,COPEC VOLTEX,Copec Voltex,Tipo 2,AC,22,(7-22],CALLE,0,0,FUERA DE LINEA,2026-09-01T18:56:23+00:00,2026-06-08T17:40:09.071614+00:00,2026-09-01T18:56:23+00:00,2026-09-01T20:38:10+00:00,1
657,393,270,Cargador Eléctrico Voltex Cementerio Catolico,Recoleta,Metropolitana,995200007,COPEC VOLTEX,Copec Voltex,Tipo 2,AC,22,(7-22],CALLE,0,0,FUERA DE LINEA,2026-09-01T18:56:23+00:00,2026-06-08T17:40:09.071614+00:00,2026-09-01T18:56:23+00:00,2026-09-01T20:38:10+00:00,1
658,394,271,BMW-VIÑA DEL MAR,Vina del Mar,Valparaíso,966954205,WILLIAMSON BALFOUR MOTORS,WILLIAMSON BALFOUR MOTORS,Tipo 2,AC,7.4,7,,1,1,FUERA DE LINEA,2026-09-01T18:56:23+00:00,2026-04-08T21:35:57.359777+00:00,2026-09-01T18:56:23+00:00,2026-09-01T20:38:10+00:00,1
659,395,272,Enel X Privados - CARGADORES GIMNASIO WM PICHILEMU,Pichilemu,Libertador Bernardo OHiggins,777415484,ENEL X,Enel,Tipo 2,AC,11,(7-22],OTRO,0,0,DISPONIBLE,2026-09-01T18:56:23+00:00,2026-09-01T02:06:31.251587+00:00,2026-09-01T18:56:23+00:00,2026-09-01T20:38:10+00:00,1
660,396,272,Enel X Privados - CARGADORES GIMNASIO WM PICHILEMU,Pichilemu,Libertador Bernardo OHiggins,777415484,ENEL X,Enel,Tipo 2,AC,11,(7-22],OTRO,0,0,DISPONIBLE,2026-09-01T18:56:23+00:00,2026-09-01T04:07:55.554914+00:00,2026-09-01T18:56:23+00:00,2026-09-01T20:38:10+00:00,1
661,397,273,Clínica Alemana Vitacura 2,Vitacura,Metropolitana,967701009,CLINICA ALEMANA SANTIAGO S.A,CLINICA ALEMANA SANTIAGO S.A,Tipo 2,AC,44,(22-50],,0,0,FUERA DE LINEA,2026-09-01T18:56:23+00:00,2026-04-08T21:35:57.359777+00:00,2026-09-01T18:56:23+00:00,2026-09-01T20:38:10+00:00,1
662,398,274,IRVE Strip Center Padre Hurtado,Las Condes,Metropolitana,777415484,ENEL X,Enel,CCS 2,DC,60,(50-150],CENTRO COMERCIAL,1,1,FUERA DE LINEA,2026-09-01T18:56:23+00:00,2026-06-08T15:33:27.261049+00:00,2026-09-01T18:56:23+00:00,2026-09-01T20:38:10+00:00,1
663,398,274,IRVE Strip Center Padre Hurtado,Las Condes,Metropolitana,777415484,ENEL X,Enel,CHAdeMO,DC,50,(22-50],CENTRO COMERCIAL,1,1,DISPONIBLE,2026-09-01T18:56:23+00:00,2026-06-08T15:33:27.261049+00:00,2026-09-01T18:56:23+00:00,2026-09-01T20:38:10+00:00,1
664,399,275,IRVE Tottus Catedral,Santiago,Metropolitana,777415484,ENEL X,Enel,CHAdeMO,DC,50,(22-50],CENTRO COMERCIAL,1,1,DISPONIBLE,2026-09-01T18:56:23+00:00,2026-06-08T15:34:07.270125+00:00,2026-09-01T18:56:23+00:00,2026-09-01T20:38:10+00:00,1
665,399,275,IRVE Tottus Catedral,Santiago,Metropolitana,777415484,ENEL X,Enel,CCS 2,DC,60,(50-150],CENTRO COMERCIAL,1,1,DISPONIBLE,2026-09-01T18:56:23+00:00,2026-06-08T15:34:07.270125+00:00,2026-09-01T18:56:23+00:00,2026-09-01T20:38:10+00:00,1
668,401,276,OUTLET PASEO ALERCE ,Puerto Montt,Los Lagos,76409851k,INMOBILIARIA POWER CENTER LTDA,INMOBILIARIA POWER CENTER LTDA,Tipo 2,AC,22,(7-22],,0,0,FUERA DE LINEA,2026-09-01T18:56:23+00:00,2026-04-08T21:35:57.359777+00:00,2026-09-01T18:56:23+00:00,2026-09-01T20:38:10+00:00,1
669,401,276,OUTLET PASEO ALERCE ,Puerto Montt,Los Lagos,76409851k,INMOBILIARIA POWER CENTER LTDA,INMOBILIARIA POWER CENTER LTDA,Tipo 2,AC,22,(7-22],,0,0,FUERA DE LINEA,2026-09-01T18:56:23+00:00,2026-04-08T21:35:57.359777+00:00,2026-09-01T18:56:23+00:00,2026-09-01T20:38:10+00:00,1
670,402,276,OUTLET PASEO ALERCE ,Puerto Montt,Los Lagos,76409851k,INMOBILIARIA POWER CENTER LTDA,INMOBILIARIA POWER CENTER LTDA,Tipo 2,AC,22,(7-22],,0,0,FUERA DE LINEA,2026-09-01T18:56:23+00:00,2026-04-08T21:35:57.359777+00:00,2026-09-01T18:56:23+00:00,2026-09-01T20:38:10+00:00,1
671,402,276,OUTLET PASEO ALERCE ,Puerto Montt,Los Lagos,76409851k,INMOBILIARIA POWER CENTER LTDA,INMOBILIARIA POWER CENTER LTDA,Tipo 2,AC,22,(7-22],,0,0,FUERA DE LINEA,2026-09-01T18:56:23+00:00,2026-04-08T21:35:57.359777+00:00,2026-09-01T18:56:23+00:00,2026-09-01T20:38:10+00:00,1
672,403,277,Enel X Way - Espacio Urbano Linares ,Linares,Maule,777415484,ENEL X,Enel,CCS 2,DC,30,(22-50],CENTRO COMERCIAL,0,0,DISPONIBLE,2026-09-01T18:56:23+00:00,2026-09-01T02:08:02.418519+00:00,2026-09-01T18:56:23+00:00,2026-09-01T20:38:10+00:00,1
673,403,277,Enel X Way - Espacio Urbano Linares ,Linares,Maule,777415484,ENEL X,Enel,CCS 2,DC,30,(22-50],CENTRO COMERCIAL,0,0,DISPONIBLE,2026-09-01T18:56:23+00:00,2026-09-01T02:08:02.418519+00:00,2026-09-01T18:56:23+00:00,2026-09-01T20:38:10+00:00,1
674,404,278,IRVE Espacio Urbano Machalí,Machalí,Libertador Bernardo OHiggins,777415484,ENEL X,Enel,CCS 2,DC,60,(50-150],,0,0,DISPONIBLE,2026-09-01T18:56:23+00:00,2026-09-01T17:31:44.191106+00:00,2026-09-01T18:56:23+00:00,2026-09-01T20:38:10+00:00,1
675,404,278,IRVE Espacio Urbano Machalí,Machalí,Libertador Bernardo OHiggins,777415484,ENEL X,Enel,CCS 2,DC,60,(50-150],,0,0,DISPONIBLE,2026-09-01T18:56:23+00:00,2026-09-01T17:31:44.191106+00:00,2026-09-01T18:56:23+00:00,2026-09-01T20:38:10+00:00,1
679,407,280,Enel X Way - Petrobras Ciudad Satelite ,Maipú,Metropolitana,777415484,ENEL X,Enel,Tipo 2,AC,22,(7-22],OTRO,1,1,FUERA DE LINEA,2026-09-01T18:56:23+00:00,2026-09-01T03:59:22.481945+00:00,2026-09-01T18:56:23+00:00,2026-09-01T20:38:10+00:00,1
682,409,281,Enex E-Pro Shell Chillán Viejo,Chillán Viejo,Ñuble,920110002,Enerlink Chile SpA,Enerlink,Tipo 2,AC,43,(22-50],,0,0,DISPONIBLE,2026-09-01T18:56:23+00:00,2026-09-01T12:42:55.834510+00:00,2026-09-01T18:56:23+00:00,2026-09-01T20:38:10+00:00,1
683,409,281,Enex E-Pro Shell Chillán Viejo,Chillán Viejo,Ñuble,920110002,Enerlink Chile SpA,Enerlink,CCS 2,DC,50,(22-50],,0,0,DISPONIBLE,2026-09-01T18:56:23+00:00,2026-09-01T12:42:55.834510+00:00,2026-09-01T18:56:23+00:00,2026-09-01T20:38:10+00:00,1
684,409,281,Enex E-Pro Shell Chillán Viejo,Chillán Viejo,Ñuble,920110002,Enerlink Chile SpA,Enerlink,CHAdeMO,DC,50,(22-50],,0,0,DISPONIBLE,2026-09-01T18:56:23+00:00,2026-09-01T12:42:55.834510+00:00,2026-09-01T18:56:23+00:00,2026-09-01T20:38:10+00:00,1
685,410,282,Enex E-Pro Shell Victoria,Victoria,La Araucanía,920110002,Enerlink Chile SpA,Enerlink,Tipo 2,AC,43,(22-50],,0,0,FUERA DE LINEA,2026-09-01T18:56:23+00:00,2025-08-22T11:59:49.659984+00:00,2026-09-01T18:56:23+00:00,2026-09-01T20:38:10+00:00,1
686,410,282,Enex E-Pro Shell Victoria,Victoria,La Araucanía,920110002,Enerlink Chile SpA,Enerlink,CCS 2,DC,50,(22-50],,0,0,FUERA DE LINEA,2026-09-01T18:56:23+00:00,2025-08-22T11:59:49.659984+00:00,2026-09-01T18:56:23+00:00,2026-09-01T20:38:10+00:00,1
687,410,282,Enex E-Pro Shell Victoria,Victoria,La Araucanía,920110002,Enerlink Chile SpA,Enerlink,CHAdeMO,DC,50,(22-50],,0,0,FUERA DE LINEA,2026-09-01T18:56:23+00:00,2025-08-22T11:59:49.659984+00:00,2026-09-01T18:56:23+00:00,2026-09-01T20:38:10+00:00,1
688,411,283,Enel X Way - Sodimac Chicureo,Colina,Metropolitana,777415484,ENEL MOBILITY CHILE SPA,Enel,Tipo 2,AC,7.4,7,CENTRO COMERCIAL,0,0,NO DISPONIBLE,2026-09-01T18:56:23+00:00,2025-05-05T12:15:28.237836+00:00,2026-09-01T18:56:23+00:00,2026-09-01T20:38:10+00:00,1
689,412,284,IRVE Tottus Vicuña Mackena,Santiago,Metropolitana,777415484,ENEL X,Enel,CCS 2,DC,60,(50-150],CENTRO COMERCIAL,0,0,DISPONIBLE,2026-09-01T20:12:55+00:00,2026-09-01T20:37:10.264114+00:00,2026-09-01T18:56:23+00:00,2026-09-01T20:38:10+00:00,1
690,412,284,IRVE Tottus Vicuña Mackena,Santiago,Metropolitana,777415484,ENEL X,Enel,CCS 2,DC,60,(50-150],CENTRO COMERCIAL,0,0,DISPONIBLE,2026-09-01T20:38:10+00:00,2026-09-01T20:37:10.264114+00:00,2026-09-01T18:56:23+00:00,2026-09-01T20:38:10+00:00,1
691,413,284,IRVE Tottus Vicuña Mackena,Santiago,Metropolitana,777415484,ENEL X,Enel,Tipo 2,AC,22,(7-22],CENTRO COMERCIAL,0,0,DISPONIBLE,2026-09-01T20:38:10+00:00,2026-09-01T20:37:02.301527+00:00,2026-09-01T18:56:23+00:00,2026-09-01T20:38:10+00:00,1
692,414,285,Enex E-Pro Shell Colón Vespucio ,Las Condes,Metropolitana,920110002,Enerlink Chile SpA,Enerlink,CCS 2,DC,50,(22-50],,0,0,OCUPADO,2026-09-01T20:17:59+00:00,2026-08-31T18:01:00.203686+00:00,2026-09-01T18:56:23+00:00,2026-09-01T20:38:10+00:00,1
693,414,285,Enex E-Pro Shell Colón Vespucio ,Las Condes,Metropolitana,920110002,Enerlink Chile SpA,Enerlink,CHAdeMO,DC,50,(22-50],,0,0,DISPONIBLE,2026-09-01T18:56:23+00:00,2026-08-31T18:01:00.203686+00:00,2026-09-01T18:56:23+00:00,2026-09-01T20:38:10+00:00,1
694,415,285,Enex E-Pro Shell Colón Vespucio ,Las Condes,Metropolitana,920110002,Enerlink Chile SpA,Enerlink,Tipo 2,AC,22,(7-22],,0,0,NO DISPONIBLE,2026-09-01T18:56:23+00:00,2025-01-23T19:44:51.369205+00:00,2026-09-01T18:56:23+00:00,2026-09-01T20:38:10+00:00,1
695,416,286,Enel X Way - Cochrane,Cochrane,Aysén del General Carlos Ibáñez del Campo,777415484,ENEL X,Enel,Tipo 2,AC,7.4,7,HOTEL,0,0,DISPONIBLE,2026-09-01T18:56:23+00:00,2026-09-01T02:07:44.179686+00:00,2026-09-01T18:56:23+00:00,2026-09-01T20:38:10+00:00,1
696,417,287,Enel X - Starbucks La Reina ,La Reina,Metropolitana,777415484,ENEL X,Enel,Tipo 2,AC,7.4,7,RESTAURANT,0,0,FUERA DE LINEA,2026-09-01T18:56:23+00:00,2025-10-23T19:59:58.704716+00:00,2026-09-01T18:56:23+00:00,2026-09-01T20:38:10+00:00,1
697,418,288,Enel XWay ELECTROLINERA PETROBRAS CONCHA Y TORO,Puente Alto,Metropolitana,777415484,ENEL X,Enel,CCS 2,DC,22,(7-22],OTRO,0,0,OCUPADO,2026-09-01T20:23:01+00:00,2026-09-01T20:22:00.717206+00:00,2026-09-01T18:56:23+00:00,2026-09-01T20:38:10+00:00,1
698,419,288,Enel XWay ELECTROLINERA PETROBRAS CONCHA Y TORO,Puente Alto,Metropolitana,777415484,ENEL X,Enel,CHAdeMO,DC,50,(22-50],OTRO,0,0,DISPONIBLE,2026-09-01T18:56:23+00:00,2026-09-01T20:37:02.477114+00:00,2026-09-01T18:56:23+00:00,2026-09-01T20:38:10+00:00,1
699,419,288,Enel XWay ELECTROLINERA PETROBRAS CONCHA Y TORO,Puente Alto,Metropolitana,777415484,ENEL X,Enel,CCS 2,DC,60,(50-150],OTRO,0,0,OCUPADO,2026-09-01T20:38:10+00:00,2026-09-01T20:37:02.477114+00:00,2026-09-01T18:56:23+00:00,2026-09-01T20:38:10+00:00,1
700,420,289,Enel X Way - Cargadores Mas Center Cd. Empresarial,Huechuraba,Metropolitana,777415484,ENEL X,Enel,Tipo 2,AC,7.4,7,CENTRO COMERCIAL,0,0,DISPONIBLE,2026-09-01T18:56:23+00:00,2026-09-01T04:09:59.178791+00:00,2026-09-01T18:56:23+00:00,2026-09-01T20:38:10+00:00,1
701,421,289,Enel X Way - Cargadores Mas Center Cd. Empresarial,Huechuraba,Metropolitana,777415484,ENEL X,Enel,Tipo 2,AC,7.4,7,CENTRO COMERCIAL,0,0,DISPONIBLE,2026-09-01T18:56:23+00:00,2026-09-01T17:21:40.509679+00:00,2026-09-01T18:56:23+00:00,2026-09-01T20:38:10+00:00,1
702,422,290,COPEC VOLTEX EDS 10024 - SAN PEDRO DE ATACAMA,San Pedro de Atacama,Antofagasta,995200007,COPEC VOLTEX,Copec Voltex,Tipo 2,AC,22,(7-22],,0,0,FUERA DE LINEA,2026-09-01T18:56:23+00:00,2026-08-30T20:39:27.907628+00:00,2026-09-01T18:56:23+00:00,2026-09-01T20:38:10+00:00,1
703,422,290,COPEC VOLTEX EDS 10024 - SAN PEDRO DE ATACAMA,San Pedro de Atacama,Antofagasta,995200007,COPEC VOLTEX,Copec Voltex,CCS 2,DC,50,(22-50],,0,0,DISPONIBLE,2026-09-01T18:56:23+00:00,2026-08-30T20:39:27.907628+00:00,2026-09-01T18:56:23+00:00,2026-09-01T20:38:10+00:00,1
704,422,290,COPEC VOLTEX EDS 10024 - SAN PEDRO DE ATACAMA,San Pedro de Atacama,Antofagasta,995200007,COPEC VOLTEX,Copec Voltex,CHAdeMO,DC,50,(22-50],,0,0,DISPONIBLE,2026-09-01T18:56:23+00:00,2026-08-30T20:39:27.907628+00:00,2026-09-01T18:56:23+00:00,2026-09-01T20:38:10+00:00,1
708,425,292,Enel X Way - Petrobras 14 de La Fama,Independencia,Metropolitana,777415484,ENEL X,Enel,CCS 2,DC,150,(50-150],OTRO,0,0,OCUPADO,2026-09-01T20:12:55+00:00,2026-09-01T19:46:56.441661+00:00,2026-09-01T18:56:23+00:00,2026-09-01T20:38:10+00:00,1
709,425,292,Enel X Way - Petrobras 14 de La Fama,Independencia,Metropolitana,777415484,ENEL X,Enel,CHAdeMO,DC,50,(22-50],OTRO,0,0,OCUPADO,2026-09-01T20:12:55+00:00,2026-09-01T19:46:56.441661+00:00,2026-09-01T18:56:23+00:00,2026-09-01T20:38:10+00:00,1
710,426,292,Enel X Way - Petrobras 14 de La Fama,Independencia,Metropolitana,777415484,ENEL X,Enel,Tipo 2,AC,22,(7-22],OTRO,0,0,DISPONIBLE,2026-09-01T20:23:01+00:00,2026-09-01T20:22:01.625425+00:00,2026-09-01T18:56:23+00:00,2026-09-01T20:38:10+00:00,1
711,427,293,IRVE GOYCOLEA 100,La Cisterna,Metropolitana,995200007,COPEC VOLTEX,Copec Voltex,Tipo 2,AC,22,(7-22],,0,0,DISPONIBLE,2026-09-01T18:56:23+00:00,2026-08-10T22:56:59.770284+00:00,2026-09-01T18:56:23+00:00,2026-09-01T20:38:10+00:00,1
712,428,294,IRVE Espacio Urbano Maipú,Maipú,Metropolitana,777415484,ENEL X,Enel,CCS 2,DC,60,(50-150],CENTRO COMERCIAL,0,0,DISPONIBLE,2026-09-01T18:56:23+00:00,2026-09-01T15:46:38.735558+00:00,2026-09-01T18:56:23+00:00,2026-09-01T20:38:10+00:00,1
713,428,294,IRVE Espacio Urbano Maipú,Maipú,Metropolitana,777415484,ENEL X,Enel,CCS 2,DC,60,(50-150],CENTRO COMERCIAL,0,0,DISPONIBLE,2026-09-01T18:56:23+00:00,2026-09-01T15:46:38.735558+00:00,2026-09-01T18:56:23+00:00,2026-09-01T20:38:10+00:00,1
717,430,296,Enel X Way - Saba parque forestal,Santiago,Metropolitana,777415484,ENEL X,Enel,Tipo 2,AC,7.4,7,OTRO,0,0,DISPONIBLE,2026-09-01T18:56:23+00:00,2026-09-01T04:08:42.986500+00:00,2026-09-01T18:56:23+00:00,2026-09-01T20:38:10+00:00,1
718,431,296,Enel X Way - Saba parque forestal,Santiago,Metropolitana,777415484,ENEL X,Enel,Tipo 2,AC,7.4,7,OTRO,0,0,DISPONIBLE,2026-09-01T18:56:23+00:00,2026-09-01T04:08:46.861280+00:00,2026-09-01T18:56:23+00:00,2026-09-01T20:38:10+00:00,1
719,432,296,Enel X Way - Saba parque forestal,Santiago,Metropolitana,777415484,ENEL X,Enel,Tipo 2,AC,7.4,7,OTRO,0,0,DISPONIBLE,2026-09-01T18:56:23+00:00,2026-09-01T04:08:55.472445+00:00,2026-09-01T18:56:23+00:00,2026-09-01T20:38:10+00:00,1
720,433,297,Enel X Way - Tottus Vivaceta,Independencia,Metropolitana,777415484,ENEL X,Enel,CCS 2,DC,60,(50-150],CENTRO COMERCIAL,0,0,DISPONIBLE,2026-09-01T18:56:23+00:00,2026-09-01T16:01:34.598765+00:00,2026-09-01T18:56:23+00:00,2026-09-01T20:38:10+00:00,1
721,433,297,Enel X Way - Tottus Vivaceta,Independencia,Metropolitana,777415484,ENEL X,Enel,CHAdeMO,DC,50,(22-50],CENTRO COMERCIAL,0,0,DISPONIBLE,2026-09-01T18:56:23+00:00,2026-09-01T16:01:34.598765+00:00,2026-09-01T18:56:23+00:00,2026-09-01T20:38:10+00:00,1
725,436,299,Cargador Eléctrico Copec Planta Chillán,Chillán Viejo,Ñuble,995200007,COPEC VOLTEX,Copec Voltex,CHAdeMO,DC,50,(22-50],,0,0,FUERA DE LINEA,2026-09-01T18:56:23+00:00,2026-08-03T14:24:54.018346+00:00,2026-09-01T18:56:23+00:00,2026-09-01T20:38:10+00:00,1
726,436,299,Cargador Eléctrico Copec Planta Chillán,Chillán Viejo,Ñuble,995200007,COPEC VOLTEX,Copec Voltex,Tipo 2,AC,22,(7-22],,0,0,FUERA DE LINEA,2026-09-01T18:56:23+00:00,2026-08-03T14:24:54.018346+00:00,2026-09-01T18:56:23+00:00,2026-09-01T20:38:10+00:00,1
727,436,299,Cargador Eléctrico Copec Planta Chillán,Chillán Viejo,Ñuble,995200007,COPEC VOLTEX,Copec Voltex,CCS 2,DC,50,(22-50],,0,0,FUERA DE LINEA,2026-09-01T18:56:23+00:00,2026-08-03T14:24:54.018346+00:00,2026-09-01T18:56:23+00:00,2026-09-01T20:38:10+00:00,1
728,437,300,Enel X Way - Petrobras Pedro Fontova,Huechuraba,Metropolitana,777415484,ENEL X,Enel,CCS 2,DC,60,(50-150],,0,0,DISPONIBLE,2026-09-01T20:38:10+00:00,2026-09-01T20:37:45.374407+00:00,2026-09-01T18:56:23+00:00,2026-09-01T20:38:10+00:00,1
729,437,300,Enel X Way - Petrobras Pedro Fontova,Huechuraba,Metropolitana,777415484,ENEL X,Enel,CHAdeMO,DC,50,(22-50],,0,0,OCUPADO,2026-09-01T18:56:23+00:00,2026-09-01T20:37:45.374407+00:00,2026-09-01T18:56:23+00:00,2026-09-01T20:38:10+00:00,1
730,438,300,Enel X Way - Petrobras Pedro Fontova,Huechuraba,Metropolitana,777415484,ENEL X,Enel,Tipo 2,AC,22,(7-22],,0,0,DISPONIBLE,2026-09-01T18:56:23+00:00,2026-09-01T20:06:56.601845+00:00,2026-09-01T18:56:23+00:00,2026-09-01T20:38:10+00:00,1
731,439,301,Enel X Way - Petrobras Lo Prado,Lo Prado,Metropolitana,777415484,ENEL X,Enel,Tipo 2,AC,22,(7-22],OTRO,0,0,DISPONIBLE,2026-09-01T20:12:55+00:00,2026-09-01T20:16:57.151605+00:00,2026-09-01T18:56:23+00:00,2026-09-01T20:38:10+00:00,1
732,440,301,Enel X Way - Petrobras Lo Prado,Lo Prado,Metropolitana,777415484,ENEL X,Enel,CHAdeMO,DC,50,(22-50],OTRO,0,0,DISPONIBLE,2026-09-01T18:56:23+00:00,2026-09-01T20:14:10.920920+00:00,2026-09-01T18:56:23+00:00,2026-09-01T20:38:10+00:00,1
733,440,301,Enel X Way - Petrobras Lo Prado,Lo Prado,Metropolitana,777415484,ENEL X,Enel,CCS 2,DC,60,(50-150],OTRO,0,0,OCUPADO,2026-09-01T20:17:59+00:00,2026-09-01T20:14:10.920920+00:00,2026-09-01T18:56:23+00:00,2026-09-01T20:38:10+00:00,1
734,441,302,Cargadores Electricos Mas Center Santa Maria,Vitacura,Metropolitana,777415484,ENEL X,Enel,Tipo 2,AC,7.4,7,CENTRO COMERCIAL,0,0,DISPONIBLE,2026-09-01T18:56:23+00:00,2026-09-01T14:23:42.064033+00:00,2026-09-01T18:56:23+00:00,2026-09-01T20:38:10+00:00,1
735,442,302,Cargadores Electricos Mas Center Santa Maria,Vitacura,Metropolitana,777415484,ENEL X,Enel,Tipo 2,AC,7.4,7,CENTRO COMERCIAL,0,0,DISPONIBLE,2026-09-01T18:56:23+00:00,2026-09-01T12:36:10.181852+00:00,2026-09-01T18:56:23+00:00,2026-09-01T20:38:10+00:00,1
736,443,303,C E. Voltex Luis Pasteur esq. Eduardo Acevedo,Vitacura,Metropolitana,995200007,COPEC VOLTEX,Copec Voltex,Tipo 2,AC,22,(7-22],CALLE,1,1,NO DISPONIBLE,2026-09-01T18:56:23+00:00,2026-01-14T17:08:23.470435+00:00,2026-09-01T18:56:23+00:00,2026-09-01T20:38:10+00:00,1
737,443,303,C E. Voltex Luis Pasteur esq. Eduardo Acevedo,Vitacura,Metropolitana,995200007,COPEC VOLTEX,Copec Voltex,Tipo 2,AC,22,(7-22],CALLE,1,1,NO DISPONIBLE,2026-09-01T18:56:23+00:00,2026-01-14T17:08:23.470435+00:00,2026-09-01T18:56:23+00:00,2026-09-01T20:38:10+00:00,1
744,447,306,TE MOBILITY SpA - Punta Blanca ,Nunoa,Metropolitana,767491859,INMOBILIARIA IRARRAZAVAL DOS S,INMOBILIARIA IRARRAZAVAL DOS S,Tipo 2,AC,22,(7-22],,1,1,FUERA DE LINEA,2026-09-01T18:56:23+00:00,2026-04-08T21:35:57.359777+00:00,2026-09-01T18:56:23+00:00,2026-09-01T20:38:10+00:00,1
745,447,306,TE MOBILITY SpA - Punta Blanca ,Nunoa,Metropolitana,767491859,INMOBILIARIA IRARRAZAVAL DOS S,INMOBILIARIA IRARRAZAVAL DOS S,Tipo 2,AC,22,(7-22],,1,1,FUERA DE LINEA,2026-09-01T18:56:23+00:00,2026-04-08T21:35:57.359777+00:00,2026-09-01T18:56:23+00:00,2026-09-01T20:38:10+00:00,1
746,448,307,Enel X Way - Sodimac Osorno,Osorno,Los Lagos,777415484,ENEL X,Enel,Tipo 2,AC,11,(7-22],CENTRO COMERCIAL,0,0,NO DISPONIBLE,2026-09-01T18:56:23+00:00,2025-05-05T12:17:27.888530+00:00,2026-09-01T18:56:23+00:00,2026-09-01T20:38:10+00:00,1
747,448,307,Enel X Way - Sodimac Osorno,Osorno,Los Lagos,777415484,ENEL X,Enel,Tipo 2,AC,11,(7-22],CENTRO COMERCIAL,0,0,NO DISPONIBLE,2026-09-01T18:56:23+00:00,2025-05-05T12:17:27.888530+00:00,2026-09-01T18:56:23+00:00,2026-09-01T20:38:10+00:00,1
748,449,308,Enel X Way - EDS Petrobras Pintor Cicarelli,San Joaquín,Metropolitana,777415484,ENEL X,Enel,Tipo 2,AC,22,(7-22],OTRO,1,1,FUERA DE LINEA,2026-09-01T18:56:23+00:00,2026-06-08T15:34:53.340591+00:00,2026-09-01T18:56:23+00:00,2026-09-01T20:38:10+00:00,1
751,451,309,Enel X Way - Sodimac Concepcion ,Talcahuano,Biobío,777415484,ENEL X,Enel,Tipo 2,AC,11,(7-22],OTRO,0,0,FUERA DE LINEA,2026-09-01T18:56:23+00:00,2026-07-27T04:00:26.718628+00:00,2026-09-01T18:56:23+00:00,2026-09-01T20:38:10+00:00,1
752,451,309,Enel X Way - Sodimac Concepcion ,Talcahuano,Biobío,777415484,ENEL X,Enel,Tipo 2,AC,11,(7-22],OTRO,0,0,FUERA DE LINEA,2026-09-01T18:56:23+00:00,2026-07-27T04:00:26.718628+00:00,2026-09-01T18:56:23+00:00,2026-09-01T20:38:10+00:00,1
753,452,310,SAVE MOVICENTER,Huechuraba,Metropolitana,995200007,COPEC VOLTEX,Copec Voltex,Tipo 2,AC,22,(7-22],OTRO,0,0,FUERA DE LINEA,2026-09-01T18:56:23+00:00,2026-08-26T03:41:12.481160+00:00,2026-09-01T18:56:23+00:00,2026-09-01T20:38:10+00:00,1
754,453,311,Enel X Way Privados - Parque Arauco,Las Condes,Metropolitana,777415484,ENEL X,Enel,Tipo 2,AC,7.4,7,CENTRO COMERCIAL,0,0,FUERA DE LINEA,2026-09-01T18:56:23+00:00,2026-08-04T04:08:20.504418+00:00,2026-09-01T18:56:23+00:00,2026-09-01T20:38:10+00:00,1
755,454,311,Enel X Way Privados - Parque Arauco,Las Condes,Metropolitana,777415484,ENEL X,Enel,Tipo 2,AC,7.4,7,CENTRO COMERCIAL,0,0,FUERA DE LINEA,2026-09-01T18:56:23+00:00,2026-09-01T04:08:58.755199+00:00,2026-09-01T18:56:23+00:00,2026-09-01T20:38:10+00:00,1
756,455,311,Enel X Way Privados - Parque Arauco,Las Condes,Metropolitana,777415484,ENEL X,Enel,Tipo 2,AC,7.4,7,CENTRO COMERCIAL,0,0,FUERA DE LINEA,2026-09-01T18:56:23+00:00,2026-09-01T04:08:46.506349+00:00,2026-09-01T18:56:23+00:00,2026-09-01T20:38:10+00:00,1
757,456,311,Enel X Way Privados - Parque Arauco,Las Condes,Metropolitana,777415484,ENEL X,Enel,Tipo 2,AC,7.4,7,CENTRO COMERCIAL,0,0,FUERA DE LINEA,2026-09-01T18:56:23+00:00,2026-09-01T04:08:54.289914+00:00,2026-09-01T18:56:23+00:00,2026-09-01T20:38:10+00:00,1
758,457,311,Enel X Way Privados - Parque Arauco,Las Condes,Metropolitana,777415484,ENEL X,Enel,Tipo 2,AC,7.4,7,CENTRO COMERCIAL,0,0,FUERA DE LINEA,2026-09-01T18:56:23+00:00,2026-08-04T04:00:23.446093+00:00,2026-09-01T18:56:23+00:00,2026-09-01T20:38:10+00:00,1
759,458,311,Enel X Way Privados - Parque Arauco,Las Condes,Metropolitana,777415484,ENEL X,Enel,Tipo 2,AC,7.4,7,CENTRO COMERCIAL,0,0,FUERA DE LINEA,2026-09-01T18:56:23+00:00,2026-08-04T04:08:21.632869+00:00,2026-09-01T18:56:23+00:00,2026-09-01T20:38:10+00:00,1
760,459,311,Enel X Way Privados - Parque Arauco,Las Condes,Metropolitana,777415484,ENEL X,Enel,Tipo 2,AC,7.4,7,CENTRO COMERCIAL,0,0,FUERA DE LINEA,2026-09-01T18:56:23+00:00,2026-08-04T04:00:23.742043+00:00,2026-09-01T18:56:23+00:00,2026-09-01T20:38:10+00:00,1
761,460,311,Enel X Way Privados - Parque Arauco,Las Condes,Metropolitana,777415484,ENEL X,Enel,Tipo 2,AC,7.4,7,CENTRO COMERCIAL,0,0,FUERA DE LINEA,2026-09-01T18:56:23+00:00,2026-08-04T04:00:25.706883+00:00,2026-09-01T18:56:23+00:00,2026-09-01T20:38:10+00:00,1
762,461,311,Enel X Way Privados - Parque Arauco,Las Condes,Metropolitana,777415484,ENEL X,Enel,Tipo 2,AC,7.4,7,CENTRO COMERCIAL,0,0,FUERA DE LINEA,2026-09-01T18:56:23+00:00,2026-08-04T04:00:26.397470+00:00,2026-09-01T18:56:23+00:00,2026-09-01T20:38:10+00:00,1
763,462,311,Enel X Way Privados - Parque Arauco,Las Condes,Metropolitana,777415484,ENEL X,Enel,Tipo 2,AC,7.4,7,CENTRO COMERCIAL,0,0,FUERA DE LINEA,2026-09-01T18:56:23+00:00,2026-08-04T04:00:23.656429+00:00,2026-09-01T18:56:23+00:00,2026-09-01T20:38:10+00:00,1
764,463,311,Enel X Way Privados - Parque Arauco,Las Condes,Metropolitana,777415484,ENEL X,Enel,Tipo 2,AC,7.4,7,CENTRO COMERCIAL,0,0,FUERA DE LINEA,2026-09-01T18:56:23+00:00,2026-09-01T04:08:59.075787+00:00,2026-09-01T18:56:23+00:00,2026-09-01T20:38:10+00:00,1
765,464,311,Enel X Way Privados - Parque Arauco,Las Condes,Metropolitana,777415484,ENEL X,Enel,Tipo 2,AC,7.4,7,CENTRO COMERCIAL,0,0,FUERA DE LINEA,2026-09-01T18:56:23+00:00,2026-08-04T04:00:28.461798+00:00,2026-09-01T18:56:23+00:00,2026-09-01T20:38:10+00:00,1
766,465,311,Enel X Way Privados - Parque Arauco,Las Condes,Metropolitana,777415484,ENEL X,Enel,Tipo 2,AC,7.4,7,CENTRO COMERCIAL,0,0,DISPONIBLE,2026-09-01T18:56:23+00:00,2026-09-01T04:08:59.162156+00:00,2026-09-01T18:56:23+00:00,2026-09-01T20:38:10+00:00,1
767,466,311,Enel X Way Privados - Parque Arauco,Las Condes,Metropolitana,777415484,ENEL X,Enel,Tipo 2,AC,7.4,7,CENTRO COMERCIAL,0,0,FUERA DE LINEA,2026-09-01T18:56:23+00:00,2026-09-01T04:08:59.274592+00:00,2026-09-01T18:56:23+00:00,2026-09-01T20:38:10+00:00,1
768,467,311,Enel X Way Privados - Parque Arauco,Las Condes,Metropolitana,777415484,ENEL X,Enel,Tipo 2,AC,7.4,7,CENTRO COMERCIAL,0,0,DISPONIBLE,2026-09-01T18:56:23+00:00,2026-09-01T04:08:46.840144+00:00,2026-09-01T18:56:23+00:00,2026-09-01T20:38:10+00:00,1
769,468,311,Enel X Way Privados - Parque Arauco,Las Condes,Metropolitana,777415484,ENEL X,Enel,Tipo 2,AC,7.4,7,CENTRO COMERCIAL,0,0,DISPONIBLE,2026-09-01T18:56:23+00:00,2026-09-01T04:09:00.986224+00:00,2026-09-01T18:56:23+00:00,2026-09-01T20:38:10+00:00,1
770,469,311,Enel X Way Privados - Parque Arauco,Las Condes,Metropolitana,777415484,ENEL X,Enel,Tipo 2,AC,7.4,7,CENTRO COMERCIAL,0,0,FUERA DE LINEA,2026-09-01T18:56:23+00:00,2026-09-01T04:09:01.631060+00:00,2026-09-01T18:56:23+00:00,2026-09-01T20:38:10+00:00,1
771,470,311,Enel X Way Privados - Parque Arauco,Las Condes,Metropolitana,777415484,ENEL X,Enel,Tipo 2,AC,7.4,7,CENTRO COMERCIAL,0,0,DISPONIBLE,2026-09-01T18:56:23+00:00,2026-09-01T04:09:00.983531+00:00,2026-09-01T18:56:23+00:00,2026-09-01T20:38:10+00:00,1
772,471,311,Enel X Way Privados - Parque Arauco,Las Condes,Metropolitana,777415484,ENEL X,Enel,Tipo 2,AC,7.4,7,CENTRO COMERCIAL,0,0,FUERA DE LINEA,2026-09-01T18:56:23+00:00,2026-09-01T04:09:02.587051+00:00,2026-09-01T18:56:23+00:00,2026-09-01T20:38:10+00:00,1
773,472,311,Enel X Way Privados - Parque Arauco,Las Condes,Metropolitana,777415484,ENEL X,Enel,Tipo 2,AC,7.4,7,CENTRO COMERCIAL,0,0,FUERA DE LINEA,2026-09-01T18:56:23+00:00,2026-09-01T04:09:02.837708+00:00,2026-09-01T18:56:23+00:00,2026-09-01T20:38:10+00:00,1
774,473,311,Enel X Way Privados - Parque Arauco,Las Condes,Metropolitana,777415484,ENEL X,Enel,Tipo 2,AC,7.4,7,CENTRO COMERCIAL,0,0,FUERA DE LINEA,2026-09-01T18:56:23+00:00,2026-09-01T04:09:02.844288+00:00,2026-09-01T18:56:23+00:00,2026-09-01T20:38:10+00:00,1
775,474,311,Enel X Way Privados - Parque Arauco,Las Condes,Metropolitana,777415484,ENEL X,Enel,Tipo 2,AC,7.4,7,CENTRO COMERCIAL,0,0,DISPONIBLE,2026-09-01T18:56:23+00:00,2026-09-01T02:07:11.967661+00:00,2026-09-01T18:56:23+00:00,2026-09-01T20:38:10+00:00,1
776,475,311,Enel X Way Privados - Parque Arauco,Las Condes,Metropolitana,777415484,ENEL X,Enel,Tipo 2,AC,7.4,7,CENTRO COMERCIAL,0,0,FUERA DE LINEA,2026-09-01T18:56:23+00:00,2026-08-04T04:00:25.543890+00:00,2026-09-01T18:56:23+00:00,2026-09-01T20:38:10+00:00,1
777,476,311,Enel X Way Privados - Parque Arauco,Las Condes,Metropolitana,777415484,ENEL X,Enel,Tipo 2,AC,7.4,7,CENTRO COMERCIAL,0,0,DISPONIBLE,2026-09-01T18:56:23+00:00,2026-09-01T02:07:11.956473+00:00,2026-09-01T18:56:23+00:00,2026-09-01T20:38:10+00:00,1
778,477,311,Enel X Way Privados - Parque Arauco,Las Condes,Metropolitana,777415484,ENEL X,Enel,Tipo 2,AC,7.4,7,CENTRO COMERCIAL,0,0,FUERA DE LINEA,2026-09-01T18:56:23+00:00,2026-09-01T04:09:02.906457+00:00,2026-09-01T18:56:23+00:00,2026-09-01T20:38:10+00:00,1
779,478,311,Enel X Way Privados - Parque Arauco,Las Condes,Metropolitana,777415484,ENEL X,Enel,Tipo 2,AC,7.4,7,CENTRO COMERCIAL,0,0,DISPONIBLE,2026-09-01T18:56:23+00:00,2026-09-01T02:07:12.700518+00:00,2026-09-01T18:56:23+00:00,2026-09-01T20:38:10+00:00,1
780,479,311,Enel X Way Privados - Parque Arauco,Las Condes,Metropolitana,777415484,ENEL X,Enel,Tipo 2,AC,7.4,7,CENTRO COMERCIAL,0,0,DISPONIBLE,2026-09-01T18:56:23+00:00,2026-03-17T18:22:14.656830+00:00,2026-09-01T18:56:23+00:00,2026-09-01T20:38:10+00:00,1
781,480,311,Enel X Way Privados - Parque Arauco,Las Condes,Metropolitana,777415484,ENEL X,Enel,Tipo 2,AC,7.4,7,CENTRO COMERCIAL,0,0,FUERA DE LINEA,2026-09-01T18:56:23+00:00,2026-09-01T04:09:02.509821+00:00,2026-09-01T18:56:23+00:00,2026-09-01T20:38:10+00:00,1
782,481,311,Enel X Way Privados - Parque Arauco,Las Condes,Metropolitana,777415484,ENEL X,Enel,Tipo 2,AC,7.4,7,CENTRO COMERCIAL,0,0,DISPONIBLE,2026-09-01T18:56:23+00:00,2026-09-01T04:09:04.942829+00:00,2026-09-01T18:56:23+00:00,2026-09-01T20:38:10+00:00,1
783,482,311,Enel X Way Privados - Parque Arauco,Las Condes,Metropolitana,777415484,ENEL X,Enel,Tipo 2,AC,7.4,7,CENTRO COMERCIAL,0,0,FUERA DE LINEA,2026-09-01T18:56:23+00:00,2026-09-01T02:07:16.631406+00:00,2026-09-01T18:56:23+00:00,2026-09-01T20:38:10+00:00,1
784,483,311,Enel X Way Privados - Parque Arauco,Las Condes,Metropolitana,777415484,ENEL X,Enel,Tipo 2,AC,7.4,7,CENTRO COMERCIAL,0,0,FUERA DE LINEA,2026-09-01T18:56:23+00:00,2026-09-01T04:09:57.411814+00:00,2026-09-01T18:56:23+00:00,2026-09-01T20:38:10+00:00,1
785,484,311,Enel X Way Privados - Parque Arauco,Las Condes,Metropolitana,777415484,ENEL X,Enel,Tipo 2,AC,7.4,7,CENTRO COMERCIAL,0,0,FUERA DE LINEA,2026-09-01T18:56:23+00:00,2026-09-01T04:09:05.145921+00:00,2026-09-01T18:56:23+00:00,2026-09-01T20:38:10+00:00,1
786,485,311,Enel X Way Privados - Parque Arauco,Las Condes,Metropolitana,777415484,ENEL X,Enel,Tipo 2,AC,7.4,7,CENTRO COMERCIAL,0,0,FUERA DE LINEA,2026-09-01T18:56:23+00:00,2026-09-01T04:09:04.712681+00:00,2026-09-01T18:56:23+00:00,2026-09-01T20:38:10+00:00,1
787,486,311,Enel X Way Privados - Parque Arauco,Las Condes,Metropolitana,777415484,ENEL X,Enel,Tipo 2,AC,7.4,7,CENTRO COMERCIAL,0,0,FUERA DE LINEA,2026-09-01T18:56:23+00:00,2026-08-04T04:00:17.438241+00:00,2026-09-01T18:56:23+00:00,2026-09-01T20:38:10+00:00,1
788,487,311,Enel X Way Privados - Parque Arauco,Las Condes,Metropolitana,777415484,ENEL X,Enel,Tipo 2,AC,7.4,7,CENTRO COMERCIAL,0,0,FUERA DE LINEA,2026-09-01T18:56:23+00:00,2026-09-01T02:07:17.160330+00:00,2026-09-01T18:56:23+00:00,2026-09-01T20:38:10+00:00,1
789,488,311,Enel X Way Privados - Parque Arauco,Las Condes,Metropolitana,777415484,ENEL X,Enel,Tipo 2,AC,7.4,7,CENTRO COMERCIAL,0,0,FUERA DE LINEA,2026-09-01T18:56:23+00:00,2026-09-01T04:09:07.159033+00:00,2026-09-01T18:56:23+00:00,2026-09-01T20:38:10+00:00,1
790,489,311,Enel X Way Privados - Parque Arauco,Las Condes,Metropolitana,777415484,ENEL X,Enel,Tipo 2,AC,7.4,7,CENTRO COMERCIAL,0,0,DISPONIBLE,2026-09-01T18:56:23+00:00,2026-09-01T02:07:17.812959+00:00,2026-09-01T18:56:23+00:00,2026-09-01T20:38:10+00:00,1
791,490,311,Enel X Way Privados - Parque Arauco,Las Condes,Metropolitana,777415484,ENEL X,Enel,Tipo 2,AC,7.4,7,CENTRO COMERCIAL,0,0,FUERA DE LINEA,2026-09-01T18:56:23+00:00,2026-09-01T02:07:20.688773+00:00,2026-09-01T18:56:23+00:00,2026-09-01T20:38:10+00:00,1
792,491,311,Enel X Way Privados - Parque Arauco,Las Condes,Metropolitana,777415484,ENEL X,Enel,Tipo 2,AC,7.4,7,CENTRO COMERCIAL,0,0,DISPONIBLE,2026-09-01T18:56:23+00:00,2026-03-17T18:37:09.336686+00:00,2026-09-01T18:56:23+00:00,2026-09-01T20:38:10+00:00,1
793,492,311,Enel X Way Privados - Parque Arauco,Las Condes,Metropolitana,777415484,ENEL X,Enel,Tipo 2,AC,7.4,7,CENTRO COMERCIAL,0,0,DISPONIBLE,2026-09-01T18:56:23+00:00,2026-03-31T14:47:57.877799+00:00,2026-09-01T18:56:23+00:00,2026-09-01T20:38:10+00:00,1
794,493,311,Enel X Way Privados - Parque Arauco,Las Condes,Metropolitana,777415484,ENEL X,Enel,Tipo 2,AC,7.4,7,CENTRO COMERCIAL,0,0,DISPONIBLE,2026-09-01T18:56:23+00:00,2026-09-01T16:09:51.079932+00:00,2026-09-01T18:56:23+00:00,2026-09-01T20:38:10+00:00,1
795,494,311,Enel X Way Privados - Parque Arauco,Las Condes,Metropolitana,777415484,ENEL X,Enel,Tipo 2,AC,7.4,7,CENTRO COMERCIAL,0,0,FUERA DE LINEA,2026-09-01T18:56:23+00:00,2026-09-01T04:09:07.338266+00:00,2026-09-01T18:56:23+00:00,2026-09-01T20:38:10+00:00,1
796,495,311,Enel X Way Privados - Parque Arauco,Las Condes,Metropolitana,777415484,ENEL X,Enel,Tipo 2,AC,7.4,7,CENTRO COMERCIAL,0,0,FUERA DE LINEA,2026-09-01T18:56:23+00:00,2026-09-01T04:09:07.127063+00:00,2026-09-01T18:56:23+00:00,2026-09-01T20:38:10+00:00,1
797,496,311,Enel X Way Privados - Parque Arauco,Las Condes,Metropolitana,777415484,ENEL X,Enel,Tipo 2,AC,7.4,7,CENTRO COMERCIAL,0,0,FUERA DE LINEA,2026-09-01T18:56:23+00:00,2026-04-01T19:45:23.874382+00:00,2026-09-01T18:56:23+00:00,2026-09-01T20:38:10+00:00,1
798,497,311,Enel X Way Privados - Parque Arauco,Las Condes,Metropolitana,777415484,ENEL X,Enel,Tipo 2,AC,7.4,7,CENTRO COMERCIAL,0,0,FUERA DE LINEA,2026-09-01T18:56:23+00:00,2026-09-01T02:07:04.557455+00:00,2026-09-01T18:56:23+00:00,2026-09-01T20:38:10+00:00,1
799,498,311,Enel X Way Privados - Parque Arauco,Las Condes,Metropolitana,777415484,ENEL X,Enel,Tipo 2,AC,7.4,7,CENTRO COMERCIAL,0,0,FUERA DE LINEA,2026-09-01T18:56:23+00:00,2026-09-01T04:09:07.489259+00:00,2026-09-01T18:56:23+00:00,2026-09-01T20:38:10+00:00,1
800,499,311,Enel X Way Privados - Parque Arauco,Las Condes,Metropolitana,777415484,ENEL X,Enel,Tipo 2,AC,7.4,7,CENTRO COMERCIAL,0,0,FUERA DE LINEA,2026-09-01T18:56:23+00:00,2026-08-04T04:00:27.498995+00:00,2026-09-01T18:56:23+00:00,2026-09-01T20:38:10+00:00,1
801,500,311,Enel X Way Privados - Parque Arauco,Las Condes,Metropolitana,777415484,ENEL X,Enel,Tipo 2,AC,7.4,7,CENTRO COMERCIAL,0,0,DISPONIBLE,2026-09-01T18:56:23+00:00,2026-09-01T02:07:20.942599+00:00,2026-09-01T18:56:23+00:00,2026-09-01T20:38:10+00:00,1
802,501,311,Enel X Way Privados - Parque Arauco,Las Condes,Metropolitana,777415484,ENEL X,Enel,Tipo 2,AC,7.4,7,CENTRO COMERCIAL,0,0,FUERA DE LINEA,2026-09-01T18:56:23+00:00,2026-08-04T04:00:26.715896+00:00,2026-09-01T18:56:23+00:00,2026-09-01T20:38:10+00:00,1
803,502,311,Enel X Way Privados - Parque Arauco,Las Condes,Metropolitana,777415484,ENEL X,Enel,Tipo 2,AC,7.4,7,CENTRO COMERCIAL,0,0,FUERA DE LINEA,2026-09-01T18:56:23+00:00,2026-08-04T04:00:24.411833+00:00,2026-09-01T18:56:23+00:00,2026-09-01T20:38:10+00:00,1
804,503,311,Enel X Way Privados - Parque Arauco,Las Condes,Metropolitana,777415484,ENEL X,Enel,Tipo 2,AC,7.4,7,CENTRO COMERCIAL,0,0,FUERA DE LINEA,2026-09-01T18:56:23+00:00,2026-08-04T04:00:23.129658+00:00,2026-09-01T18:56:23+00:00,2026-09-01T20:38:10+00:00,1
805,504,311,Enel X Way Privados - Parque Arauco,Las Condes,Metropolitana,777415484,ENEL X,Enel,Tipo 2,AC,7.4,7,CENTRO COMERCIAL,0,0,DISPONIBLE,2026-09-01T18:56:23+00:00,2026-09-01T18:50:11.719214+00:00,2026-09-01T18:56:23+00:00,2026-09-01T20:38:10+00:00,1
806,505,311,Enel X Way Privados - Parque Arauco,Las Condes,Metropolitana,777415484,ENEL X,Enel,Tipo 2,AC,7.4,7,CENTRO COMERCIAL,0,0,FUERA DE LINEA,2026-09-01T18:56:23+00:00,2026-08-04T04:00:23.657635+00:00,2026-09-01T18:56:23+00:00,2026-09-01T20:38:10+00:00,1
807,506,311,Enel X Way Privados - Parque Arauco,Las Condes,Metropolitana,777415484,ENEL X,Enel,Tipo 2,AC,7.4,7,CENTRO COMERCIAL,0,0,DISPONIBLE,2026-09-01T18:56:23+00:00,2026-09-01T20:12:54.424599+00:00,2026-09-01T18:56:23+00:00,2026-09-01T20:38:10+00:00,1
808,507,311,Enel X Way Privados - Parque Arauco,Las Condes,Metropolitana,777415484,ENEL X,Enel,Tipo 2,AC,7.4,7,CENTRO COMERCIAL,0,0,DISPONIBLE,2026-09-01T18:56:23+00:00,2026-08-04T04:00:16.806135+00:00,2026-09-01T18:56:23+00:00,2026-09-01T20:38:10+00:00,1
809,508,311,Enel X Way Privados - Parque Arauco,Las Condes,Metropolitana,777415484,ENEL X,Enel,Tipo 2,AC,7.4,7,CENTRO COMERCIAL,0,0,FUERA DE LINEA,2026-09-01T18:56:23+00:00,2026-08-04T04:00:28.932999+00:00,2026-09-01T18:56:23+00:00,2026-09-01T20:38:10+00:00,1
810,509,311,Enel X Way Privados - Parque Arauco,Las Condes,Metropolitana,777415484,ENEL X,Enel,Tipo 2,AC,7.4,7,CENTRO COMERCIAL,0,0,DISPONIBLE,2026-09-01T18:56:23+00:00,2026-09-01T04:09:08.941906+00:00,2026-09-01T18:56:23+00:00,2026-09-01T20:38:10+00:00,1
811,510,311,Enel X Way Privados - Parque Arauco,Las Condes,Metropolitana,777415484,ENEL X,Enel,Tipo 2,AC,7.4,7,CENTRO COMERCIAL,0,0,FUERA DE LINEA,2026-09-01T18:56:23+00:00,2026-08-04T04:00:24.111752+00:00,2026-09-01T18:56:23+00:00,2026-09-01T20:38:10+00:00,1
812,511,311,Enel X Way Privados - Parque Arauco,Las Condes,Metropolitana,777415484,ENEL X,Enel,Tipo 2,AC,7.4,7,CENTRO COMERCIAL,0,0,FUERA DE LINEA,2026-09-01T18:56:23+00:00,2026-08-04T04:00:27.290770+00:00,2026-09-01T18:56:23+00:00,2026-09-01T20:38:10+00:00,1
813,512,311,Enel X Way Privados - Parque Arauco,Las Condes,Metropolitana,777415484,ENEL X,Enel,Tipo 2,AC,7.4,7,CENTRO COMERCIAL,0,0,DISPONIBLE,2026-09-01T18:56:23+00:00,2026-09-01T02:07:24.155200+00:00,2026-09-01T18:56:23+00:00,2026-09-01T20:38:10+00:00,1
814,513,311,Enel X Way Privados - Parque Arauco,Las Condes,Metropolitana,777415484,ENEL X,Enel,Tipo 2,AC,7.4,7,CENTRO COMERCIAL,0,0,FUERA DE LINEA,2026-09-01T18:56:23+00:00,2026-08-04T04:08:26.899287+00:00,2026-09-01T18:56:23+00:00,2026-09-01T20:38:10+00:00,1
815,514,311,Enel X Way Privados - Parque Arauco,Las Condes,Metropolitana,777415484,ENEL X,Enel,Tipo 2,AC,7.4,7,CENTRO COMERCIAL,0,0,FUERA DE LINEA,2026-09-01T18:56:23+00:00,2026-08-04T04:00:27.486437+00:00,2026-09-01T18:56:23+00:00,2026-09-01T20:38:10+00:00,1
816,515,311,Enel X Way Privados - Parque Arauco,Las Condes,Metropolitana,777415484,ENEL X,Enel,Tipo 2,AC,7.4,7,CENTRO COMERCIAL,0,0,DISPONIBLE,2026-09-01T18:56:23+00:00,2026-04-01T19:44:51.740008+00:00,2026-09-01T18:56:23+00:00,2026-09-01T20:38:10+00:00,1
817,516,311,Enel X Way Privados - Parque Arauco,Las Condes,Metropolitana,777415484,ENEL X,Enel,Tipo 2,AC,7.4,7,CENTRO COMERCIAL,0,0,DISPONIBLE,2026-09-01T18:56:23+00:00,2026-09-01T04:09:09.034218+00:00,2026-09-01T18:56:23+00:00,2026-09-01T20:38:10+00:00,1
818,517,311,Enel X Way Privados - Parque Arauco,Las Condes,Metropolitana,777415484,ENEL X,Enel,Tipo 2,AC,7.4,7,CENTRO COMERCIAL,0,0,FUERA DE LINEA,2026-09-01T18:56:23+00:00,2026-09-01T02:07:24.708176+00:00,2026-09-01T18:56:23+00:00,2026-09-01T20:38:10+00:00,1
819,518,311,Enel X Way Privados - Parque Arauco,Las Condes,Metropolitana,777415484,ENEL X,Enel,Tipo 2,AC,7.4,7,CENTRO COMERCIAL,0,0,FUERA DE LINEA,2026-09-01T18:56:23+00:00,2026-09-01T04:09:10.953482+00:00,2026-09-01T18:56:23+00:00,2026-09-01T20:38:10+00:00,1
820,519,311,Enel X Way Privados - Parque Arauco,Las Condes,Metropolitana,777415484,ENEL X,Enel,Tipo 2,AC,7.4,7,CENTRO COMERCIAL,0,0,FUERA DE LINEA,2026-09-01T18:56:23+00:00,2026-09-01T04:08:58.034918+00:00,2026-09-01T18:56:23+00:00,2026-09-01T20:38:10+00:00,1
821,520,311,Enel X Way Privados - Parque Arauco,Las Condes,Metropolitana,777415484,ENEL X,Enel,Tipo 2,AC,7.4,7,CENTRO COMERCIAL,0,0,FUERA DE LINEA,2026-09-01T18:56:23+00:00,2026-09-01T02:06:39.452847+00:00,2026-09-01T18:56:23+00:00,2026-09-01T20:38:10+00:00,1
822,521,311,Enel X Way Privados - Parque Arauco,Las Condes,Metropolitana,777415484,ENEL X,Enel,Tipo 2,AC,7.4,7,CENTRO COMERCIAL,0,0,DISPONIBLE,2026-09-01T18:56:23+00:00,2026-09-01T02:07:25.084882+00:00,2026-09-01T18:56:23+00:00,2026-09-01T20:38:10+00:00,1
823,522,311,Enel X Way Privados - Parque Arauco,Las Condes,Metropolitana,777415484,ENEL X,Enel,Tipo 2,AC,7.4,7,CENTRO COMERCIAL,0,0,DISPONIBLE,2026-09-01T18:56:23+00:00,2026-09-01T04:09:10.875472+00:00,2026-09-01T18:56:23+00:00,2026-09-01T20:38:10+00:00,1
824,523,311,Enel X Way Privados - Parque Arauco,Las Condes,Metropolitana,777415484,ENEL X,Enel,Tipo 2,AC,7.4,7,CENTRO COMERCIAL,0,0,DISPONIBLE,2026-09-01T18:56:23+00:00,2026-09-01T15:58:13.684469+00:00,2026-09-01T18:56:23+00:00,2026-09-01T20:38:10+00:00,1
825,524,311,Enel X Way Privados - Parque Arauco,Las Condes,Metropolitana,777415484,ENEL X,Enel,Tipo 2,AC,7.4,7,CENTRO COMERCIAL,0,0,DISPONIBLE,2026-09-01T18:56:23+00:00,2026-09-01T19:56:55.493020+00:00,2026-09-01T18:56:23+00:00,2026-09-01T20:38:10+00:00,1
826,525,311,Enel X Way Privados - Parque Arauco,Las Condes,Metropolitana,777415484,ENEL X,Enel,Tipo 2,AC,7.4,7,CENTRO COMERCIAL,0,0,OCUPADO,2026-09-01T20:12:55+00:00,2026-09-01T19:46:54.487495+00:00,2026-09-01T18:56:23+00:00,2026-09-01T20:38:10+00:00,1
827,526,311,Enel X Way Privados - Parque Arauco,Las Condes,Metropolitana,777415484,ENEL X,Enel,Tipo 2,AC,7.4,7,CENTRO COMERCIAL,0,0,FUERA DE LINEA,2026-09-01T18:56:23+00:00,2026-09-01T02:07:28.462799+00:00,2026-09-01T18:56:23+00:00,2026-09-01T20:38:10+00:00,1
828,527,311,Enel X Way Privados - Parque Arauco,Las Condes,Metropolitana,777415484,ENEL X,Enel,Tipo 2,AC,7.4,7,CENTRO COMERCIAL,0,0,FUERA DE LINEA,2026-09-01T18:56:23+00:00,2025-06-23T15:17:30.255627+00:00,2026-09-01T18:56:23+00:00,2026-09-01T20:38:10+00:00,1
829,528,311,Enel X Way Privados - Parque Arauco,Las Condes,Metropolitana,777415484,ENEL X,Enel,Tipo 2,AC,7.4,7,CENTRO COMERCIAL,0,0,DISPONIBLE,2026-09-01T18:56:23+00:00,2026-09-01T04:09:11.373564+00:00,2026-09-01T18:56:23+00:00,2026-09-01T20:38:10+00:00,1
830,529,311,Enel X Way Privados - Parque Arauco,Las Condes,Metropolitana,777415484,ENEL X,Enel,Tipo 2,AC,7.4,7,CENTRO COMERCIAL,0,0,DISPONIBLE,2026-09-01T18:56:23+00:00,2026-09-01T02:07:28.779206+00:00,2026-09-01T18:56:23+00:00,2026-09-01T20:38:10+00:00,1
831,530,311,Enel X Way Privados - Parque Arauco,Las Condes,Metropolitana,777415484,ENEL X,Enel,Tipo 2,AC,7.4,7,CENTRO COMERCIAL,0,0,FUERA DE LINEA,2026-09-01T18:56:23+00:00,2026-09-01T02:07:07.015562+00:00,2026-09-01T18:56:23+00:00,2026-09-01T20:38:10+00:00,1
832,531,311,Enel X Way Privados - Parque Arauco,Las Condes,Metropolitana,777415484,ENEL X,Enel,Tipo 2,AC,7.4,7,CENTRO COMERCIAL,0,0,DISPONIBLE,2026-09-01T18:56:23+00:00,2026-09-01T04:09:11.426487+00:00,2026-09-01T18:56:23+00:00,2026-09-01T20:38:10+00:00,1
833,532,311,Enel X Way Privados - Parque Arauco,Las Condes,Metropolitana,777415484,ENEL X,Enel,Tipo 2,AC,7.4,7,CENTRO COMERCIAL,0,0,DISPONIBLE,2026-09-01T18:56:23+00:00,2026-09-01T04:09:12.507609+00:00,2026-09-01T18:56:23+00:00,2026-09-01T20:38:10+00:00,1
834,533,311,Enel X Way Privados - Parque Arauco,Las Condes,Metropolitana,777415484,ENEL X,Enel,Tipo 2,AC,7.4,7,CENTRO COMERCIAL,0,0,FUERA DE LINEA,2026-09-01T18:56:23+00:00,2026-03-17T18:40:52.981527+00:00,2026-09-01T18:56:23+00:00,2026-09-01T20:38:10+00:00,1
835,534,311,Enel X Way Privados - Parque Arauco,Las Condes,Metropolitana,777415484,ENEL X,Enel,Tipo 2,AC,7.4,7,CENTRO COMERCIAL,0,0,FUERA DE LINEA,2026-09-01T18:56:23+00:00,2026-09-01T02:07:31.256587+00:00,2026-09-01T18:56:23+00:00,2026-09-01T20:38:10+00:00,1
836,535,311,Enel X Way Privados - Parque Arauco,Las Condes,Metropolitana,777415484,ENEL X,Enel,Tipo 2,AC,7.4,7,CENTRO COMERCIAL,0,0,FUERA DE LINEA,2026-09-01T18:56:23+00:00,2026-09-01T04:08:47.508815+00:00,2026-09-01T18:56:23+00:00,2026-09-01T20:38:10+00:00,1
837,536,311,Enel X Way Privados - Parque Arauco,Las Condes,Metropolitana,777415484,ENEL X,Enel,Tipo 2,AC,7.4,7,CENTRO COMERCIAL,0,0,DISPONIBLE,2026-09-01T18:56:23+00:00,2026-09-01T04:09:11.999723+00:00,2026-09-01T18:56:23+00:00,2026-09-01T20:38:10+00:00,1
838,537,311,Enel X Way Privados - Parque Arauco,Las Condes,Metropolitana,777415484,ENEL X,Enel,Tipo 2,AC,7.4,7,CENTRO COMERCIAL,0,0,FUERA DE LINEA,2026-09-01T18:56:23+00:00,2026-09-01T04:08:58.614631+00:00,2026-09-01T18:56:23+00:00,2026-09-01T20:38:10+00:00,1
839,538,312,Enel X Way - Sodimac Copiapo ,Copiapó,Atacama,777415484,ENEL X,Enel,Tipo 2,AC,11,(7-22],,0,0,NO DISPONIBLE,2026-09-01T18:56:23+00:00,2025-05-05T12:24:04.926806+00:00,2026-09-01T18:56:23+00:00,2026-09-01T20:38:10+00:00,1
840,538,312,Enel X Way - Sodimac Copiapo ,Copiapó,Atacama,777415484,ENEL X,Enel,Tipo 2,AC,11,(7-22],,0,0,NO DISPONIBLE,2026-09-01T18:56:23+00:00,2025-05-05T12:24:04.926806+00:00,2026-09-01T18:56:23+00:00,2026-09-01T20:38:10+00:00,1
841,539,313,C E. Voltex G. JOHN O´BRIEN esq. BICENTENARIO,Vitacura,Metropolitana,995200007,COPEC VOLTEX,Copec Voltex,Tipo 2,AC,22,(7-22],CALLE,0,0,NO DISPONIBLE,2026-09-01T18:56:23+00:00,2026-02-11T15:14:31.577954+00:00,2026-09-01T18:56:23+00:00,2026-09-01T20:38:10+00:00,1
842,539,313,C E. Voltex G. JOHN O´BRIEN esq. BICENTENARIO,Vitacura,Metropolitana,995200007,COPEC VOLTEX,Copec Voltex,Tipo 2,AC,22,(7-22],CALLE,0,0,NO DISPONIBLE,2026-09-01T18:56:23+00:00,2026-02-11T15:14:31.577954+00:00,2026-09-01T18:56:23+00:00,2026-09-01T20:38:10+00:00,1
846,542,315,COPEC VOLTEX EDS 10101 - CALAMA,Calama,Antofagasta,995200007,COPEC VOLTEX,Copec Voltex,Tipo 2,AC,50,(22-50],,0,0,FUERA DE LINEA,2026-09-01T18:56:23+00:00,2026-09-01T15:22:34.676444+00:00,2026-09-01T18:56:23+00:00,2026-09-01T20:38:10+00:00,1
847,542,315,COPEC VOLTEX EDS 10101 - CALAMA,Calama,Antofagasta,995200007,COPEC VOLTEX,Copec Voltex,CCS 2,DC,50,(22-50],,0,0,NO DISPONIBLE,2026-09-01T18:56:23+00:00,2026-09-01T15:22:34.676444+00:00,2026-09-01T18:56:23+00:00,2026-09-01T20:38:10+00:00,1
848,542,315,COPEC VOLTEX EDS 10101 - CALAMA,Calama,Antofagasta,995200007,COPEC VOLTEX,Copec Voltex,CHAdeMO,DC,50,(22-50],,0,0,DISPONIBLE,2026-09-01T18:56:23+00:00,2026-09-01T15:22:34.676444+00:00,2026-09-01T18:56:23+00:00,2026-09-01T20:38:10+00:00,1
849,543,316,Enel X Way - Petrobras Marga Marga,Quilpue,Valparaíso,52131995,ELSA DEL CARMEN LEIVA REYES,ELSA DEL CARMEN LEIVA REYES,Tipo 2,AC,22,(7-22],,0,0,FUERA DE LINEA,2026-09-01T18:56:23+00:00,2026-04-08T21:35:57.359777+00:00,2026-09-01T18:56:23+00:00,2026-09-01T20:38:10+00:00,1
850,544,316,Enel X Way - Petrobras Marga Marga,Quilpue,Valparaíso,52131995,ELSA DEL CARMEN LEIVA REYES,ELSA DEL CARMEN LEIVA REYES,CHAdeMO,DC,50,(22-50],,0,0,FUERA DE LINEA,2026-09-01T18:56:23+00:00,2026-04-08T21:35:57.359777+00:00,2026-09-01T18:56:23+00:00,2026-09-01T20:38:10+00:00,1
851,544,316,Enel X Way - Petrobras Marga Marga,Quilpue,Valparaíso,52131995,ELSA DEL CARMEN LEIVA REYES,ELSA DEL CARMEN LEIVA REYES,CCS 2,DC,60,(50-150],,0,0,FUERA DE LINEA,2026-09-01T18:56:23+00:00,2026-04-08T21:35:57.359777+00:00,2026-09-01T18:56:23+00:00,2026-09-01T20:38:10+00:00,1
855,547,318,Enel X Way - Mall Parque Arauco,Las Condes,Metropolitana,777415484,ENEL X,Enel,Tipo 2,AC,7.4,7,CENTRO COMERCIAL,0,0,FUERA DE LINEA,2026-09-01T18:56:23+00:00,2026-08-14T04:11:29.208801+00:00,2026-09-01T18:56:23+00:00,2026-09-01T20:38:10+00:00,1
856,548,318,Enel X Way - Mall Parque Arauco,Las Condes,Metropolitana,777415484,ENEL X,Enel,Tipo 2,AC,7.4,7,CENTRO COMERCIAL,0,0,DISPONIBLE,2026-09-01T18:56:23+00:00,2026-09-01T04:08:35.236290+00:00,2026-09-01T18:56:23+00:00,2026-09-01T20:38:10+00:00,1
857,549,318,Enel X Way - Mall Parque Arauco,Las Condes,Metropolitana,777415484,ENEL X,Enel,Tipo 2,AC,7.4,7,CENTRO COMERCIAL,0,0,FUERA DE LINEA,2026-09-01T18:56:23+00:00,2026-08-14T04:12:15.767381+00:00,2026-09-01T18:56:23+00:00,2026-09-01T20:38:10+00:00,1
858,550,318,Enel X Way - Mall Parque Arauco,Las Condes,Metropolitana,777415484,ENEL X,Enel,Tipo 2,AC,7.4,7,CENTRO COMERCIAL,0,0,FUERA DE LINEA,2026-09-01T18:56:23+00:00,2026-08-14T04:11:29.531793+00:00,2026-09-01T18:56:23+00:00,2026-09-01T20:38:10+00:00,1
859,551,318,Enel X Way - Mall Parque Arauco,Las Condes,Metropolitana,777415484,ENEL X,Enel,Tipo 2,AC,7.4,7,CENTRO COMERCIAL,0,0,FUERA DE LINEA,2026-09-01T18:56:23+00:00,2026-08-14T04:11:28.896160+00:00,2026-09-01T18:56:23+00:00,2026-09-01T20:38:10+00:00,1
860,552,318,Enel X Way - Mall Parque Arauco,Las Condes,Metropolitana,777415484,ENEL X,Enel,Tipo 2,AC,7.4,7,CENTRO COMERCIAL,0,0,FUERA DE LINEA,2026-09-01T18:56:23+00:00,2026-08-14T04:11:29.713151+00:00,2026-09-01T18:56:23+00:00,2026-09-01T20:38:10+00:00,1
861,553,318,Enel X Way - Mall Parque Arauco,Las Condes,Metropolitana,777415484,ENEL X,Enel,Tipo 2,AC,7.4,7,CENTRO COMERCIAL,0,0,FUERA DE LINEA,2026-09-01T18:56:23+00:00,2026-08-14T04:11:31.869325+00:00,2026-09-01T18:56:23+00:00,2026-09-01T20:38:10+00:00,1
862,554,318,Enel X Way - Mall Parque Arauco,Las Condes,Metropolitana,777415484,ENEL X,Enel,Tipo 2,AC,7.4,7,CENTRO COMERCIAL,0,0,FUERA DE LINEA,2026-09-01T18:56:23+00:00,2026-08-14T04:12:07.137951+00:00,2026-09-01T18:56:23+00:00,2026-09-01T20:38:10+00:00,1
863,555,318,Enel X Way - Mall Parque Arauco,Las Condes,Metropolitana,777415484,ENEL X,Enel,Tipo 2,AC,7.4,7,CENTRO COMERCIAL,0,0,FUERA DE LINEA,2026-09-01T18:56:23+00:00,2026-08-14T04:11:32.731752+00:00,2026-09-01T18:56:23+00:00,2026-09-01T20:38:10+00:00,1
864,556,318,Enel X Way - Mall Parque Arauco,Las Condes,Metropolitana,777415484,ENEL X,Enel,Tipo 2,AC,7.4,7,CENTRO COMERCIAL,0,0,FUERA DE LINEA,2026-09-01T18:56:23+00:00,2026-08-14T04:11:31.953906+00:00,2026-09-01T18:56:23+00:00,2026-09-01T20:38:10+00:00,1
865,557,318,Enel X Way - Mall Parque Arauco,Las Condes,Metropolitana,777415484,ENEL X,Enel,Tipo 2,AC,7.4,7,CENTRO COMERCIAL,0,0,FUERA DE LINEA,2026-09-01T18:56:23+00:00,2026-08-14T04:12:08.812315+00:00,2026-09-01T18:56:23+00:00,2026-09-01T20:38:10+00:00,1
866,558,318,Enel X Way - Mall Parque Arauco,Las Condes,Metropolitana,777415484,ENEL X,Enel,Tipo 2,AC,7.4,7,CENTRO COMERCIAL,0,0,FUERA DE LINEA,2026-09-01T18:56:23+00:00,2026-08-14T04:11:32.635055+00:00,2026-09-01T18:56:23+00:00,2026-09-01T20:38:10+00:00,1
867,559,318,Enel X Way - Mall Parque Arauco,Las Condes,Metropolitana,777415484,ENEL X,Enel,Tipo 2,AC,7.4,7,CENTRO COMERCIAL,0,0,FUERA DE LINEA,2026-09-01T18:56:23+00:00,2026-09-01T04:08:49.686806+00:00,2026-09-01T18:56:23+00:00,2026-09-01T20:38:10+00:00,1
868,560,318,Enel X Way - Mall Parque Arauco,Las Condes,Metropolitana,777415484,ENEL X,Enel,Tipo 2,AC,7.4,7,CENTRO COMERCIAL,0,0,FUERA DE LINEA,2026-09-01T18:56:23+00:00,2026-09-01T02:06:39.417795+00:00,2026-09-01T18:56:23+00:00,2026-09-01T20:38:10+00:00,1
869,561,318,Enel X Way - Mall Parque Arauco,Las Condes,Metropolitana,777415484,ENEL X,Enel,Tipo 2,AC,7.4,7,CENTRO COMERCIAL,0,0,FUERA DE LINEA,2026-09-01T18:56:23+00:00,2026-09-01T04:02:41.573096+00:00,2026-09-01T18:56:23+00:00,2026-09-01T20:38:10+00:00,1
870,562,318,Enel X Way - Mall Parque Arauco,Las Condes,Metropolitana,777415484,ENEL X,Enel,Tipo 2,AC,7.4,7,CENTRO COMERCIAL,0,0,DISPONIBLE,2026-09-01T18:56:23+00:00,2026-09-01T16:23:23.454249+00:00,2026-09-01T18:56:23+00:00,2026-09-01T20:38:10+00:00,1
871,563,318,Enel X Way - Mall Parque Arauco,Las Condes,Metropolitana,777415484,ENEL X,Enel,Tipo 2,AC,7.4,7,CENTRO COMERCIAL,0,0,FUERA DE LINEA,2026-09-01T18:56:23+00:00,2026-09-01T04:08:50.728356+00:00,2026-09-01T18:56:23+00:00,2026-09-01T20:38:10+00:00,1
872,564,318,Enel X Way - Mall Parque Arauco,Las Condes,Metropolitana,777415484,ENEL X,Enel,Tipo 2,AC,7.4,7,CENTRO COMERCIAL,0,0,FUERA DE LINEA,2026-09-01T18:56:23+00:00,2026-09-01T02:06:57.581911+00:00,2026-09-01T18:56:23+00:00,2026-09-01T20:38:10+00:00,1
873,565,318,Enel X Way - Mall Parque Arauco,Las Condes,Metropolitana,777415484,ENEL X,Enel,Tipo 2,AC,7.4,7,CENTRO COMERCIAL,0,0,FUERA DE LINEA,2026-09-01T18:56:23+00:00,2026-09-01T04:08:49.515473+00:00,2026-09-01T18:56:23+00:00,2026-09-01T20:38:10+00:00,1
874,566,318,Enel X Way - Mall Parque Arauco,Las Condes,Metropolitana,777415484,ENEL X,Enel,Tipo 2,AC,7.4,7,CENTRO COMERCIAL,0,0,FUERA DE LINEA,2026-09-01T18:56:23+00:00,2026-09-01T04:02:41.724031+00:00,2026-09-01T18:56:23+00:00,2026-09-01T20:38:10+00:00,1
875,567,318,Enel X Way - Mall Parque Arauco,Las Condes,Metropolitana,777415484,ENEL X,Enel,Tipo 2,AC,7.4,7,CENTRO COMERCIAL,0,0,DISPONIBLE,2026-09-01T18:56:23+00:00,2026-09-01T02:06:41.822168+00:00,2026-09-01T18:56:23+00:00,2026-09-01T20:38:10+00:00,1
876,568,318,Enel X Way - Mall Parque Arauco,Las Condes,Metropolitana,777415484,ENEL X,Enel,Tipo 2,AC,7.4,7,CENTRO COMERCIAL,0,0,FUERA DE LINEA,2026-09-01T18:56:23+00:00,2026-03-17T16:45:19.513616+00:00,2026-09-01T18:56:23+00:00,2026-09-01T20:38:10+00:00,1
877,569,318,Enel X Way - Mall Parque Arauco,Las Condes,Metropolitana,777415484,ENEL X,Enel,Tipo 2,AC,7.4,7,CENTRO COMERCIAL,0,0,FUERA DE LINEA,2026-09-01T18:56:23+00:00,2025-11-20T08:34:57.184275+00:00,2026-09-01T18:56:23+00:00,2026-09-01T20:38:10+00:00,1
878,570,318,Enel X Way - Mall Parque Arauco,Las Condes,Metropolitana,777415484,ENEL X,Enel,Tipo 2,AC,7.4,7,CENTRO COMERCIAL,0,0,FUERA DE LINEA,2026-09-01T18:56:23+00:00,2026-09-01T04:08:54.086208+00:00,2026-09-01T18:56:23+00:00,2026-09-01T20:38:10+00:00,1
879,571,318,Enel X Way - Mall Parque Arauco,Las Condes,Metropolitana,777415484,ENEL X,Enel,Tipo 2,AC,7.4,7,CENTRO COMERCIAL,0,0,FUERA DE LINEA,2026-09-01T18:56:23+00:00,2026-09-01T04:08:51.432161+00:00,2026-09-01T18:56:23+00:00,2026-09-01T20:38:10+00:00,1
880,572,318,Enel X Way - Mall Parque Arauco,Las Condes,Metropolitana,777415484,ENEL X,Enel,Tipo 2,AC,7.4,7,CENTRO COMERCIAL,0,0,DISPONIBLE,2026-09-01T18:56:23+00:00,2026-09-01T11:55:11.576669+00:00,2026-09-01T18:56:23+00:00,2026-09-01T20:38:10+00:00,1
881,573,318,Enel X Way - Mall Parque Arauco,Las Condes,Metropolitana,777415484,ENEL X,Enel,Tipo 2,AC,7.4,7,CENTRO COMERCIAL,0,0,DISPONIBLE,2026-09-01T18:56:23+00:00,2026-09-01T04:08:33.517232+00:00,2026-09-01T18:56:23+00:00,2026-09-01T20:38:10+00:00,1
882,574,318,Enel X Way - Mall Parque Arauco,Las Condes,Metropolitana,777415484,ENEL X,Enel,Tipo 2,AC,7.4,7,CENTRO COMERCIAL,0,0,DISPONIBLE,2026-09-01T18:56:23+00:00,2026-09-01T04:02:42.700111+00:00,2026-09-01T18:56:23+00:00,2026-09-01T20:38:10+00:00,1
883,575,318,Enel X Way - Mall Parque Arauco,Las Condes,Metropolitana,777415484,ENEL X,Enel,Tipo 2,AC,7.4,7,CENTRO COMERCIAL,0,0,FUERA DE LINEA,2026-09-01T18:56:23+00:00,2026-09-01T04:08:51.400020+00:00,2026-09-01T18:56:23+00:00,2026-09-01T20:38:10+00:00,1
884,576,318,Enel X Way - Mall Parque Arauco,Las Condes,Metropolitana,777415484,ENEL X,Enel,Tipo 2,AC,7.4,7,CENTRO COMERCIAL,0,0,FUERA DE LINEA,2026-09-01T18:56:23+00:00,2026-09-01T04:08:35.235943+00:00,2026-09-01T18:56:23+00:00,2026-09-01T20:38:10+00:00,1
885,577,318,Enel X Way - Mall Parque Arauco,Las Condes,Metropolitana,777415484,ENEL X,Enel,Tipo 2,AC,7.4,7,CENTRO COMERCIAL,0,0,FUERA DE LINEA,2026-09-01T18:56:23+00:00,2026-09-01T04:08:53.779880+00:00,2026-09-01T18:56:23+00:00,2026-09-01T20:38:10+00:00,1
886,578,318,Enel X Way - Mall Parque Arauco,Las Condes,Metropolitana,777415484,ENEL X,Enel,Tipo 2,AC,7.4,7,CENTRO COMERCIAL,0,0,DISPONIBLE,2026-09-01T18:56:23+00:00,2026-09-01T02:06:42.909267+00:00,2026-09-01T18:56:23+00:00,2026-09-01T20:38:10+00:00,1
887,579,318,Enel X Way - Mall Parque Arauco,Las Condes,Metropolitana,777415484,ENEL X,Enel,Tipo 2,AC,7.4,7,CENTRO COMERCIAL,0,0,DISPONIBLE,2026-09-01T18:56:23+00:00,2026-09-01T07:58:07.432413+00:00,2026-09-01T18:56:23+00:00,2026-09-01T20:38:10+00:00,1
888,580,318,Enel X Way - Mall Parque Arauco,Las Condes,Metropolitana,777415484,ENEL X,Enel,Tipo 2,AC,7.4,7,CENTRO COMERCIAL,0,0,FUERA DE LINEA,2026-09-01T18:56:23+00:00,2026-09-01T02:06:57.664644+00:00,2026-09-01T18:56:23+00:00,2026-09-01T20:38:10+00:00,1
889,581,318,Enel X Way - Mall Parque Arauco,Las Condes,Metropolitana,777415484,ENEL X,Enel,Tipo 2,AC,7.4,7,CENTRO COMERCIAL,0,0,FUERA DE LINEA,2026-09-01T18:56:23+00:00,2026-09-01T04:08:50.738179+00:00,2026-09-01T18:56:23+00:00,2026-09-01T20:38:10+00:00,1
890,582,318,Enel X Way - Mall Parque Arauco,Las Condes,Metropolitana,777415484,ENEL X,Enel,Tipo 2,AC,7.4,7,CENTRO COMERCIAL,0,0,DISPONIBLE,2026-09-01T18:56:23+00:00,2026-09-01T02:06:45.626912+00:00,2026-09-01T18:56:23+00:00,2026-09-01T20:38:10+00:00,1
891,583,318,Enel X Way - Mall Parque Arauco,Las Condes,Metropolitana,777415484,ENEL X,Enel,Tipo 2,AC,7.4,7,CENTRO COMERCIAL,0,0,FUERA DE LINEA,2026-09-01T18:56:23+00:00,2026-09-01T02:06:45.677988+00:00,2026-09-01T18:56:23+00:00,2026-09-01T20:38:10+00:00,1
892,584,318,Enel X Way - Mall Parque Arauco,Las Condes,Metropolitana,777415484,ENEL X,Enel,Tipo 2,AC,7.4,7,CENTRO COMERCIAL,0,0,DISPONIBLE,2026-09-01T18:56:23+00:00,2026-09-01T16:11:32.353976+00:00,2026-09-01T18:56:23+00:00,2026-09-01T20:38:10+00:00,1
893,585,318,Enel X Way - Mall Parque Arauco,Las Condes,Metropolitana,777415484,ENEL X,Enel,Tipo 2,AC,7.4,7,CENTRO COMERCIAL,0,0,DISPONIBLE,2026-09-01T18:56:23+00:00,2026-09-01T04:08:41.415778+00:00,2026-09-01T18:56:23+00:00,2026-09-01T20:38:10+00:00,1
894,586,318,Enel X Way - Mall Parque Arauco,Las Condes,Metropolitana,777415484,ENEL X,Enel,Tipo 2,AC,7.4,7,CENTRO COMERCIAL,0,0,DISPONIBLE,2026-09-01T18:56:23+00:00,2026-09-01T04:08:41.660870+00:00,2026-09-01T18:56:23+00:00,2026-09-01T20:38:10+00:00,1
895,587,318,Enel X Way - Mall Parque Arauco,Las Condes,Metropolitana,777415484,ENEL X,Enel,Tipo 2,AC,7.4,7,CENTRO COMERCIAL,0,0,FUERA DE LINEA,2026-09-01T18:56:23+00:00,2026-09-01T04:08:50.682486+00:00,2026-09-01T18:56:23+00:00,2026-09-01T20:38:10+00:00,1
896,588,318,Enel X Way - Mall Parque Arauco,Las Condes,Metropolitana,777415484,ENEL X,Enel,Tipo 2,AC,7.4,7,CENTRO COMERCIAL,0,0,FUERA DE LINEA,2026-09-01T18:56:23+00:00,2026-09-01T04:08:08.038929+00:00,2026-09-01T18:56:23+00:00,2026-09-01T20:38:10+00:00,1
897,589,318,Enel X Way - Mall Parque Arauco,Las Condes,Metropolitana,777415484,ENEL X,Enel,Tipo 2,AC,7.4,7,CENTRO COMERCIAL,0,0,FUERA DE LINEA,2026-09-01T18:56:23+00:00,2026-08-14T04:12:09.657963+00:00,2026-09-01T18:56:23+00:00,2026-09-01T20:38:10+00:00,1
898,590,318,Enel X Way - Mall Parque Arauco,Las Condes,Metropolitana,777415484,ENEL X,Enel,Tipo 2,AC,7.4,7,CENTRO COMERCIAL,0,0,FUERA DE LINEA,2026-09-01T18:56:23+00:00,2026-08-14T04:12:06.490186+00:00,2026-09-01T18:56:23+00:00,2026-09-01T20:38:10+00:00,1
899,591,318,Enel X Way - Mall Parque Arauco,Las Condes,Metropolitana,777415484,ENEL X,Enel,Tipo 2,AC,7.4,7,CENTRO COMERCIAL,0,0,FUERA DE LINEA,2026-09-01T18:56:23+00:00,2026-08-14T04:11:40.706656+00:00,2026-09-01T18:56:23+00:00,2026-09-01T20:38:10+00:00,1
900,592,318,Enel X Way - Mall Parque Arauco,Las Condes,Metropolitana,777415484,ENEL X,Enel,Tipo 2,AC,7.4,7,CENTRO COMERCIAL,0,0,FUERA DE LINEA,2026-09-01T18:56:23+00:00,2026-08-14T04:11:40.726340+00:00,2026-09-01T18:56:23+00:00,2026-09-01T20:38:10+00:00,1
901,593,318,Enel X Way - Mall Parque Arauco,Las Condes,Metropolitana,777415484,ENEL X,Enel,Tipo 2,AC,7.4,7,CENTRO COMERCIAL,0,0,FUERA DE LINEA,2026-09-01T18:56:23+00:00,2026-08-14T04:11:53.594475+00:00,2026-09-01T18:56:23+00:00,2026-09-01T20:38:10+00:00,1
902,594,318,Enel X Way - Mall Parque Arauco,Las Condes,Metropolitana,777415484,ENEL X,Enel,Tipo 2,AC,7.4,7,CENTRO COMERCIAL,0,0,FUERA DE LINEA,2026-09-01T18:56:23+00:00,2026-08-14T04:11:40.751195+00:00,2026-09-01T18:56:23+00:00,2026-09-01T20:38:10+00:00,1
903,595,318,Enel X Way - Mall Parque Arauco,Las Condes,Metropolitana,777415484,ENEL X,Enel,Tipo 2,AC,7.4,7,CENTRO COMERCIAL,0,0,FUERA DE LINEA,2026-09-01T18:56:23+00:00,2026-08-14T04:11:53.149591+00:00,2026-09-01T18:56:23+00:00,2026-09-01T20:38:10+00:00,1
904,596,318,Enel X Way - Mall Parque Arauco,Las Condes,Metropolitana,777415484,ENEL X,Enel,Tipo 2,AC,7.4,7,CENTRO COMERCIAL,0,0,FUERA DE LINEA,2026-09-01T18:56:23+00:00,2026-08-14T04:11:42.130455+00:00,2026-09-01T18:56:23+00:00,2026-09-01T20:38:10+00:00,1
905,597,318,Enel X Way - Mall Parque Arauco,Las Condes,Metropolitana,777415484,ENEL X,Enel,Tipo 2,AC,7.4,7,CENTRO COMERCIAL,0,0,FUERA DE LINEA,2026-09-01T18:56:23+00:00,2026-08-14T04:11:44.179022+00:00,2026-09-01T18:56:23+00:00,2026-09-01T20:38:10+00:00,1
906,598,318,Enel X Way - Mall Parque Arauco,Las Condes,Metropolitana,777415484,ENEL X,Enel,Tipo 2,AC,7.4,7,CENTRO COMERCIAL,0,0,FUERA DE LINEA,2026-09-01T18:56:23+00:00,2026-08-14T04:11:44.253347+00:00,2026-09-01T18:56:23+00:00,2026-09-01T20:38:10+00:00,1
907,599,318,Enel X Way - Mall Parque Arauco,Las Condes,Metropolitana,777415484,ENEL X,Enel,Tipo 2,AC,7.4,7,CENTRO COMERCIAL,0,0,FUERA DE LINEA,2026-09-01T18:56:23+00:00,2026-08-14T04:11:44.593819+00:00,2026-09-01T18:56:23+00:00,2026-09-01T20:38:10+00:00,1
908,600,318,Enel X Way - Mall Parque Arauco,Las Condes,Metropolitana,777415484,ENEL X,Enel,Tipo 2,AC,7.4,7,CENTRO COMERCIAL,0,0,FUERA DE LINEA,2026-09-01T18:56:23+00:00,2026-08-14T04:12:13.343816+00:00,2026-09-01T18:56:23+00:00,2026-09-01T20:38:10+00:00,1
909,601,318,Enel X Way - Mall Parque Arauco,Las Condes,Metropolitana,777415484,ENEL X,Enel,Tipo 2,AC,7.4,7,CENTRO COMERCIAL,0,0,FUERA DE LINEA,2026-09-01T18:56:23+00:00,2026-08-14T04:11:55.486931+00:00,2026-09-01T18:56:23+00:00,2026-09-01T20:38:10+00:00,1
910,602,318,Enel X Way - Mall Parque Arauco,Las Condes,Metropolitana,777415484,ENEL X,Enel,Tipo 2,AC,7.4,7,CENTRO COMERCIAL,0,0,FUERA DE LINEA,2026-09-01T18:56:23+00:00,2026-08-14T04:11:44.329261+00:00,2026-09-01T18:56:23+00:00,2026-09-01T20:38:10+00:00,1
911,603,318,Enel X Way - Mall Parque Arauco,Las Condes,Metropolitana,777415484,ENEL X,Enel,Tipo 2,AC,7.4,7,CENTRO COMERCIAL,0,0,FUERA DE LINEA,2026-09-01T18:56:23+00:00,2026-08-14T04:13:28.943180+00:00,2026-09-01T18:56:23+00:00,2026-09-01T20:38:10+00:00,1
912,604,318,Enel X Way - Mall Parque Arauco,Las Condes,Metropolitana,777415484,ENEL X,Enel,Tipo 2,AC,7.4,7,CENTRO COMERCIAL,0,0,FUERA DE LINEA,2026-09-01T18:56:23+00:00,2026-08-14T04:12:10.361360+00:00,2026-09-01T18:56:23+00:00,2026-09-01T20:38:10+00:00,1
913,605,318,Enel X Way - Mall Parque Arauco,Las Condes,Metropolitana,777415484,ENEL X,Enel,Tipo 2,AC,7.4,7,CENTRO COMERCIAL,0,0,FUERA DE LINEA,2026-09-01T18:56:23+00:00,2026-08-14T04:11:59.310156+00:00,2026-09-01T18:56:23+00:00,2026-09-01T20:38:10+00:00,1
914,606,318,Enel X Way - Mall Parque Arauco,Las Condes,Metropolitana,777415484,ENEL X,Enel,Tipo 2,AC,7.4,7,CENTRO COMERCIAL,0,0,FUERA DE LINEA,2026-09-01T18:56:23+00:00,2026-08-14T04:11:44.608390+00:00,2026-09-01T18:56:23+00:00,2026-09-01T20:38:10+00:00,1
915,607,318,Enel X Way - Mall Parque Arauco,Las Condes,Metropolitana,777415484,ENEL X,Enel,Tipo 2,AC,7.4,7,CENTRO COMERCIAL,0,0,FUERA DE LINEA,2026-09-01T18:56:23+00:00,2026-08-14T04:12:07.835127+00:00,2026-09-01T18:56:23+00:00,2026-09-01T20:38:10+00:00,1
916,608,318,Enel X Way - Mall Parque Arauco,Las Condes,Metropolitana,777415484,ENEL X,Enel,Tipo 2,AC,7.4,7,CENTRO COMERCIAL,0,0,FUERA DE LINEA,2026-09-01T18:56:23+00:00,2026-08-14T04:12:14.803524+00:00,2026-09-01T18:56:23+00:00,2026-09-01T20:38:10+00:00,1
917,609,318,Enel X Way - Mall Parque Arauco,Las Condes,Metropolitana,777415484,ENEL X,Enel,Tipo 2,AC,7.4,7,CENTRO COMERCIAL,0,0,FUERA DE LINEA,2026-09-01T18:56:23+00:00,2026-08-14T04:11:44.710983+00:00,2026-09-01T18:56:23+00:00,2026-09-01T20:38:10+00:00,1
918,610,318,Enel X Way - Mall Parque Arauco,Las Condes,Metropolitana,777415484,ENEL X,Enel,Tipo 2,AC,7.4,7,CENTRO COMERCIAL,0,0,FUERA DE LINEA,2026-09-01T18:56:23+00:00,2026-08-14T04:11:59.107307+00:00,2026-09-01T18:56:23+00:00,2026-09-01T20:38:10+00:00,1
919,611,318,Enel X Way - Mall Parque Arauco,Las Condes,Metropolitana,777415484,ENEL X,Enel,Tipo 2,AC,7.4,7,CENTRO COMERCIAL,0,0,FUERA DE LINEA,2026-09-01T18:56:23+00:00,2026-08-14T04:11:43.792411+00:00,2026-09-01T18:56:23+00:00,2026-09-01T20:38:10+00:00,1
920,612,318,Enel X Way - Mall Parque Arauco,Las Condes,Metropolitana,777415484,ENEL X,Enel,Tipo 2,AC,7.4,7,CENTRO COMERCIAL,0,0,FUERA DE LINEA,2026-09-01T18:56:23+00:00,2026-08-14T04:11:46.227818+00:00,2026-09-01T18:56:23+00:00,2026-09-01T20:38:10+00:00,1
921,613,318,Enel X Way - Mall Parque Arauco,Las Condes,Metropolitana,777415484,ENEL X,Enel,Tipo 2,AC,7.4,7,CENTRO COMERCIAL,0,0,FUERA DE LINEA,2026-09-01T18:56:23+00:00,2026-08-14T04:11:46.881375+00:00,2026-09-01T18:56:23+00:00,2026-09-01T20:38:10+00:00,1
922,614,318,Enel X Way - Mall Parque Arauco,Las Condes,Metropolitana,777415484,ENEL X,Enel,Tipo 2,AC,7.4,7,CENTRO COMERCIAL,0,0,FUERA DE LINEA,2026-09-01T18:56:23+00:00,2026-08-14T04:11:47.784855+00:00,2026-09-01T18:56:23+00:00,2026-09-01T20:38:10+00:00,1
923,615,318,Enel X Way - Mall Parque Arauco,Las Condes,Metropolitana,777415484,ENEL X,Enel,Tipo 2,AC,7.4,7,CENTRO COMERCIAL,0,0,FUERA DE LINEA,2026-09-01T18:56:23+00:00,2026-08-14T04:11:48.001251+00:00,2026-09-01T18:56:23+00:00,2026-09-01T20:38:10+00:00,1
924,616,318,Enel X Way - Mall Parque Arauco,Las Condes,Metropolitana,777415484,ENEL X,Enel,Tipo 2,AC,7.4,7,CENTRO COMERCIAL,0,0,FUERA DE LINEA,2026-09-01T18:56:23+00:00,2026-08-14T04:11:48.436124+00:00,2026-09-01T18:56:23+00:00,2026-09-01T20:38:10+00:00,1
925,617,318,Enel X Way - Mall Parque Arauco,Las Condes,Metropolitana,777415484,ENEL X,Enel,Tipo 2,AC,7.4,7,CENTRO COMERCIAL,0,0,FUERA DE LINEA,2026-09-01T18:56:23+00:00,2026-08-14T04:11:48.411084+00:00,2026-09-01T18:56:23+00:00,2026-09-01T20:38:10+00:00,1
926,618,318,Enel X Way - Mall Parque Arauco,Las Condes,Metropolitana,777415484,ENEL X,Enel,Tipo 2,AC,7.4,7,CENTRO COMERCIAL,0,0,FUERA DE LINEA,2026-09-01T18:56:23+00:00,2026-09-01T04:08:49.662472+00:00,2026-09-01T18:56:23+00:00,2026-09-01T20:38:10+00:00,1
927,619,318,Enel X Way - Mall Parque Arauco,Las Condes,Metropolitana,777415484,ENEL X,Enel,Tipo 2,AC,7.4,7,CENTRO COMERCIAL,0,0,FUERA DE LINEA,2026-09-01T18:56:23+00:00,2026-09-01T04:08:33.517250+00:00,2026-09-01T18:56:23+00:00,2026-09-01T20:38:10+00:00,1
928,620,318,Enel X Way - Mall Parque Arauco,Las Condes,Metropolitana,777415484,ENEL X,Enel,Tipo 2,AC,7.4,7,CENTRO COMERCIAL,0,0,FUERA DE LINEA,2026-09-01T18:56:23+00:00,2026-08-14T04:11:48.412480+00:00,2026-09-01T18:56:23+00:00,2026-09-01T20:38:10+00:00,1
929,621,318,Enel X Way - Mall Parque Arauco,Las Condes,Metropolitana,777415484,ENEL X,Enel,Tipo 2,AC,7.4,7,CENTRO COMERCIAL,0,0,FUERA DE LINEA,2026-09-01T18:56:23+00:00,2026-08-14T04:12:06.550943+00:00,2026-09-01T18:56:23+00:00,2026-09-01T20:38:10+00:00,1
930,622,318,Enel X Way - Mall Parque Arauco,Las Condes,Metropolitana,777415484,ENEL X,Enel,Tipo 2,AC,7.4,7,CENTRO COMERCIAL,0,0,FUERA DE LINEA,2026-09-01T18:56:23+00:00,2026-08-14T04:11:55.348576+00:00,2026-09-01T18:56:23+00:00,2026-09-01T20:38:10+00:00,1
931,623,318,Enel X Way - Mall Parque Arauco,Las Condes,Metropolitana,777415484,ENEL X,Enel,Tipo 2,AC,7.4,7,CENTRO COMERCIAL,0,0,FUERA DE LINEA,2026-09-01T18:56:23+00:00,2026-08-14T04:12:01.260748+00:00,2026-09-01T18:56:23+00:00,2026-09-01T20:38:10+00:00,1
932,624,318,Enel X Way - Mall Parque Arauco,Las Condes,Metropolitana,777415484,ENEL X,Enel,Tipo 2,AC,7.4,7,CENTRO COMERCIAL,0,0,DISPONIBLE,2026-09-01T18:56:23+00:00,2026-04-01T20:07:58.369642+00:00,2026-09-01T18:56:23+00:00,2026-09-01T20:38:10+00:00,1
933,625,318,Enel X Way - Mall Parque Arauco,Las Condes,Metropolitana,777415484,ENEL X,Enel,Tipo 2,AC,7.4,7,CENTRO COMERCIAL,0,0,FUERA DE LINEA,2026-09-01T18:56:23+00:00,2026-09-01T04:08:54.822058+00:00,2026-09-01T18:56:23+00:00,2026-09-01T20:38:10+00:00,1
934,626,318,Enel X Way - Mall Parque Arauco,Las Condes,Metropolitana,777415484,ENEL X,Enel,Tipo 2,AC,7.4,7,CENTRO COMERCIAL,0,0,FUERA DE LINEA,2026-09-01T18:56:23+00:00,2026-08-14T04:11:25.973349+00:00,2026-09-01T18:56:23+00:00,2026-09-01T20:38:10+00:00,1
935,627,318,Enel X Way - Mall Parque Arauco,Las Condes,Metropolitana,777415484,ENEL X,Enel,Tipo 2,AC,7.4,7,CENTRO COMERCIAL,0,0,FUERA DE LINEA,2026-09-01T18:56:23+00:00,2026-08-14T04:12:15.493847+00:00,2026-09-01T18:56:23+00:00,2026-09-01T20:38:10+00:00,1
936,628,318,Enel X Way - Mall Parque Arauco,Las Condes,Metropolitana,777415484,ENEL X,Enel,Tipo 2,AC,7.4,7,CENTRO COMERCIAL,0,0,FUERA DE LINEA,2026-09-01T18:56:23+00:00,2026-08-14T04:11:25.770090+00:00,2026-09-01T18:56:23+00:00,2026-09-01T20:38:10+00:00,1
937,629,318,Enel X Way - Mall Parque Arauco,Las Condes,Metropolitana,777415484,ENEL X,Enel,Tipo 2,AC,7.4,7,CENTRO COMERCIAL,0,0,OCUPADO,2026-09-01T18:56:23+00:00,2026-08-14T04:11:28.938612+00:00,2026-09-01T18:56:23+00:00,2026-09-01T20:38:10+00:00,1
938,630,318,Enel X Way - Mall Parque Arauco,Las Condes,Metropolitana,777415484,ENEL X,Enel,Tipo 2,AC,7.4,7,CENTRO COMERCIAL,0,0,FUERA DE LINEA,2026-09-01T18:56:23+00:00,2026-08-14T04:11:28.015306+00:00,2026-09-01T18:56:23+00:00,2026-09-01T20:38:10+00:00,1
939,631,318,Enel X Way - Mall Parque Arauco,Las Condes,Metropolitana,777415484,ENEL X,Enel,Tipo 2,AC,7.4,7,CENTRO COMERCIAL,0,0,FUERA DE LINEA,2026-09-01T18:56:23+00:00,2026-08-14T04:11:29.342392+00:00,2026-09-01T18:56:23+00:00,2026-09-01T20:38:10+00:00,1
940,632,319,SAVE INDUMOTORA ONE LA DEHESA ,Lo Barnechea,Metropolitana,760782785,INMOBILIARIA INDUMOTORA SPA,INMOBILIARIA INDUMOTORA SPA,Tipo 2,AC,7.4,7,,1,1,FUERA DE LINEA,2026-09-01T18:56:23+00:00,2026-04-08T21:35:57.359777+00:00,2026-09-01T18:56:23+00:00,2026-09-01T20:38:10+00:00,1
941,633,320,Enel X Way - Petrobras Recoleta,Recoleta,Metropolitana,777415484,ENEL X,Enel,CHAdeMO,DC,50,(22-50],ELECTROLINERA,0,0,FUERA DE LINEA,2026-09-01T18:56:23+00:00,2026-09-01T02:07:45.249350+00:00,2026-09-01T18:56:23+00:00,2026-09-01T20:38:10+00:00,1
942,633,320,Enel X Way - Petrobras Recoleta,Recoleta,Metropolitana,777415484,ENEL X,Enel,CCS 2,DC,60,(50-150],ELECTROLINERA,0,0,FUERA DE LINEA,2026-09-01T18:56:23+00:00,2026-09-01T02:07:45.249350+00:00,2026-09-01T18:56:23+00:00,2026-09-01T20:38:10+00:00,1
943,634,320,Enel X Way - Petrobras Recoleta,Recoleta,Metropolitana,777415484,ENEL X,Enel,Tipo 2,AC,22,(7-22],ELECTROLINERA,0,0,FUERA DE LINEA,2026-09-01T18:56:23+00:00,2026-08-26T03:59:26.258464+00:00,2026-09-01T18:56:23+00:00,2026-09-01T20:38:10+00:00,1
947,637,322,Enel X Way - Petrobras Enea,Pudahuel,Metropolitana,777415484,ENEL X,Enel,CCS 2,DC,150,(50-150],,0,0,FUERA DE LINEA,2026-09-01T20:28:04+00:00,2026-09-01T20:26:56.645881+00:00,2026-09-01T18:56:23+00:00,2026-09-01T20:38:10+00:00,1
948,637,322,Enel X Way - Petrobras Enea,Pudahuel,Metropolitana,777415484,ENEL X,Enel,CCS 2,DC,50,(22-50],,0,0,FUERA DE LINEA,2026-09-01T20:28:04+00:00,2026-09-01T20:26:56.645881+00:00,2026-09-01T18:56:23+00:00,2026-09-01T20:38:10+00:00,1
949,638,322,Enel X Way - Petrobras Enea,Pudahuel,Metropolitana,777415484,ENEL X,Enel,Tipo 2,AC,22,(7-22],,0,0,FUERA DE LINEA,2026-09-01T18:56:23+00:00,2026-05-07T14:36:31.712807+00:00,2026-09-01T18:56:23+00:00,2026-09-01T20:38:10+00:00,1
950,639,323,Enel X Way - Petrobras Peñalolen,Penalolén,Metropolitana,777415484,ENEL X,Enel,Tipo 2,AC,22,(7-22],,1,1,DISPONIBLE,2026-09-01T18:56:23+00:00,2026-06-08T15:35:26.420401+00:00,2026-09-01T18:56:23+00:00,2026-09-01T20:38:10+00:00,1
953,641,324,Enex E-Pro Shell Copayapu Copiapó,Copiapó,Atacama,920110002,Enerlink Chile SpA,Enerlink,Tipo 2,AC,22,(7-22],,0,0,DISPONIBLE,2026-09-01T18:56:23+00:00,2026-08-06T10:27:58.765857+00:00,2026-09-01T18:56:23+00:00,2026-09-01T20:38:10+00:00,1
954,641,324,Enex E-Pro Shell Copayapu Copiapó,Copiapó,Atacama,920110002,Enerlink Chile SpA,Enerlink,CCS 2,DC,120,(50-150],,0,0,DISPONIBLE,2026-09-01T18:56:23+00:00,2026-08-06T10:27:58.765857+00:00,2026-09-01T18:56:23+00:00,2026-09-01T20:38:10+00:00,1
955,641,324,Enex E-Pro Shell Copayapu Copiapó,Copiapó,Atacama,920110002,Enerlink Chile SpA,Enerlink,CHAdeMO,DC,120,(50-150],,0,0,DISPONIBLE,2026-09-01T18:56:23+00:00,2026-08-06T10:27:58.765857+00:00,2026-09-01T18:56:23+00:00,2026-09-01T20:38:10+00:00,1
956,642,325,Enel X Way - Hotel Alaia,Pichilemu,Libertador Bernardo OHiggins,777415484,ENEL X,Enel,Tipo 2,AC,3.5,7,HOTEL,0,0,NO DISPONIBLE,2026-09-01T18:56:23+00:00,2025-05-05T12:31:09.172770+00:00,2026-09-01T18:56:23+00:00,2026-09-01T20:38:10+00:00,1
957,643,325,Enel X Way - Hotel Alaia,Pichilemu,Libertador Bernardo OHiggins,777415484,ENEL X,Enel,Tipo 2,AC,3.5,7,HOTEL,0,0,DISPONIBLE,2026-09-01T18:56:23+00:00,2026-09-01T15:09:16.810721+00:00,2026-09-01T18:56:23+00:00,2026-09-01T20:38:10+00:00,1
958,644,326,Enex E-Pro Shell Independencia,Independencia,Metropolitana,920110002,EMPRESA NACIONAL DE ENERGIA EN,EMPRESA NACIONAL DE ENERGIA EN,CHAdeMO,DC,55,(50-150],,1,1,FUERA DE LINEA,2026-09-01T18:56:23+00:00,2026-08-18T18:49:06.427077+00:00,2026-09-01T18:56:23+00:00,2026-09-01T20:38:10+00:00,1
959,644,326,Enex E-Pro Shell Independencia,Independencia,Metropolitana,920110002,EMPRESA NACIONAL DE ENERGIA EN,EMPRESA NACIONAL DE ENERGIA EN,CCS 2,DC,55,(50-150],,1,1,FUERA DE LINEA,2026-09-01T18:56:23+00:00,2026-08-18T18:49:06.427077+00:00,2026-09-01T18:56:23+00:00,2026-09-01T20:38:10+00:00,1
960,644,326,Enex E-Pro Shell Independencia,Independencia,Metropolitana,920110002,EMPRESA NACIONAL DE ENERGIA EN,EMPRESA NACIONAL DE ENERGIA EN,Tipo 2,AC,43,(22-50],,1,1,FUERA DE LINEA,2026-09-01T18:56:23+00:00,2026-08-18T18:49:06.427077+00:00,2026-09-01T18:56:23+00:00,2026-09-01T20:38:10+00:00,1
965,647,328,SAVE INDUMOTORA BILBAO 5459,La Reina,Metropolitana,760782785,INMOBILIARIA INDUMOTORA SPA,INMOBILIARIA INDUMOTORA SPA,Tipo 2,AC,7.4,7,,1,1,FUERA DE LINEA,2026-09-01T18:56:23+00:00,2026-04-08T21:35:57.359777+00:00,2026-09-01T18:56:23+00:00,2026-09-01T20:38:10+00:00,1
966,648,329,Enex E-Pro Shell República de Chile Rancagua,Rancagua,Libertador Bernardo OHiggins,920110002,Enerlink Chile SpA,Enerlink,Tipo 2,AC,22,(7-22],,0,0,DISPONIBLE,2026-09-01T18:56:23+00:00,2026-08-30T03:28:23.679693+00:00,2026-09-01T18:56:23+00:00,2026-09-01T20:38:10+00:00,1
967,648,329,Enex E-Pro Shell República de Chile Rancagua,Rancagua,Libertador Bernardo OHiggins,920110002,Enerlink Chile SpA,Enerlink,CHAdeMO,DC,120,(50-150],,0,0,DISPONIBLE,2026-09-01T18:56:23+00:00,2026-08-30T03:28:23.679693+00:00,2026-09-01T18:56:23+00:00,2026-09-01T20:38:10+00:00,1
968,648,329,Enex E-Pro Shell República de Chile Rancagua,Rancagua,Libertador Bernardo OHiggins,920110002,Enerlink Chile SpA,Enerlink,CCS 2,DC,120,(50-150],,0,0,OCUPADO,2026-09-01T20:17:59+00:00,2026-08-30T03:28:23.679693+00:00,2026-09-01T18:56:23+00:00,2026-09-01T20:38:10+00:00,1
969,649,330,Enex E-Pro Shell Caupolicán Temuco,Temuco,La Araucanía,920110002,Enerlink Chile SpA,Enerlink,CHAdeMO,DC,120,(50-150],,0,0,DISPONIBLE,2026-09-01T18:56:23+00:00,2026-08-12T00:23:30.209887+00:00,2026-09-01T18:56:23+00:00,2026-09-01T20:38:10+00:00,1
970,649,330,Enex E-Pro Shell Caupolicán Temuco,Temuco,La Araucanía,920110002,Enerlink Chile SpA,Enerlink,Tipo 2,AC,22,(7-22],,0,0,DISPONIBLE,2026-09-01T18:56:23+00:00,2026-08-12T00:23:30.209887+00:00,2026-09-01T18:56:23+00:00,2026-09-01T20:38:10+00:00,1
971,649,330,Enex E-Pro Shell Caupolicán Temuco,Temuco,La Araucanía,920110002,Enerlink Chile SpA,Enerlink,CCS 2,DC,120,(50-150],,0,0,DISPONIBLE,2026-09-01T18:56:23+00:00,2026-08-12T00:23:30.209887+00:00,2026-09-01T18:56:23+00:00,2026-09-01T20:38:10+00:00,1
972,650,331,Enex E-Pro Shell Pablo Neruda Temuco,Temuco,La Araucanía,920110002,Enerlink Chile SpA,Enerlink,CCS 2,DC,120,(50-150],,0,0,DISPONIBLE,2026-09-01T20:12:55+00:00,2026-08-12T18:05:20.671330+00:00,2026-09-01T18:56:23+00:00,2026-09-01T20:38:10+00:00,1
973,650,331,Enex E-Pro Shell Pablo Neruda Temuco,Temuco,La Araucanía,920110002,Enerlink Chile SpA,Enerlink,Tipo 2,AC,22,(7-22],,0,0,DISPONIBLE,2026-09-01T18:56:23+00:00,2026-08-12T18:05:20.671330+00:00,2026-09-01T18:56:23+00:00,2026-09-01T20:38:10+00:00,1
974,650,331,Enex E-Pro Shell Pablo Neruda Temuco,Temuco,La Araucanía,920110002,Enerlink Chile SpA,Enerlink,CHAdeMO,DC,120,(50-150],,0,0,DISPONIBLE,2026-09-01T18:56:23+00:00,2026-08-12T18:05:20.671330+00:00,2026-09-01T18:56:23+00:00,2026-09-01T20:38:10+00:00,1
975,651,332,Enex E-Pro Shell Manuel Castillo Arica,Arica,Arica y Parinacota,920110002,Enerlink Chile SpA,Enerlink,Tipo 2,AC,22,(7-22],,0,0,DISPONIBLE,2026-09-01T18:56:23+00:00,2026-08-14T15:18:42.580338+00:00,2026-09-01T18:56:23+00:00,2026-09-01T20:38:10+00:00,1
976,651,332,Enex E-Pro Shell Manuel Castillo Arica,Arica,Arica y Parinacota,920110002,Enerlink Chile SpA,Enerlink,CCS 2,DC,120,(50-150],,0,0,DISPONIBLE,2026-09-01T18:56:23+00:00,2026-08-14T15:18:42.580338+00:00,2026-09-01T18:56:23+00:00,2026-09-01T20:38:10+00:00,1
977,651,332,Enex E-Pro Shell Manuel Castillo Arica,Arica,Arica y Parinacota,920110002,Enerlink Chile SpA,Enerlink,CHAdeMO,DC,120,(50-150],,0,0,DISPONIBLE,2026-09-01T18:56:23+00:00,2026-08-14T15:18:42.580338+00:00,2026-09-01T18:56:23+00:00,2026-09-01T20:38:10+00:00,1
978,652,333,Enex E-Pro Shell Vicente Méndez Ñuble ,Chillán,Ñuble,920110002,Enerlink Chile SpA,Enerlink,CHAdeMO,DC,120,(50-150],,0,0,DISPONIBLE,2026-09-01T18:56:23+00:00,2026-08-19T22:39:33.501862+00:00,2026-09-01T18:56:23+00:00,2026-09-01T20:38:10+00:00,1
979,652,333,Enex E-Pro Shell Vicente Méndez Ñuble ,Chillán,Ñuble,920110002,Enerlink Chile SpA,Enerlink,Tipo 2,AC,22,(7-22],,0,0,DISPONIBLE,2026-09-01T18:56:23+00:00,2026-08-19T22:39:33.501862+00:00,2026-09-01T18:56:23+00:00,2026-09-01T20:38:10+00:00,1
980,652,333,Enex E-Pro Shell Vicente Méndez Ñuble ,Chillán,Ñuble,920110002,Enerlink Chile SpA,Enerlink,CCS 2,DC,120,(50-150],,0,0,OCUPADO,2026-09-01T20:12:55+00:00,2026-08-19T22:39:33.501862+00:00,2026-09-01T18:56:23+00:00,2026-09-01T20:38:10+00:00,1
981,653,334,ELECTROLINIERA COPEC AVDA.ORIENTAL 5710,Penalolén,Metropolitana,995200007,COPEC VOLTEX,Copec Voltex,Tipo 2,AC,22,(7-22],ELECTROESTACIÓN,1,1,NO DISPONIBLE,2026-09-01T18:56:23+00:00,2026-04-21T20:04:47.501694+00:00,2026-09-01T18:56:23+00:00,2026-09-01T20:38:10+00:00,1
982,653,334,ELECTROLINIERA COPEC AVDA.ORIENTAL 5710,Penalolén,Metropolitana,995200007,COPEC VOLTEX,Copec Voltex,CCS 2,DC,180,150,ELECTROESTACIÓN,1,1,NO DISPONIBLE,2026-09-01T18:56:23+00:00,2026-04-21T20:04:47.501694+00:00,2026-09-01T18:56:23+00:00,2026-09-01T20:38:10+00:00,1
983,653,334,ELECTROLINIERA COPEC AVDA.ORIENTAL 5710,Penalolén,Metropolitana,995200007,COPEC VOLTEX,Copec Voltex,CCS 2,DC,180,150,ELECTROESTACIÓN,1,1,NO DISPONIBLE,2026-09-01T18:56:23+00:00,2026-04-21T20:04:47.501694+00:00,2026-09-01T18:56:23+00:00,2026-09-01T20:38:10+00:00,1
984,654,335,Enex E-Pro OHiggins Iquique,Iquique,Tarapacá,920110002,Enerlink Chile SpA,Enerlink,CHAdeMO,DC,50,(22-50],,0,0,DISPONIBLE,2026-09-01T18:56:23+00:00,2026-08-17T01:38:43.639441+00:00,2026-09-01T18:56:23+00:00,2026-09-01T20:38:10+00:00,1
985,654,335,Enex E-Pro OHiggins Iquique,Iquique,Tarapacá,920110002,Enerlink Chile SpA,Enerlink,Tipo 2,AC,22,(7-22],,0,0,DISPONIBLE,2026-09-01T18:56:23+00:00,2026-08-17T01:38:43.639441+00:00,2026-09-01T18:56:23+00:00,2026-09-01T20:38:10+00:00,1
986,654,335,Enex E-Pro OHiggins Iquique,Iquique,Tarapacá,920110002,Enerlink Chile SpA,Enerlink,CCS 2,DC,120,(50-150],,0,0,DISPONIBLE,2026-09-01T18:56:23+00:00,2026-08-17T01:38:43.639441+00:00,2026-09-01T18:56:23+00:00,2026-09-01T20:38:10+00:00,1
987,655,336,ENEL X WAY -CARGADORES ELECTRICOS EDICIO HELSINSKI,La Reina,Metropolitana,768911355,Inmobiliaria FG Oriente SpA,Inmobiliaria FG Oriente SpA,Tipo 2,AC,22,(7-22],,1,1,FUERA DE LINEA,2026-09-01T18:56:23+00:00,2026-04-08T21:35:57.359777+00:00,2026-09-01T18:56:23+00:00,2026-09-01T20:38:10+00:00,1
988,655,336,ENEL X WAY -CARGADORES ELECTRICOS EDICIO HELSINSKI,La Reina,Metropolitana,768911355,Inmobiliaria FG Oriente SpA,Inmobiliaria FG Oriente SpA,Tipo 2,AC,22,(7-22],,1,1,FUERA DE LINEA,2026-09-01T18:56:23+00:00,2026-04-08T21:35:57.359777+00:00,2026-09-01T18:56:23+00:00,2026-09-01T20:38:10+00:00,1
989,656,336,ENEL X WAY -CARGADORES ELECTRICOS EDICIO HELSINSKI,La Reina,Metropolitana,768911355,Inmobiliaria FG Oriente SpA,Inmobiliaria FG Oriente SpA,Tipo 2,AC,7.4,7,,1,1,FUERA DE LINEA,2026-09-01T18:56:23+00:00,2026-04-08T21:35:57.359777+00:00,2026-09-01T18:56:23+00:00,2026-09-01T20:38:10+00:00,1
990,657,336,ENEL X WAY -CARGADORES ELECTRICOS EDICIO HELSINSKI,La Reina,Metropolitana,768911355,Inmobiliaria FG Oriente SpA,Inmobiliaria FG Oriente SpA,Tipo 2,AC,7.4,7,,1,1,FUERA DE LINEA,2026-09-01T18:56:23+00:00,2026-04-08T21:35:57.359777+00:00,2026-09-01T18:56:23+00:00,2026-09-01T20:38:10+00:00,1
991,658,337,SAVE KIA POMPEYO CARRASCO GRAN AVENIDA ,La Cisterna,Metropolitana,813187000,Pompeyo Carrasco SPA,Pompeyo Carrasco SPA,Tipo 2,AC,7.4,7,,0,0,FUERA DE LINEA,2026-09-01T18:56:23+00:00,2026-04-08T21:35:57.359777+00:00,2026-09-01T18:56:23+00:00,2026-09-01T20:38:10+00:00,1
992,659,338,Enel X Way - Petrobras Rancagua La Compañia,Rancagua,Libertador Bernardo OHiggins,777415484,ENEL X,Enel,CCS 2,DC,60,(50-150],,0,0,FUERA DE LINEA,2026-09-01T18:56:23+00:00,2026-08-13T19:39:35.944037+00:00,2026-09-01T18:56:23+00:00,2026-09-01T20:38:10+00:00,1
993,659,338,Enel X Way - Petrobras Rancagua La Compañia,Rancagua,Libertador Bernardo OHiggins,777415484,ENEL X,Enel,CHAdeMO,DC,50,(22-50],,0,0,FUERA DE LINEA,2026-09-01T18:56:23+00:00,2026-08-13T19:39:35.944037+00:00,2026-09-01T18:56:23+00:00,2026-09-01T20:38:10+00:00,1
994,660,338,Enel X Way - Petrobras Rancagua La Compañia,Rancagua,Libertador Bernardo OHiggins,777415484,ENEL X,Enel,Tipo 2,AC,22,(7-22],,0,0,FUERA DE LINEA,2026-09-01T18:56:23+00:00,2026-04-08T21:35:57.359777+00:00,2026-09-01T18:56:23+00:00,2026-09-01T20:38:10+00:00,1
995,661,339,SAVE - HOTEL AGUAS DEL DESIERTO,Calama,Antofagasta,995200007,COPEC VOLTEX,Copec Voltex,Tipo 2,AC,7.4,7,,0,0,DISPONIBLE,2026-09-01T18:56:23+00:00,2026-08-24T00:27:49.749367+00:00,2026-09-01T18:56:23+00:00,2026-09-01T20:38:10+00:00,1
996,662,340,Save Edificio Corporativo ITAU Pdte. Riesco #5537,Las Condes,Metropolitana,651084873,Com Edif Nue Las Condes Siete,Com Edif Nue Las Condes Siete,Tipo 2,AC,7.4,7,,1,1,FUERA DE LINEA,2026-09-01T18:56:23+00:00,2026-04-08T21:35:57.359777+00:00,2026-09-01T18:56:23+00:00,2026-09-01T20:38:10+00:00,1
997,663,340,Save Edificio Corporativo ITAU Pdte. Riesco #5537,Las Condes,Metropolitana,651084873,Com Edif Nue Las Condes Siete,Com Edif Nue Las Condes Siete,Tipo 2,AC,7.4,7,,1,1,FUERA DE LINEA,2026-09-01T18:56:23+00:00,2026-04-08T21:35:57.359777+00:00,2026-09-01T18:56:23+00:00,2026-09-01T20:38:10+00:00,1
998,664,340,Save Edificio Corporativo ITAU Pdte. Riesco #5537,Las Condes,Metropolitana,651084873,Com Edif Nue Las Condes Siete,Com Edif Nue Las Condes Siete,Tipo 2,AC,7.4,7,,1,1,FUERA DE LINEA,2026-09-01T18:56:23+00:00,2026-04-08T21:35:57.359777+00:00,2026-09-01T18:56:23+00:00,2026-09-01T20:38:10+00:00,1
999,665,340,Save Edificio Corporativo ITAU Pdte. Riesco #5537,Las Condes,Metropolitana,651084873,Com Edif Nue Las Condes Siete,Com Edif Nue Las Condes Siete,Tipo 2,AC,7.4,7,,1,1,FUERA DE LINEA,2026-09-01T18:56:23+00:00,2026-04-08T21:35:57.359777+00:00,2026-09-01T18:56:23+00:00,2026-09-01T20:38:10+00:00,1
1000,666,341,Enex E-Pro Shell Valdivia,Valdivia,De los Ríos,920110002,Enerlink Chile SpA,Enerlink,CCS 2,DC,120,(50-150],,0,0,DISPONIBLE,2026-09-01T18:56:23+00:00,2026-08-26T23:47:09.830152+00:00,2026-09-01T18:56:23+00:00,2026-09-01T20:38:10+00:00,1
1001,666,341,Enex E-Pro Shell Valdivia,Valdivia,De los Ríos,920110002,Enerlink Chile SpA,Enerlink,CHAdeMO,DC,120,(50-150],,0,0,DISPONIBLE,2026-09-01T18:56:23+00:00,2026-08-26T23:47:09.830152+00:00,2026-09-01T18:56:23+00:00,2026-09-01T20:38:10+00:00,1
1002,666,341,Enex E-Pro Shell Valdivia,Valdivia,De los Ríos,920110002,Enerlink Chile SpA,Enerlink,Tipo 2,AC,22,(7-22],,0,0,DISPONIBLE,2026-09-01T18:56:23+00:00,2026-08-26T23:47:09.830152+00:00,2026-09-01T18:56:23+00:00,2026-09-01T20:38:10+00:00,1
1003,667,342,Enel X Way - Petrobras Rotonda Atenas,Las Condes,Metropolitana,777415484,ENEL X,Enel,Tipo 2,AC,22,(7-22],,0,0,FUERA DE LINEA,2026-09-01T18:56:23+00:00,2026-08-20T04:00:18.862807+00:00,2026-09-01T18:56:23+00:00,2026-09-01T20:38:10+00:00,1
1004,668,342,Enel X Way - Petrobras Rotonda Atenas,Las Condes,Metropolitana,777415484,ENEL X,Enel,CCS 2,DC,60,(50-150],,0,0,OCUPADO,2026-09-01T20:23:01+00:00,2026-09-01T20:21:59.847681+00:00,2026-09-01T18:56:23+00:00,2026-09-01T20:38:10+00:00,1
1005,668,342,Enel X Way - Petrobras Rotonda Atenas,Las Condes,Metropolitana,777415484,ENEL X,Enel,CHAdeMO,DC,50,(22-50],,0,0,OCUPADO,2026-09-01T20:23:01+00:00,2026-09-01T20:21:59.847681+00:00,2026-09-01T18:56:23+00:00,2026-09-01T20:38:10+00:00,1
1006,669,342,Enel X Way - Petrobras Rotonda Atenas,Las Condes,Metropolitana,777415484,ENEL X,Enel,CCS 2,DC,60,(50-150],,0,0,DISPONIBLE,2026-09-01T18:56:23+00:00,2026-09-01T20:06:38.277995+00:00,2026-09-01T18:56:23+00:00,2026-09-01T20:38:10+00:00,1
1007,669,342,Enel X Way - Petrobras Rotonda Atenas,Las Condes,Metropolitana,777415484,ENEL X,Enel,CCS 2,DC,60,(50-150],,0,0,OCUPADO,2026-09-01T18:56:23+00:00,2026-09-01T20:06:38.277995+00:00,2026-09-01T18:56:23+00:00,2026-09-01T20:38:10+00:00,1
1008,670,343,Enel X Way - Sodimac Coquimbo,La Serena,Coquimbo,777415484,ENEL X,Enel,Tipo 2,AC,11,(7-22],OTRO,0,0,FUERA DE LINEA,2026-09-01T18:56:23+00:00,2026-09-01T04:09:35.214768+00:00,2026-09-01T18:56:23+00:00,2026-09-01T20:38:10+00:00,1
1009,670,343,Enel X Way - Sodimac Coquimbo,La Serena,Coquimbo,777415484,ENEL X,Enel,Tipo 2,AC,11,(7-22],OTRO,0,0,FUERA DE LINEA,2026-09-01T18:56:23+00:00,2026-09-01T04:09:35.214768+00:00,2026-09-01T18:56:23+00:00,2026-09-01T20:38:10+00:00,1
1010,671,344,Enel X Way - Sodimac La Serena,La Serena,Coquimbo,777415484,ENEL X,Enel,Tipo 2,AC,11,(7-22],OTRO,0,0,NO DISPONIBLE,2026-09-01T18:56:23+00:00,2026-06-25T21:35:59.353686+00:00,2026-09-01T18:56:23+00:00,2026-09-01T20:38:10+00:00,1
1011,671,344,Enel X Way - Sodimac La Serena,La Serena,Coquimbo,777415484,ENEL X,Enel,Tipo 2,AC,11,(7-22],OTRO,0,0,NO DISPONIBLE,2026-09-01T18:56:23+00:00,2026-06-25T21:35:59.353686+00:00,2026-09-01T18:56:23+00:00,2026-09-01T20:38:10+00:00,1
1012,672,345,Enel X Way - Hotel Oelckers,Hualaihué,Los Lagos,777415484,ENEL X,Enel,Tipo 2,AC,7.4,7,HOTEL,0,0,FUERA DE LINEA,2026-09-01T18:56:23+00:00,2026-09-01T04:09:20.417424+00:00,2026-09-01T18:56:23+00:00,2026-09-01T20:38:10+00:00,1
1016,675,347,IRVE KIA DELARZE - PEDRO AGUIRRE CERDA ,Cerrillos,Metropolitana,787706304,COMERCIAL AUTOMOTRIZ SIGLO XXI,COMERCIAL AUTOMOTRIZ SIGLO XXI,Tipo 2,AC,7.4,7,,1,1,FUERA DE LINEA,2026-09-01T18:56:23+00:00,2026-04-08T21:35:57.359777+00:00,2026-09-01T18:56:23+00:00,2026-09-01T20:38:10+00:00,1
1017,676,348,Enel X Way-Parque Araucano.,Las Condes,Metropolitana,777415484,ENEL X,Enel,Tipo 2,AC,22,(7-22],ELECTROESTACIÓN,0,0,DISPONIBLE,2026-09-01T18:56:23+00:00,2026-09-01T20:32:56.355759+00:00,2026-09-01T18:56:23+00:00,2026-09-01T20:38:10+00:00,1
1018,676,348,Enel X Way-Parque Araucano.,Las Condes,Metropolitana,777415484,ENEL X,Enel,Tipo 2,AC,22,(7-22],ELECTROESTACIÓN,0,0,DISPONIBLE,2026-09-01T20:38:10+00:00,2026-09-01T20:32:56.355759+00:00,2026-09-01T18:56:23+00:00,2026-09-01T20:38:10+00:00,1
1019,677,348,Enel X Way-Parque Araucano.,Las Condes,Metropolitana,777415484,ENEL X,Enel,CCS 2,DC,160,150,ELECTROESTACIÓN,0,0,NO DISPONIBLE,2026-09-01T18:56:23+00:00,2026-08-31T13:55:39.280630+00:00,2026-09-01T18:56:23+00:00,2026-09-01T20:38:10+00:00,1
1020,677,348,Enel X Way-Parque Araucano.,Las Condes,Metropolitana,777415484,ENEL X,Enel,CCS 2,DC,160,150,ELECTROESTACIÓN,0,0,FUERA DE LINEA,2026-09-01T18:56:23+00:00,2026-08-31T13:55:39.280630+00:00,2026-09-01T18:56:23+00:00,2026-09-01T20:38:10+00:00,1
1021,678,348,Enel X Way-Parque Araucano.,Las Condes,Metropolitana,777415484,ENEL X,Enel,CCS 2,DC,160,150,ELECTROESTACIÓN,0,0,FUERA DE LINEA,2026-09-01T18:56:23+00:00,2026-09-01T04:09:24.942538+00:00,2026-09-01T18:56:23+00:00,2026-09-01T20:38:10+00:00,1
1022,678,348,Enel X Way-Parque Araucano.,Las Condes,Metropolitana,777415484,ENEL X,Enel,CCS 2,DC,160,150,ELECTROESTACIÓN,0,0,FUERA DE LINEA,2026-09-01T18:56:23+00:00,2026-09-01T04:09:24.942538+00:00,2026-09-01T18:56:23+00:00,2026-09-01T20:38:10+00:00,1
1023,679,348,Enel X Way-Parque Araucano.,Las Condes,Metropolitana,777415484,ENEL X,Enel,GB/T DC,DC,150,(50-150],ELECTROESTACIÓN,0,0,DISPONIBLE,2026-09-01T20:12:55+00:00,2026-09-01T19:01:48.918198+00:00,2026-09-01T18:56:23+00:00,2026-09-01T20:38:10+00:00,1
1024,679,348,Enel X Way-Parque Araucano.,Las Condes,Metropolitana,777415484,ENEL X,Enel,GB/T DC,DC,150,(50-150],ELECTROESTACIÓN,0,0,DISPONIBLE,2026-09-01T18:56:23+00:00,2026-09-01T19:01:48.918198+00:00,2026-09-01T18:56:23+00:00,2026-09-01T20:38:10+00:00,1
1025,680,348,Enel X Way-Parque Araucano.,Las Condes,Metropolitana,777415484,ENEL X,Enel,CCS 2,DC,70,(50-150],ELECTROESTACIÓN,0,0,OCUPADO,2026-09-01T18:56:23+00:00,2026-09-01T17:36:39.292018+00:00,2026-09-01T18:56:23+00:00,2026-09-01T20:38:10+00:00,1
1026,680,348,Enel X Way-Parque Araucano.,Las Condes,Metropolitana,777415484,ENEL X,Enel,CHAdeMO,DC,70,(50-150],ELECTROESTACIÓN,0,0,DISPONIBLE,2026-09-01T20:38:10+00:00,2026-09-01T17:36:39.292018+00:00,2026-09-01T18:56:23+00:00,2026-09-01T20:38:10+00:00,1
1027,681,348,Enel X Way-Parque Araucano.,Las Condes,Metropolitana,777415484,ENEL X,Enel,CCS 2,DC,70,(50-150],ELECTROESTACIÓN,0,0,DISPONIBLE,2026-09-01T20:28:04+00:00,2026-09-01T20:26:56.171016+00:00,2026-09-01T18:56:23+00:00,2026-09-01T20:38:10+00:00,1
1028,681,348,Enel X Way-Parque Araucano.,Las Condes,Metropolitana,777415484,ENEL X,Enel,CHAdeMO,DC,70,(50-150],ELECTROESTACIÓN,0,0,DISPONIBLE,2026-09-01T18:56:23+00:00,2026-09-01T20:26:56.171016+00:00,2026-09-01T18:56:23+00:00,2026-09-01T20:38:10+00:00,1
1029,682,349,CARGA VEHICULAR GRUPO SAESA PTO MONTT,Puerto Montt,Los Lagos,760731625,Sociedad Austral de Electricidad S.A,Saesa,Tipo 2,AC,22,(7-22],,1,1,FUERA DE LINEA,2026-09-01T18:56:23+00:00,2026-04-22T15:05:36.024601+00:00,2026-09-01T18:56:23+00:00,2026-09-01T20:38:10+00:00,1
1030,682,349,CARGA VEHICULAR GRUPO SAESA PTO MONTT,Puerto Montt,Los Lagos,760731625,Sociedad Austral de Electricidad S.A,Saesa,Tipo 2,AC,22,(7-22],,1,1,FUERA DE LINEA,2026-09-01T18:56:23+00:00,2026-04-22T15:05:36.024601+00:00,2026-09-01T18:56:23+00:00,2026-09-01T20:38:10+00:00,1
1033,684,350,IRVE POMPEYO CARRASCO PUBLICO,Maipú,Metropolitana,813187000,Pompeyo Carrasco SPA,Pompeyo Carrasco SPA,Tipo 2,AC,7.4,7,,1,1,FUERA DE LINEA,2026-09-01T18:56:23+00:00,2026-04-08T21:35:57.359777+00:00,2026-09-01T18:56:23+00:00,2026-09-01T20:38:10+00:00,1
1034,685,350,IRVE POMPEYO CARRASCO PUBLICO,Maipú,Metropolitana,813187000,Pompeyo Carrasco SPA,Pompeyo Carrasco SPA,Tipo 2,AC,7.4,7,,1,1,FUERA DE LINEA,2026-09-01T18:56:23+00:00,2026-04-08T21:35:57.359777+00:00,2026-09-01T18:56:23+00:00,2026-09-01T20:38:10+00:00,1
1035,686,351,Enel X Way - Petrobras Carrascal ,Cerro Navia,Metropolitana,777415484,ENEL X,Enel,Tipo 2,AC,22,(7-22],OTRO,0,0,DISPONIBLE,2026-09-01T18:56:23+00:00,2026-09-01T04:09:35.618508+00:00,2026-09-01T18:56:23+00:00,2026-09-01T20:38:10+00:00,1
1036,687,351,Enel X Way - Petrobras Carrascal ,Cerro Navia,Metropolitana,777415484,ENEL X,Enel,CHAdeMO,DC,50,(22-50],OTRO,0,0,DISPONIBLE,2026-09-01T18:56:23+00:00,2026-09-01T20:35:56.390939+00:00,2026-09-01T18:56:23+00:00,2026-09-01T20:38:10+00:00,1
1037,687,351,Enel X Way - Petrobras Carrascal ,Cerro Navia,Metropolitana,777415484,ENEL X,Enel,CCS 2,DC,60,(50-150],OTRO,0,0,DISPONIBLE,2026-09-01T20:12:55+00:00,2026-09-01T20:35:56.390939+00:00,2026-09-01T18:56:23+00:00,2026-09-01T20:38:10+00:00,1
1038,688,352,Enel X Way - Hotel NH Antofagasta,Antofagasta,Antofagasta,777415484,ENEL X,Enel,Tipo 2,AC,7.4,7,HOTEL,1,1,NO DISPONIBLE,2026-09-01T18:56:23+00:00,2025-05-26T20:31:38.467913+00:00,2026-09-01T18:56:23+00:00,2026-09-01T20:38:10+00:00,1
1039,689,352,Enel X Way - Hotel NH Antofagasta,Antofagasta,Antofagasta,777415484,ENEL X,Enel,Tipo 2,AC,7.4,7,HOTEL,1,1,NO DISPONIBLE,2026-09-01T18:56:23+00:00,2025-05-26T20:31:38.550202+00:00,2026-09-01T18:56:23+00:00,2026-09-01T20:38:10+00:00,1
1040,690,353,Enel X Way - MUT,Las Condes,Metropolitana,777415484,ENEL X,Enel,CCS 2,DC,60,(50-150],CENTRO COMERCIAL,0,0,OCUPADO,2026-09-01T18:56:23+00:00,2026-09-01T13:31:17.029982+00:00,2026-09-01T18:56:23+00:00,2026-09-01T20:38:10+00:00,1
1041,690,353,Enel X Way - MUT,Las Condes,Metropolitana,777415484,ENEL X,Enel,CCS 2,DC,60,(50-150],CENTRO COMERCIAL,0,0,DISPONIBLE,2026-09-01T18:56:23+00:00,2026-09-01T13:31:17.029982+00:00,2026-09-01T18:56:23+00:00,2026-09-01T20:38:10+00:00,1
1042,691,353,Enel X Way - MUT,Las Condes,Metropolitana,777415484,ENEL X,Enel,CCS 2,DC,60,(50-150],CENTRO COMERCIAL,0,0,DISPONIBLE,2026-09-01T18:56:23+00:00,2026-09-01T20:37:05.813770+00:00,2026-09-01T18:56:23+00:00,2026-09-01T20:38:10+00:00,1
1043,691,353,Enel X Way - MUT,Las Condes,Metropolitana,777415484,ENEL X,Enel,CHAdeMO,DC,50,(22-50],CENTRO COMERCIAL,0,0,DISPONIBLE,2026-09-01T20:38:10+00:00,2026-09-01T20:37:05.813770+00:00,2026-09-01T18:56:23+00:00,2026-09-01T20:38:10+00:00,1
1044,692,353,Enel X Way - MUT,Las Condes,Metropolitana,777415484,ENEL X,Enel,Tipo 2,AC,22,(7-22],CENTRO COMERCIAL,0,0,DISPONIBLE,2026-09-01T18:56:23+00:00,2026-09-01T04:10:00.840430+00:00,2026-09-01T18:56:23+00:00,2026-09-01T20:38:10+00:00,1
1045,693,353,Enel X Way - MUT,Las Condes,Metropolitana,777415484,ENEL X,Enel,Tipo 2,AC,22,(7-22],CENTRO COMERCIAL,0,0,DISPONIBLE,2026-09-01T20:12:55+00:00,2026-09-01T19:31:48.889251+00:00,2026-09-01T18:56:23+00:00,2026-09-01T20:38:10+00:00,1
1046,694,354,Enel X Way - Puerto Cisnes ,Cisnes,Aysén del General Carlos Ibáñez del Campo,777415484,ENEL X,Enel,Tipo 2,AC,7.4,7,HOTEL,0,0,DISPONIBLE,2026-09-01T18:56:23+00:00,2026-09-01T17:01:40.053647+00:00,2026-09-01T18:56:23+00:00,2026-09-01T20:38:10+00:00,1
1047,695,355,Enel X Way - Puerto Rio Tranquilo ,Río Ibánez,Aysén del General Carlos Ibáñez del Campo,777415484,ENEL X,Enel,Tipo 2,AC,7.4,7,HOTEL,0,0,DISPONIBLE,2026-09-01T18:56:23+00:00,2026-09-01T19:21:51.108497+00:00,2026-09-01T18:56:23+00:00,2026-09-01T20:38:10+00:00,1
1051,697,357,SAVE VOLTEX 20442 EDS COPEC,Valdivia,De los Ríos,995200007,COPEC VOLTEX,Copec Voltex,CHAdeMO,DC,50,(22-50],,0,0,NO DISPONIBLE,2026-09-01T18:56:23+00:00,2026-09-01T20:28:20.572936+00:00,2026-09-01T18:56:23+00:00,2026-09-01T20:38:10+00:00,1
1052,697,357,SAVE VOLTEX 20442 EDS COPEC,Valdivia,De los Ríos,995200007,COPEC VOLTEX,Copec Voltex,CCS 2,DC,50,(22-50],,0,0,OCUPADO,2026-09-01T20:33:07+00:00,2026-09-01T20:28:20.572936+00:00,2026-09-01T18:56:23+00:00,2026-09-01T20:38:10+00:00,1
1053,697,357,SAVE VOLTEX 20442 EDS COPEC,Valdivia,De los Ríos,995200007,COPEC VOLTEX,Copec Voltex,Tipo 2,AC,22,(7-22],,0,0,FUERA DE LINEA,2026-09-01T18:56:23+00:00,2026-09-01T20:28:20.572936+00:00,2026-09-01T18:56:23+00:00,2026-09-01T20:38:10+00:00,1
1054,698,358,"Enel X Way - Cabañas El Engaño, Chile Chico",Aysén,Aysén del General Carlos Ibáñez del Campo,777415484,ENEL X,Enel,Tipo 2,AC,7.4,7,HOTEL,0,0,FUERA DE LINEA,2026-09-01T18:56:23+00:00,2026-09-01T03:00:06.152606+00:00,2026-09-01T18:56:23+00:00,2026-09-01T20:38:10+00:00,1
1055,699,359,Enel X Way - Villa Mañihuales,Aysén,Aysén del General Carlos Ibáñez del Campo,777415484,ENEL X,Enel,Tipo 2,AC,7.4,7,HOTEL,0,0,DISPONIBLE,2026-09-01T18:56:23+00:00,2026-09-01T04:09:20.852585+00:00,2026-09-01T18:56:23+00:00,2026-09-01T20:38:10+00:00,1
1056,700,360,Enel X Way - Puerto Guadal ,Aysén,Aysén del General Carlos Ibáñez del Campo,777415484,ENEL X,Enel,Tipo 2,AC,7.4,7,HOTEL,0,0,FUERA DE LINEA,2026-09-01T18:56:23+00:00,2026-09-01T03:00:06.012827+00:00,2026-09-01T18:56:23+00:00,2026-09-01T20:38:10+00:00,1
1057,701,361,Cargadores Ditec Padre Hurtado,Vitacura,Metropolitana,968991000,Comer. Ditec Automoviles SA,Comer. Ditec Automoviles SA,Tipo 2,AC,7.4,7,,1,1,FUERA DE LINEA,2026-09-01T18:56:23+00:00,2026-04-08T21:35:57.359777+00:00,2026-09-01T18:56:23+00:00,2026-09-01T20:38:10+00:00,1
1058,702,361,Cargadores Ditec Padre Hurtado,Vitacura,Metropolitana,968991000,Comer. Ditec Automoviles SA,Comer. Ditec Automoviles SA,Tipo 2,AC,7.4,7,,1,1,FUERA DE LINEA,2026-09-01T18:56:23+00:00,2026-04-08T21:35:57.359777+00:00,2026-09-01T18:56:23+00:00,2026-09-01T20:38:10+00:00,1
1059,703,361,Cargadores Ditec Padre Hurtado,Vitacura,Metropolitana,968991000,Comer. Ditec Automoviles SA,Comer. Ditec Automoviles SA,Tipo 2,AC,7.4,7,,1,1,FUERA DE LINEA,2026-09-01T18:56:23+00:00,2026-04-08T21:35:57.359777+00:00,2026-09-01T18:56:23+00:00,2026-09-01T20:38:10+00:00,1
1060,704,361,Cargadores Ditec Padre Hurtado,Vitacura,Metropolitana,968991000,Comer. Ditec Automoviles SA,Comer. Ditec Automoviles SA,Tipo 2,AC,7.4,7,,1,1,FUERA DE LINEA,2026-09-01T18:56:23+00:00,2026-04-08T21:35:57.359777+00:00,2026-09-01T18:56:23+00:00,2026-09-01T20:38:10+00:00,1
1064,706,363,Enel X Way - Villa O`Higgins,OHiggins,Aysén del General Carlos Ibáñez del Campo,777415484,ENEL X,Enel,Tipo 2,AC,7.4,7,HOTEL,0,0,NO DISPONIBLE,2026-09-01T18:56:23+00:00,2025-05-05T12:33:17.807499+00:00,2026-09-01T18:56:23+00:00,2026-09-01T20:38:10+00:00,1
1065,707,364,Enel X Way - Petrobras La Serena,La Serena,Coquimbo,777415484,ENEL MOBILITY CHILE SPA,Enel,CHAdeMO,DC,50,(22-50],,0,0,FUERA DE LINEA,2026-09-01T18:56:23+00:00,2026-04-08T21:35:57.359777+00:00,2026-09-01T18:56:23+00:00,2026-09-01T20:38:10+00:00,1
1066,707,364,Enel X Way - Petrobras La Serena,La Serena,Coquimbo,777415484,ENEL MOBILITY CHILE SPA,Enel,CCS 2,DC,150,(50-150],,0,0,FUERA DE LINEA,2026-09-01T18:56:23+00:00,2026-04-08T21:35:57.359777+00:00,2026-09-01T18:56:23+00:00,2026-09-01T20:38:10+00:00,1
1067,708,364,Enel X Way - Petrobras La Serena,La Serena,Coquimbo,777415484,ENEL MOBILITY CHILE SPA,Enel,Tipo 2,AC,22,(7-22],,0,0,FUERA DE LINEA,2026-09-01T18:56:23+00:00,2026-04-08T21:35:57.359777+00:00,2026-09-01T18:56:23+00:00,2026-09-01T20:38:10+00:00,1
1068,709,365,SAVE VOLTEX 20071 MARIQUINA,Mariquina,De los Ríos,995200007,COPEC VOLTEX,Copec Voltex,CHAdeMO,DC,50,(22-50],,0,0,NO DISPONIBLE,2026-09-01T18:56:23+00:00,2026-09-01T17:26:02.406116+00:00,2026-09-01T18:56:23+00:00,2026-09-01T20:38:10+00:00,1
1069,709,365,SAVE VOLTEX 20071 MARIQUINA,Mariquina,De los Ríos,995200007,COPEC VOLTEX,Copec Voltex,CCS 2,DC,50,(22-50],,0,0,DISPONIBLE,2026-09-01T18:56:23+00:00,2026-09-01T17:26:02.406116+00:00,2026-09-01T18:56:23+00:00,2026-09-01T20:38:10+00:00,1
1070,709,365,SAVE VOLTEX 20071 MARIQUINA,Mariquina,De los Ríos,995200007,COPEC VOLTEX,Copec Voltex,Tipo 2,AC,22,(7-22],,0,0,FUERA DE LINEA,2026-09-01T18:56:23+00:00,2026-09-01T17:26:02.406116+00:00,2026-09-01T18:56:23+00:00,2026-09-01T20:38:10+00:00,1
1071,710,366,SAVE VOLTEX 20606 FREIRE,Freire,La Araucanía,995200007,COPEC VOLTEX,Copec Voltex,CCS 2,DC,50,(22-50],,0,0,DISPONIBLE,2026-09-01T20:28:04+00:00,2026-09-01T20:24:09.508479+00:00,2026-09-01T18:56:23+00:00,2026-09-01T20:38:10+00:00,1
1072,710,366,SAVE VOLTEX 20606 FREIRE,Freire,La Araucanía,995200007,COPEC VOLTEX,Copec Voltex,Tipo 2,AC,22,(7-22],,0,0,FUERA DE LINEA,2026-09-01T18:56:23+00:00,2026-09-01T20:24:09.508479+00:00,2026-09-01T18:56:23+00:00,2026-09-01T20:38:10+00:00,1
1073,710,366,SAVE VOLTEX 20606 FREIRE,Freire,La Araucanía,995200007,COPEC VOLTEX,Copec Voltex,CHAdeMO,DC,50,(22-50],,0,0,DISPONIBLE,2026-09-01T20:28:04+00:00,2026-09-01T20:24:09.508479+00:00,2026-09-01T18:56:23+00:00,2026-09-01T20:38:10+00:00,1
1077,712,368,Enel X Way - Petrobras Los Vilos,Los Vilos,Coquimbo,783296004,SERVICIOS HERRMANN LIMITADA,SERVICIOS HERRMANN LIMITADA,Tipo 2,AC,22,(7-22],,0,0,FUERA DE LINEA,2026-09-01T18:56:23+00:00,2026-04-08T21:35:57.359777+00:00,2026-09-01T18:56:23+00:00,2026-09-01T20:38:10+00:00,1
1078,713,368,Enel X Way - Petrobras Los Vilos,Los Vilos,Coquimbo,783296004,SERVICIOS HERRMANN LIMITADA,SERVICIOS HERRMANN LIMITADA,CCS 2,DC,150,(50-150],,0,0,FUERA DE LINEA,2026-09-01T18:56:23+00:00,2026-04-08T21:35:57.359777+00:00,2026-09-01T18:56:23+00:00,2026-09-01T20:38:10+00:00,1
1079,713,368,Enel X Way - Petrobras Los Vilos,Los Vilos,Coquimbo,783296004,SERVICIOS HERRMANN LIMITADA,SERVICIOS HERRMANN LIMITADA,CHAdeMO,DC,50,(22-50],,0,0,FUERA DE LINEA,2026-09-01T18:56:23+00:00,2026-04-08T21:35:57.359777+00:00,2026-09-01T18:56:23+00:00,2026-09-01T20:38:10+00:00,1
1080,714,369,SAVE - CONDOMINIO ÑIPA,Colina,Metropolitana,967879908,SINERGIA INMOBILIARIA S.A.,SINERGIA INMOBILIARIA S.A.,Tipo 2,AC,22,(7-22],,1,1,FUERA DE LINEA,2026-09-01T18:56:23+00:00,2026-04-08T21:35:57.359777+00:00,2026-09-01T18:56:23+00:00,2026-09-01T20:38:10+00:00,1
1081,715,370,Enel X Way - Petrobras Vallenar,Vallenar,Atacama,928540006,Industria Recuperadora de Neum,Industria Recuperadora de Neum,Tipo 2,AC,22,(7-22],,0,0,FUERA DE LINEA,2026-09-01T18:56:23+00:00,2026-04-08T21:35:57.359777+00:00,2026-09-01T18:56:23+00:00,2026-09-01T20:38:10+00:00,1
1082,716,370,Enel X Way - Petrobras Vallenar,Vallenar,Atacama,928540006,Industria Recuperadora de Neum,Industria Recuperadora de Neum,CHAdeMO,DC,50,(22-50],,0,0,FUERA DE LINEA,2026-09-01T18:56:23+00:00,2026-04-08T21:35:57.359777+00:00,2026-09-01T18:56:23+00:00,2026-09-01T20:38:10+00:00,1
1083,716,370,Enel X Way - Petrobras Vallenar,Vallenar,Atacama,928540006,Industria Recuperadora de Neum,Industria Recuperadora de Neum,CCS 2,DC,150,(50-150],,0,0,FUERA DE LINEA,2026-09-01T18:56:23+00:00,2026-04-08T21:35:57.359777+00:00,2026-09-01T18:56:23+00:00,2026-09-01T20:38:10+00:00,1
1084,717,371,SAVE VOLTEX 20607 LONCOCHE,Loncoche,La Araucanía,995200007,COPEC VOLTEX,Copec Voltex,Tipo 2,AC,22,(7-22],,0,0,FUERA DE LINEA,2026-09-01T18:56:23+00:00,2026-08-08T12:06:08.661847+00:00,2026-09-01T18:56:23+00:00,2026-09-01T20:38:10+00:00,1
1085,717,371,SAVE VOLTEX 20607 LONCOCHE,Loncoche,La Araucanía,995200007,COPEC VOLTEX,Copec Voltex,CHAdeMO,DC,50,(22-50],,0,0,NO DISPONIBLE,2026-09-01T18:56:23+00:00,2026-08-08T12:06:08.661847+00:00,2026-09-01T18:56:23+00:00,2026-09-01T20:38:10+00:00,1
1086,717,371,SAVE VOLTEX 20607 LONCOCHE,Loncoche,La Araucanía,995200007,COPEC VOLTEX,Copec Voltex,CCS 2,DC,50,(22-50],,0,0,FUERA DE LINEA,2026-09-01T18:56:23+00:00,2026-08-08T12:06:08.661847+00:00,2026-09-01T18:56:23+00:00,2026-09-01T20:38:10+00:00,1
1087,718,372,SAVE VOLTEX 20089 PUERTO VARAS,Puerto Varas,Los Lagos,995200007,COPEC VOLTEX,Copec Voltex,CHAdeMO,DC,50,(22-50],,0,0,NO DISPONIBLE,2026-09-01T18:56:23+00:00,2026-09-01T18:47:01.115075+00:00,2026-09-01T18:56:23+00:00,2026-09-01T20:38:10+00:00,1
1088,718,372,SAVE VOLTEX 20089 PUERTO VARAS,Puerto Varas,Los Lagos,995200007,COPEC VOLTEX,Copec Voltex,CCS 2,DC,50,(22-50],,0,0,DISPONIBLE,2026-09-01T18:56:23+00:00,2026-09-01T18:47:01.115075+00:00,2026-09-01T18:56:23+00:00,2026-09-01T20:38:10+00:00,1
1089,718,372,SAVE VOLTEX 20089 PUERTO VARAS,Puerto Varas,Los Lagos,995200007,COPEC VOLTEX,Copec Voltex,Tipo 2,AC,22,(7-22],,0,0,FUERA DE LINEA,2026-09-01T18:56:23+00:00,2026-09-01T18:47:01.115075+00:00,2026-09-01T18:56:23+00:00,2026-09-01T20:38:10+00:00,1
1090,719,373,SAVE VOLTEX 20605 SAN PABLO,San Pablo,Los Lagos,995200007,COPEC VOLTEX,Copec Voltex,CHAdeMO,DC,50,(22-50],,0,0,DISPONIBLE,2026-09-01T18:56:23+00:00,2026-09-01T14:07:27.007043+00:00,2026-09-01T18:56:23+00:00,2026-09-01T20:38:10+00:00,1
1091,719,373,SAVE VOLTEX 20605 SAN PABLO,San Pablo,Los Lagos,995200007,COPEC VOLTEX,Copec Voltex,CCS 2,DC,50,(22-50],,0,0,DISPONIBLE,2026-09-01T18:56:23+00:00,2026-09-01T14:07:27.007043+00:00,2026-09-01T18:56:23+00:00,2026-09-01T20:38:10+00:00,1
1092,719,373,SAVE VOLTEX 20605 SAN PABLO,San Pablo,Los Lagos,995200007,COPEC VOLTEX,Copec Voltex,Tipo 2,AC,22,(7-22],,0,0,FUERA DE LINEA,2026-09-01T18:56:23+00:00,2026-09-01T14:07:27.007043+00:00,2026-09-01T18:56:23+00:00,2026-09-01T20:38:10+00:00,1
1093,720,374,Enel X Way - Hotel Bosque de Reñaca,Vina del Mar,Valparaíso,777415484,ENEL X,Enel,Tipo 2,AC,7.4,7,HOTEL,0,0,DISPONIBLE,2026-09-01T18:56:23+00:00,2026-09-01T04:09:17.591455+00:00,2026-09-01T18:56:23+00:00,2026-09-01T20:38:10+00:00,1
1094,721,374,Enel X Way - Hotel Bosque de Reñaca,Vina del Mar,Valparaíso,777415484,ENEL X,Enel,Tipo 2,AC,7.4,7,HOTEL,0,0,DISPONIBLE,2026-09-01T18:56:23+00:00,2026-09-01T04:09:20.273780+00:00,2026-09-01T18:56:23+00:00,2026-09-01T20:38:10+00:00,1
1095,722,374,Enel X Way - Hotel Bosque de Reñaca,Vina del Mar,Valparaíso,777415484,ENEL X,Enel,Tipo 2,AC,7.4,7,HOTEL,0,0,DISPONIBLE,2026-09-01T18:56:23+00:00,2026-09-01T04:08:43.086170+00:00,2026-09-01T18:56:23+00:00,2026-09-01T20:38:10+00:00,1
1096,723,374,Enel X Way - Hotel Bosque de Reñaca,Vina del Mar,Valparaíso,777415484,ENEL X,Enel,Tipo 2,AC,7.4,7,HOTEL,0,0,DISPONIBLE,2026-09-01T18:56:23+00:00,2026-09-01T04:09:20.159826+00:00,2026-09-01T18:56:23+00:00,2026-09-01T20:38:10+00:00,1
1100,725,376,Temob - Mall Paseo San Bernardo,San Bernardo,Metropolitana,768363129,TE MOBILITY,TE MOBILITY,Tipo 2,AC,7.4,7,CENTRO COMERCIAL,0,0,DISPONIBLE,2026-09-01T18:56:23+00:00,2026-07-12T20:40:11.506425+00:00,2026-09-01T18:56:23+00:00,2026-09-01T20:38:10+00:00,1
1101,726,377,COPEC VOLTEX - CASA COSTANERA,Vitacura,Metropolitana,995200007,COPEC VOLTEX,Copec Voltex,Tipo 2,AC,7.4,7,CENTRO COMERCIAL,0,0,NO DISPONIBLE,2026-09-01T18:56:23+00:00,2026-08-28T18:24:59.510352+00:00,2026-09-01T18:56:23+00:00,2026-09-01T20:38:10+00:00,1
1102,727,377,COPEC VOLTEX - CASA COSTANERA,Vitacura,Metropolitana,995200007,COPEC VOLTEX,Copec Voltex,Tipo 2,AC,7.4,7,CENTRO COMERCIAL,0,0,NO DISPONIBLE,2026-09-01T18:56:23+00:00,2026-08-28T18:24:59.726257+00:00,2026-09-01T18:56:23+00:00,2026-09-01T20:38:10+00:00,1
1103,728,377,COPEC VOLTEX - CASA COSTANERA,Vitacura,Metropolitana,995200007,COPEC VOLTEX,Copec Voltex,Tipo 2,AC,7.4,7,CENTRO COMERCIAL,0,0,DISPONIBLE,2026-09-01T18:56:23+00:00,2026-08-28T18:24:59.782824+00:00,2026-09-01T18:56:23+00:00,2026-09-01T20:38:10+00:00,1
1104,729,378,Cargador BNUP Fernández Albano San Ramón,San Ramón,Metropolitana,995200007,COPEC VOLTEX,Copec Voltex,Tipo 2,AC,22,(7-22],,0,0,DISPONIBLE,2026-09-01T18:56:23+00:00,2026-09-01T17:31:45.656674+00:00,2026-09-01T18:56:23+00:00,2026-09-01T20:38:10+00:00,1
1105,729,378,Cargador BNUP Fernández Albano San Ramón,San Ramón,Metropolitana,995200007,COPEC VOLTEX,Copec Voltex,Tipo 2,AC,22,(7-22],,0,0,DISPONIBLE,2026-09-01T18:56:23+00:00,2026-09-01T17:31:45.656674+00:00,2026-09-01T18:56:23+00:00,2026-09-01T20:38:10+00:00,1
1106,730,379,SAVE KIA ROSSELOT ,Vina del Mar,Valparaíso,965442502,INVERSIONES OREGONIA S.A,INVERSIONES OREGONIA S.A,Tipo 2,AC,7.4,7,,1,1,FUERA DE LINEA,2026-09-01T18:56:23+00:00,2026-04-08T21:35:57.359777+00:00,2026-09-01T18:56:23+00:00,2026-09-01T20:38:10+00:00,1
1107,731,380,Enex E-Pro Shell Romeral,Romeral,Maule,920110002,Enerlink Chile SpA,Enerlink,Tipo 2,AC,22,(7-22],,0,0,NO DISPONIBLE,2026-09-01T18:56:23+00:00,2024-11-29T00:13:11.854605+00:00,2026-09-01T18:56:23+00:00,2026-09-01T20:38:10+00:00,1
1108,731,380,Enex E-Pro Shell Romeral,Romeral,Maule,920110002,Enerlink Chile SpA,Enerlink,CCS 2,DC,50,(22-50],,0,0,NO DISPONIBLE,2026-09-01T18:56:23+00:00,2024-11-29T00:13:11.854605+00:00,2026-09-01T18:56:23+00:00,2026-09-01T20:38:10+00:00,1
1109,731,380,Enex E-Pro Shell Romeral,Romeral,Maule,920110002,Enerlink Chile SpA,Enerlink,CHAdeMO,DC,50,(22-50],,0,0,NO DISPONIBLE,2026-09-01T18:56:23+00:00,2024-11-29T00:13:11.854605+00:00,2026-09-01T18:56:23+00:00,2026-09-01T20:38:10+00:00,1
1110,732,381,Cargador Elèctrico Copec Zapallar,Zapallar,Valparaíso,995200007,COPEC VOLTEX,Copec Voltex,CCS 2,DC,180,150,,0,0,DISPONIBLE,2026-09-01T18:56:23+00:00,2026-09-01T17:56:02.751738+00:00,2026-09-01T18:56:23+00:00,2026-09-01T20:38:10+00:00,1
1111,732,381,Cargador Elèctrico Copec Zapallar,Zapallar,Valparaíso,995200007,COPEC VOLTEX,Copec Voltex,CHAdeMO,DC,50,(22-50],,0,0,DISPONIBLE,2026-09-01T18:56:23+00:00,2026-09-01T17:56:02.751738+00:00,2026-09-01T18:56:23+00:00,2026-09-01T20:38:10+00:00,1
1112,732,381,Cargador Elèctrico Copec Zapallar,Zapallar,Valparaíso,995200007,COPEC VOLTEX,Copec Voltex,Tipo 2,AC,22,(7-22],,0,0,FUERA DE LINEA,2026-09-01T18:56:23+00:00,2026-09-01T17:56:02.751738+00:00,2026-09-01T18:56:23+00:00,2026-09-01T20:38:10+00:00,1
1113,733,382,SAVE VOLTEX  20622 PUNTA ARENAS,Punta Arenas,Magallanes y de la Antartica Chilena,995200007,COPEC VOLTEX,Copec Voltex,CHAdeMO,DC,50,(22-50],,0,0,DISPONIBLE,2026-09-01T18:56:23+00:00,2026-08-31T00:36:39.296444+00:00,2026-09-01T18:56:23+00:00,2026-09-01T20:38:10+00:00,1
1115,733,382,SAVE VOLTEX  20622 PUNTA ARENAS,Punta Arenas,Magallanes y de la Antartica Chilena,995200007,COPEC VOLTEX,Copec Voltex,Tipo 2,AC,22,(7-22],,0,0,FUERA DE LINEA,2026-09-01T18:56:23+00:00,2026-08-31T00:36:39.296444+00:00,2026-09-01T18:56:23+00:00,2026-09-01T20:38:10+00:00,1
1116,734,383,Enel X Way - Hotel Alto Melimoyu,Cisnes,Aysén del General Carlos Ibáñez del Campo,777415484,ENEL X,Enel,Tipo 2,AC,7.4,7,HOTEL,0,0,DISPONIBLE,2026-09-01T18:56:23+00:00,2026-09-01T02:07:41.307695+00:00,2026-09-01T18:56:23+00:00,2026-09-01T20:38:10+00:00,1
1117,735,384,ELECTROLINERA COPEC PUERTO MONTT PANAMERICANA 200,Puerto Montt,Los Lagos,995200007,COPEC VOLTEX,Copec Voltex,Tipo 2,AC,22,(7-22],,0,0,FUERA DE LINEA,2026-09-01T18:56:23+00:00,2026-09-01T19:57:34.363815+00:00,2026-09-01T18:56:23+00:00,2026-09-01T20:38:10+00:00,1
1119,735,384,ELECTROLINERA COPEC PUERTO MONTT PANAMERICANA 200,Puerto Montt,Los Lagos,995200007,COPEC VOLTEX,Copec Voltex,CHAdeMO,DC,50,(22-50],,0,0,OCUPADO,2026-09-01T20:12:55+00:00,2026-09-01T19:57:34.363815+00:00,2026-09-01T18:56:23+00:00,2026-09-01T20:38:10+00:00,1
1120,736,385,ELECTROLINERA COPEC OSORNO RENE SORIANO 2335 ,Osorno,Los Lagos,995200007,COPEC VOLTEX,Copec Voltex,Tipo 2,AC,22,(7-22],,0,0,FUERA DE LINEA,2026-09-01T18:56:23+00:00,2026-09-01T20:18:41.054807+00:00,2026-09-01T18:56:23+00:00,2026-09-01T20:38:10+00:00,1
1122,736,385,ELECTROLINERA COPEC OSORNO RENE SORIANO 2335 ,Osorno,Los Lagos,995200007,COPEC VOLTEX,Copec Voltex,CHAdeMO,DC,50,(22-50],,0,0,DISPONIBLE,2026-09-01T18:56:23+00:00,2026-09-01T20:18:41.054807+00:00,2026-09-01T18:56:23+00:00,2026-09-01T20:38:10+00:00,1
1123,737,386,Enex E-Pro Shell Paicaví,Concepción,Biobío,920110002,Enerlink Chile SpA,Enerlink,CCS 2,DC,50,(22-50],,0,0,DISPONIBLE,2026-09-01T20:12:55+00:00,2026-09-01T19:25:39.884205+00:00,2026-09-01T18:56:23+00:00,2026-09-01T20:38:10+00:00,1
1124,737,386,Enex E-Pro Shell Paicaví,Concepción,Biobío,920110002,Enerlink Chile SpA,Enerlink,CHAdeMO,DC,50,(22-50],,0,0,DISPONIBLE,2026-09-01T20:12:55+00:00,2026-09-01T19:25:39.884205+00:00,2026-09-01T18:56:23+00:00,2026-09-01T20:38:10+00:00,1
1125,738,386,Enex E-Pro Shell Paicaví,Concepción,Biobío,920110002,Enerlink Chile SpA,Enerlink,Tipo 2,AC,22,(7-22],,0,0,NO DISPONIBLE,2026-09-01T18:56:23+00:00,2025-01-23T18:59:14.514597+00:00,2026-09-01T18:56:23+00:00,2026-09-01T20:38:10+00:00,1
1126,739,387,COPEC VOLTEX CASTRO EDS 20507 - RUTA 5 SUR KM 1170,Castro,Los Lagos,995200007,COPEC VOLTEX,Copec Voltex,Tipo 2,AC,22,(7-22],,0,0,FUERA DE LINEA,2026-09-01T18:56:23+00:00,2026-09-01T17:14:07.350948+00:00,2026-09-01T18:56:23+00:00,2026-09-01T20:38:10+00:00,1
1128,739,387,COPEC VOLTEX CASTRO EDS 20507 - RUTA 5 SUR KM 1170,Castro,Los Lagos,995200007,COPEC VOLTEX,Copec Voltex,CHAdeMO,DC,50,(22-50],,0,0,DISPONIBLE,2026-09-01T18:56:23+00:00,2026-09-01T17:14:07.350948+00:00,2026-09-01T18:56:23+00:00,2026-09-01T20:38:10+00:00,1
1129,740,388,COPEC CALLE 2 NORTE 2310 TALCA EDS 20431,Talca,Maule,995200007,COPEC VOLTEX,Copec Voltex,CHAdeMO,DC,50,(22-50],,0,0,DISPONIBLE,2026-09-01T20:28:04+00:00,2026-09-01T20:25:42.286397+00:00,2026-09-01T18:56:23+00:00,2026-09-01T20:38:10+00:00,1
1131,740,388,COPEC CALLE 2 NORTE 2310 TALCA EDS 20431,Talca,Maule,995200007,COPEC VOLTEX,Copec Voltex,Tipo 2,AC,22,(7-22],,0,0,NO DISPONIBLE,2026-09-01T18:56:23+00:00,2026-09-01T20:25:42.286397+00:00,2026-09-01T18:56:23+00:00,2026-09-01T20:38:10+00:00,1
1132,741,389,INSTALACIÓN SCVE ESTACIONAMIENTOS PLAZA SOTOMAYOR,Valparaíso,Valparaíso,968354205,Est. Sub. Valparaíso SA,Est. Sub. Valparaíso SA,Tipo 2,AC,22,(7-22],,0,0,FUERA DE LINEA,2026-09-01T18:56:23+00:00,2026-04-08T21:35:57.359777+00:00,2026-09-01T18:56:23+00:00,2026-09-01T20:38:10+00:00,1
1133,742,389,INSTALACIÓN SCVE ESTACIONAMIENTOS PLAZA SOTOMAYOR,Valparaíso,Valparaíso,968354205,Est. Sub. Valparaíso SA,Est. Sub. Valparaíso SA,Tipo 2,AC,22,(7-22],,0,0,FUERA DE LINEA,2026-09-01T18:56:23+00:00,2026-04-08T21:35:57.359777+00:00,2026-09-01T18:56:23+00:00,2026-09-01T20:38:10+00:00,1
1136,743,390,SAVE VOLTEX 40609 VIÑA DEL MAR,Vina del Mar,Valparaíso,995200007,COPEC VOLTEX,Copec Voltex,Tipo 2,AC,22,(7-22],,0,0,FUERA DE LINEA,2026-09-01T18:56:23+00:00,2026-09-01T18:11:46.829199+00:00,2026-09-01T18:56:23+00:00,2026-09-01T20:38:10+00:00,1
1137,744,391,ESTACIONAMIENTOS ELECTRICOS BeSmart,San Miguel,Metropolitana,995200007,COPEC VOLTEX,Copec Voltex,Tipo 2,AC,7.4,7,,0,0,DISPONIBLE,2026-09-01T18:56:23+00:00,2026-08-24T12:02:02.388020+00:00,2026-09-01T18:56:23+00:00,2026-09-01T20:38:10+00:00,1
1144,747,394,Enel X Way - Espacio Urbano Puerto Montt,Puerto Montt,Los Lagos,777415484,ENEL X,Enel,CCS 2,DC,60,(50-150],CENTRO COMERCIAL,0,0,DISPONIBLE,2026-09-01T18:56:23+00:00,2026-09-01T20:16:56.903830+00:00,2026-09-01T18:56:23+00:00,2026-09-01T20:38:10+00:00,1
1145,747,394,Enel X Way - Espacio Urbano Puerto Montt,Puerto Montt,Los Lagos,777415484,ENEL X,Enel,CCS 2,DC,60,(50-150],CENTRO COMERCIAL,0,0,DISPONIBLE,2026-09-01T20:17:59+00:00,2026-09-01T20:16:56.903830+00:00,2026-09-01T18:56:23+00:00,2026-09-01T20:38:10+00:00,1
1146,748,395,Enel X Way-Arauco Buenaventura.,Quilicura,Metropolitana,777415484,ENEL X,Enel,CCS 2,DC,60,(50-150],HOTEL,0,0,DISPONIBLE,2026-09-01T18:56:23+00:00,2026-09-01T19:48:34.362038+00:00,2026-09-01T18:56:23+00:00,2026-09-01T20:38:10+00:00,1
1147,748,395,Enel X Way-Arauco Buenaventura.,Quilicura,Metropolitana,777415484,ENEL X,Enel,CCS 2,DC,60,(50-150],HOTEL,0,0,DISPONIBLE,2026-09-01T20:12:55+00:00,2026-09-01T19:48:34.362038+00:00,2026-09-01T18:56:23+00:00,2026-09-01T20:38:10+00:00,1
1148,749,395,Enel X Way-Arauco Buenaventura.,Quilicura,Metropolitana,777415484,ENEL X,Enel,CCS 2,DC,60,(50-150],HOTEL,0,0,DISPONIBLE,2026-09-01T18:56:23+00:00,2026-09-01T20:12:39.938446+00:00,2026-09-01T18:56:23+00:00,2026-09-01T20:38:10+00:00,1
1149,749,395,Enel X Way-Arauco Buenaventura.,Quilicura,Metropolitana,777415484,ENEL X,Enel,CCS 2,DC,60,(50-150],HOTEL,0,0,DISPONIBLE,2026-09-01T18:56:23+00:00,2026-09-01T20:12:39.938446+00:00,2026-09-01T18:56:23+00:00,2026-09-01T20:38:10+00:00,1
1150,750,395,Enel X Way-Arauco Buenaventura.,Quilicura,Metropolitana,777415484,ENEL X,Enel,CCS 2,DC,60,(50-150],HOTEL,0,0,DISPONIBLE,2026-09-01T18:56:23+00:00,2026-09-01T20:16:12.911321+00:00,2026-09-01T18:56:23+00:00,2026-09-01T20:38:10+00:00,1
1151,750,395,Enel X Way-Arauco Buenaventura.,Quilicura,Metropolitana,777415484,ENEL X,Enel,CHAdeMO,DC,50,(22-50],HOTEL,0,0,OCUPADO,2026-09-01T20:17:59+00:00,2026-09-01T20:16:12.911321+00:00,2026-09-01T18:56:23+00:00,2026-09-01T20:38:10+00:00,1
1152,751,395,Enel X Way-Arauco Buenaventura.,Quilicura,Metropolitana,777415484,ENEL X,Enel,Tipo 2,AC,7.4,7,HOTEL,0,0,DISPONIBLE,2026-09-01T18:56:23+00:00,2026-09-01T11:36:44.204992+00:00,2026-09-01T18:56:23+00:00,2026-09-01T20:38:10+00:00,1
1153,752,395,Enel X Way-Arauco Buenaventura.,Quilicura,Metropolitana,777415484,ENEL X,Enel,Tipo 2,AC,7.4,7,HOTEL,0,0,DISPONIBLE,2026-09-01T18:56:23+00:00,2026-09-01T04:09:25.952056+00:00,2026-09-01T18:56:23+00:00,2026-09-01T20:38:10+00:00,1
1154,753,395,Enel X Way-Arauco Buenaventura.,Quilicura,Metropolitana,777415484,ENEL X,Enel,Tipo 2,AC,7.4,7,HOTEL,0,0,DISPONIBLE,2026-09-01T18:56:23+00:00,2026-09-01T04:09:24.764515+00:00,2026-09-01T18:56:23+00:00,2026-09-01T20:38:10+00:00,1
1155,754,395,Enel X Way-Arauco Buenaventura.,Quilicura,Metropolitana,777415484,ENEL X,Enel,Tipo 2,AC,7.4,7,HOTEL,0,0,DISPONIBLE,2026-09-01T20:38:10+00:00,2026-09-01T20:37:28.381184+00:00,2026-09-01T18:56:23+00:00,2026-09-01T20:38:10+00:00,1
1156,755,395,Enel X Way-Arauco Buenaventura.,Quilicura,Metropolitana,777415484,ENEL X,Enel,Tipo 2,AC,7.4,7,HOTEL,0,0,DISPONIBLE,2026-09-01T20:28:04+00:00,2026-09-01T20:26:56.440130+00:00,2026-09-01T18:56:23+00:00,2026-09-01T20:38:10+00:00,1
1157,756,395,Enel X Way-Arauco Buenaventura.,Quilicura,Metropolitana,777415484,ENEL X,Enel,Tipo 2,AC,7.4,7,HOTEL,0,0,DISPONIBLE,2026-09-01T18:56:23+00:00,2026-09-01T20:06:56.597704+00:00,2026-09-01T18:56:23+00:00,2026-09-01T20:38:10+00:00,1
1158,757,396,TE MOBILITY SpA - EC Parking,Las Condes,Metropolitana,560512007,COM. ED. WORD TRADE CENCER,COM. ED. WORD TRADE CENCER,Tipo 2,AC,22,(7-22],,0,0,FUERA DE LINEA,2026-09-01T18:56:23+00:00,2026-04-08T21:35:57.359777+00:00,2026-09-01T18:56:23+00:00,2026-09-01T20:38:10+00:00,1
1159,757,396,TE MOBILITY SpA - EC Parking,Las Condes,Metropolitana,560512007,COM. ED. WORD TRADE CENCER,COM. ED. WORD TRADE CENCER,Tipo 2,AC,22,(7-22],,0,0,FUERA DE LINEA,2026-09-01T18:56:23+00:00,2026-04-08T21:35:57.359777+00:00,2026-09-01T18:56:23+00:00,2026-09-01T20:38:10+00:00,1
1164,760,399,PLAZA VALDIVIESO,San Joaquín,Metropolitana,995200007,COPEC VOLTEX,Copec Voltex,Tipo 2,AC,22,(7-22],PLAZA,0,0,DISPONIBLE,2026-09-01T18:56:23+00:00,2026-08-31T16:03:44.669504+00:00,2026-09-01T18:56:23+00:00,2026-09-01T20:38:10+00:00,1
1165,760,399,PLAZA VALDIVIESO,San Joaquín,Metropolitana,995200007,COPEC VOLTEX,Copec Voltex,Tipo 2,AC,22,(7-22],PLAZA,0,0,DISPONIBLE,2026-09-01T18:56:23+00:00,2026-08-31T16:03:44.669504+00:00,2026-09-01T18:56:23+00:00,2026-09-01T20:38:10+00:00,1
1166,761,399,PLAZA VALDIVIESO,San Joaquín,Metropolitana,995200007,COPEC VOLTEX,Copec Voltex,Tipo 2,AC,22,(7-22],PLAZA,0,0,DISPONIBLE,2026-09-01T18:56:23+00:00,2026-08-31T16:53:55.565308+00:00,2026-09-01T18:56:23+00:00,2026-09-01T20:38:10+00:00,1
1167,761,399,PLAZA VALDIVIESO,San Joaquín,Metropolitana,995200007,COPEC VOLTEX,Copec Voltex,Tipo 2,AC,22,(7-22],PLAZA,0,0,DISPONIBLE,2026-09-01T18:56:23+00:00,2026-08-31T16:53:55.565308+00:00,2026-09-01T18:56:23+00:00,2026-09-01T20:38:10+00:00,1
1168,762,400,Punto de carga Duoc UC,Villarrica,La Araucanía,700030105,Fundacion Duoc Uc,Fundacion Duoc Uc,Tipo 2,AC,7.4,7,,1,1,FUERA DE LINEA,2026-09-01T18:56:23+00:00,2026-04-08T21:35:57.359777+00:00,2026-09-01T18:56:23+00:00,2026-09-01T20:38:10+00:00,1
1169,763,401,Enel X Way - Espacio Urbano Las Rejas,Estación Central,Metropolitana,777415484,ENEL X,Enel,Tipo 2,AC,7.4,7,CENTRO COMERCIAL,0,0,FUERA DE LINEA,2026-09-01T18:56:23+00:00,2026-09-01T03:59:18.668546+00:00,2026-09-01T18:56:23+00:00,2026-09-01T20:38:10+00:00,1
1170,764,401,Enel X Way - Espacio Urbano Las Rejas,Estación Central,Metropolitana,777415484,ENEL X,Enel,Tipo 2,AC,7.4,7,CENTRO COMERCIAL,0,0,DISPONIBLE,2026-09-01T18:56:23+00:00,2026-08-30T02:13:09.462498+00:00,2026-09-01T18:56:23+00:00,2026-09-01T20:38:10+00:00,1
1171,765,401,Enel X Way - Espacio Urbano Las Rejas,Estación Central,Metropolitana,777415484,ENEL X,Enel,Tipo 2,AC,7.4,7,CENTRO COMERCIAL,0,0,DISPONIBLE,2026-09-01T18:56:23+00:00,2026-09-01T02:00:29.879036+00:00,2026-09-01T18:56:23+00:00,2026-09-01T20:38:10+00:00,1
1172,766,401,Enel X Way - Espacio Urbano Las Rejas,Estación Central,Metropolitana,777415484,ENEL X,Enel,Tipo 2,AC,7.4,7,CENTRO COMERCIAL,0,0,DISPONIBLE,2026-09-01T18:56:23+00:00,2026-09-01T03:59:23.993835+00:00,2026-09-01T18:56:23+00:00,2026-09-01T20:38:10+00:00,1
1173,767,401,Enel X Way - Espacio Urbano Las Rejas,Estación Central,Metropolitana,777415484,ENEL X,Enel,Tipo 2,AC,7.4,7,CENTRO COMERCIAL,0,0,FUERA DE LINEA,2026-09-01T18:56:23+00:00,2026-08-31T21:30:22.627402+00:00,2026-09-01T18:56:23+00:00,2026-09-01T20:38:10+00:00,1
1174,768,401,Enel X Way - Espacio Urbano Las Rejas,Estación Central,Metropolitana,777415484,ENEL X,Enel,Tipo 2,AC,7.4,7,CENTRO COMERCIAL,0,0,DISPONIBLE,2026-09-01T18:56:23+00:00,2026-08-27T17:08:37.398459+00:00,2026-09-01T18:56:23+00:00,2026-09-01T20:38:10+00:00,1
1175,769,401,Enel X Way - Espacio Urbano Las Rejas,Estación Central,Metropolitana,777415484,ENEL X,Enel,Tipo 2,AC,7.4,7,CENTRO COMERCIAL,0,0,FUERA DE LINEA,2026-09-01T18:56:23+00:00,2026-09-01T03:59:21.791312+00:00,2026-09-01T18:56:23+00:00,2026-09-01T20:38:10+00:00,1
1176,770,401,Enel X Way - Espacio Urbano Las Rejas,Estación Central,Metropolitana,777415484,ENEL X,Enel,Tipo 2,AC,7.4,7,CENTRO COMERCIAL,0,0,DISPONIBLE,2026-09-01T18:56:23+00:00,2026-08-27T08:44:05.101261+00:00,2026-09-01T18:56:23+00:00,2026-09-01T20:38:10+00:00,1
1177,771,401,Enel X Way - Espacio Urbano Las Rejas,Estación Central,Metropolitana,777415484,ENEL X,Enel,Tipo 2,AC,7.4,7,CENTRO COMERCIAL,0,0,FUERA DE LINEA,2026-09-01T18:56:23+00:00,2026-09-01T03:59:23.049065+00:00,2026-09-01T18:56:23+00:00,2026-09-01T20:38:10+00:00,1
1178,772,401,Enel X Way - Espacio Urbano Las Rejas,Estación Central,Metropolitana,777415484,ENEL X,Enel,Tipo 2,AC,7.4,7,CENTRO COMERCIAL,0,0,DISPONIBLE,2026-09-01T18:56:23+00:00,2026-08-29T02:00:30.511205+00:00,2026-09-01T18:56:23+00:00,2026-09-01T20:38:10+00:00,1
1179,773,401,Enel X Way - Espacio Urbano Las Rejas,Estación Central,Metropolitana,777415484,ENEL X,Enel,Tipo 2,AC,7.4,7,CENTRO COMERCIAL,0,0,FUERA DE LINEA,2026-09-01T18:56:23+00:00,2026-09-01T03:59:22.781931+00:00,2026-09-01T18:56:23+00:00,2026-09-01T20:38:10+00:00,1
1180,774,401,Enel X Way - Espacio Urbano Las Rejas,Estación Central,Metropolitana,777415484,ENEL X,Enel,Tipo 2,AC,7.4,7,CENTRO COMERCIAL,0,0,DISPONIBLE,2026-09-01T18:56:23+00:00,2026-08-30T22:17:55.873092+00:00,2026-09-01T18:56:23+00:00,2026-09-01T20:38:10+00:00,1
1181,775,401,Enel X Way - Espacio Urbano Las Rejas,Estación Central,Metropolitana,777415484,ENEL X,Enel,Tipo 2,AC,7.4,7,CENTRO COMERCIAL,0,0,FUERA DE LINEA,2026-09-01T18:56:23+00:00,2026-08-27T02:00:27.882948+00:00,2026-09-01T18:56:23+00:00,2026-09-01T20:38:10+00:00,1
1182,776,401,Enel X Way - Espacio Urbano Las Rejas,Estación Central,Metropolitana,777415484,ENEL X,Enel,Tipo 2,AC,7.4,7,CENTRO COMERCIAL,0,0,FUERA DE LINEA,2026-09-01T18:56:23+00:00,2026-09-01T02:00:30.855883+00:00,2026-09-01T18:56:23+00:00,2026-09-01T20:38:10+00:00,1
1183,777,401,Enel X Way - Espacio Urbano Las Rejas,Estación Central,Metropolitana,777415484,ENEL X,Enel,Tipo 2,AC,7.4,7,CENTRO COMERCIAL,0,0,FUERA DE LINEA,2026-09-01T18:56:23+00:00,2026-08-23T03:59:25.616449+00:00,2026-09-01T18:56:23+00:00,2026-09-01T20:38:10+00:00,1
1184,778,401,Enel X Way - Espacio Urbano Las Rejas,Estación Central,Metropolitana,777415484,ENEL X,Enel,Tipo 2,AC,7.4,7,CENTRO COMERCIAL,0,0,DISPONIBLE,2026-09-01T18:56:23+00:00,2026-08-21T17:45:28.353805+00:00,2026-09-01T18:56:23+00:00,2026-09-01T20:38:10+00:00,1
1185,779,401,Enel X Way - Espacio Urbano Las Rejas,Estación Central,Metropolitana,777415484,ENEL X,Enel,Tipo 2,AC,7.4,7,CENTRO COMERCIAL,0,0,DISPONIBLE,2026-09-01T18:56:23+00:00,2026-08-30T02:17:11.519793+00:00,2026-09-01T18:56:23+00:00,2026-09-01T20:38:10+00:00,1
1186,780,401,Enel X Way - Espacio Urbano Las Rejas,Estación Central,Metropolitana,777415484,ENEL X,Enel,Tipo 2,AC,7.4,7,CENTRO COMERCIAL,0,0,DISPONIBLE,2026-09-01T18:56:23+00:00,2026-08-27T03:32:10.291250+00:00,2026-09-01T18:56:23+00:00,2026-09-01T20:38:10+00:00,1
1187,781,401,Enel X Way - Espacio Urbano Las Rejas,Estación Central,Metropolitana,777415484,ENEL X,Enel,Tipo 2,AC,7.4,7,CENTRO COMERCIAL,0,0,FUERA DE LINEA,2026-09-01T18:56:23+00:00,2026-08-31T03:59:22.442972+00:00,2026-09-01T18:56:23+00:00,2026-09-01T20:38:10+00:00,1
1188,782,401,Enel X Way - Espacio Urbano Las Rejas,Estación Central,Metropolitana,777415484,ENEL X,Enel,Tipo 2,AC,7.4,7,CENTRO COMERCIAL,0,0,DISPONIBLE,2026-09-01T18:56:23+00:00,2026-08-31T05:07:15.292521+00:00,2026-09-01T18:56:23+00:00,2026-09-01T20:38:10+00:00,1
1189,783,401,Enel X Way - Espacio Urbano Las Rejas,Estación Central,Metropolitana,777415484,ENEL X,Enel,Tipo 2,AC,7.4,7,CENTRO COMERCIAL,0,0,FUERA DE LINEA,2026-09-01T18:56:23+00:00,2026-08-31T03:59:20.056030+00:00,2026-09-01T18:56:23+00:00,2026-09-01T20:38:10+00:00,1
1190,784,401,Enel X Way - Espacio Urbano Las Rejas,Estación Central,Metropolitana,777415484,ENEL X,Enel,Tipo 2,AC,7.4,7,CENTRO COMERCIAL,0,0,FUERA DE LINEA,2026-09-01T18:56:23+00:00,2026-08-28T04:00:18.339083+00:00,2026-09-01T18:56:23+00:00,2026-09-01T20:38:10+00:00,1
1191,785,401,Enel X Way - Espacio Urbano Las Rejas,Estación Central,Metropolitana,777415484,ENEL X,Enel,Tipo 2,AC,7.4,7,CENTRO COMERCIAL,0,0,DISPONIBLE,2026-09-01T18:56:23+00:00,2026-09-01T02:23:54.649477+00:00,2026-09-01T18:56:23+00:00,2026-09-01T20:38:10+00:00,1
1192,786,401,Enel X Way - Espacio Urbano Las Rejas,Estación Central,Metropolitana,777415484,ENEL X,Enel,Tipo 2,AC,7.4,7,CENTRO COMERCIAL,0,0,DISPONIBLE,2026-09-01T18:56:23+00:00,2026-09-01T04:01:45.170796+00:00,2026-09-01T18:56:23+00:00,2026-09-01T20:38:10+00:00,1
1193,787,401,Enel X Way - Espacio Urbano Las Rejas,Estación Central,Metropolitana,777415484,ENEL X,Enel,Tipo 2,AC,7.4,7,CENTRO COMERCIAL,0,0,DISPONIBLE,2026-09-01T18:56:23+00:00,2026-09-01T02:00:20.397703+00:00,2026-09-01T18:56:23+00:00,2026-09-01T20:38:10+00:00,1
1194,788,401,Enel X Way - Espacio Urbano Las Rejas,Estación Central,Metropolitana,777415484,ENEL X,Enel,Tipo 2,AC,7.4,7,CENTRO COMERCIAL,0,0,DISPONIBLE,2026-09-01T18:56:23+00:00,2026-09-01T02:00:29.975578+00:00,2026-09-01T18:56:23+00:00,2026-09-01T20:38:10+00:00,1
1195,789,401,Enel X Way - Espacio Urbano Las Rejas,Estación Central,Metropolitana,777415484,ENEL X,Enel,Tipo 2,AC,7.4,7,CENTRO COMERCIAL,0,0,DISPONIBLE,2026-09-01T18:56:23+00:00,2026-09-01T09:21:07.618883+00:00,2026-09-01T18:56:23+00:00,2026-09-01T20:38:10+00:00,1
1196,790,401,Enel X Way - Espacio Urbano Las Rejas,Estación Central,Metropolitana,777415484,ENEL X,Enel,Tipo 2,AC,7.4,7,CENTRO COMERCIAL,0,0,DISPONIBLE,2026-09-01T18:56:23+00:00,2026-09-01T06:43:17.607237+00:00,2026-09-01T18:56:23+00:00,2026-09-01T20:38:10+00:00,1
1197,791,401,Enel X Way - Espacio Urbano Las Rejas,Estación Central,Metropolitana,777415484,ENEL X,Enel,Tipo 2,AC,7.4,7,CENTRO COMERCIAL,0,0,DISPONIBLE,2026-09-01T18:56:23+00:00,2026-08-27T19:34:09.052976+00:00,2026-09-01T18:56:23+00:00,2026-09-01T20:38:10+00:00,1
1198,792,401,Enel X Way - Espacio Urbano Las Rejas,Estación Central,Metropolitana,777415484,ENEL X,Enel,Tipo 2,AC,7.4,7,CENTRO COMERCIAL,0,0,DISPONIBLE,2026-09-01T18:56:23+00:00,2026-09-01T19:24:37.038991+00:00,2026-09-01T18:56:23+00:00,2026-09-01T20:38:10+00:00,1
1199,793,401,Enel X Way - Espacio Urbano Las Rejas,Estación Central,Metropolitana,777415484,ENEL X,Enel,Tipo 2,AC,7.4,7,CENTRO COMERCIAL,0,0,DISPONIBLE,2026-09-01T18:56:23+00:00,2026-09-01T02:00:27.973200+00:00,2026-09-01T18:56:23+00:00,2026-09-01T20:38:10+00:00,1
1200,794,401,Enel X Way - Espacio Urbano Las Rejas,Estación Central,Metropolitana,777415484,ENEL X,Enel,Tipo 2,AC,7.4,7,CENTRO COMERCIAL,0,0,FUERA DE LINEA,2026-09-01T18:56:23+00:00,2026-09-01T03:59:23.828728+00:00,2026-09-01T18:56:23+00:00,2026-09-01T20:38:10+00:00,1
1201,795,401,Enel X Way - Espacio Urbano Las Rejas,Estación Central,Metropolitana,777415484,ENEL X,Enel,Tipo 2,AC,7.4,7,CENTRO COMERCIAL,0,0,DISPONIBLE,2026-09-01T18:56:23+00:00,2026-09-01T19:52:01.890720+00:00,2026-09-01T18:56:23+00:00,2026-09-01T20:38:10+00:00,1
1202,796,401,Enel X Way - Espacio Urbano Las Rejas,Estación Central,Metropolitana,777415484,ENEL X,Enel,Tipo 2,AC,7.4,7,CENTRO COMERCIAL,0,0,DISPONIBLE,2026-09-01T18:56:23+00:00,2026-09-01T02:00:15.866208+00:00,2026-09-01T18:56:23+00:00,2026-09-01T20:38:10+00:00,1
1203,797,401,Enel X Way - Espacio Urbano Las Rejas,Estación Central,Metropolitana,777415484,ENEL X,Enel,Tipo 2,AC,7.4,7,CENTRO COMERCIAL,0,0,FUERA DE LINEA,2026-09-01T18:56:23+00:00,2026-09-01T03:59:24.038441+00:00,2026-09-01T18:56:23+00:00,2026-09-01T20:38:10+00:00,1
1204,798,401,Enel X Way - Espacio Urbano Las Rejas,Estación Central,Metropolitana,777415484,ENEL X,Enel,Tipo 2,AC,7.4,7,CENTRO COMERCIAL,0,0,FUERA DE LINEA,2026-09-01T18:56:23+00:00,2026-09-01T03:59:22.003635+00:00,2026-09-01T18:56:23+00:00,2026-09-01T20:38:10+00:00,1
1205,799,401,Enel X Way - Espacio Urbano Las Rejas,Estación Central,Metropolitana,777415484,ENEL X,Enel,Tipo 2,AC,7.4,7,CENTRO COMERCIAL,0,0,FUERA DE LINEA,2026-09-01T18:56:23+00:00,2026-09-01T03:59:24.162126+00:00,2026-09-01T18:56:23+00:00,2026-09-01T20:38:10+00:00,1
1206,800,401,Enel X Way - Espacio Urbano Las Rejas,Estación Central,Metropolitana,777415484,ENEL X,Enel,Tipo 2,AC,7.4,7,CENTRO COMERCIAL,0,0,DISPONIBLE,2026-09-01T18:56:23+00:00,2026-09-01T02:00:28.072434+00:00,2026-09-01T18:56:23+00:00,2026-09-01T20:38:10+00:00,1
1207,801,401,Enel X Way - Espacio Urbano Las Rejas,Estación Central,Metropolitana,777415484,ENEL X,Enel,Tipo 2,AC,7.4,7,CENTRO COMERCIAL,0,0,FUERA DE LINEA,2026-09-01T18:56:23+00:00,2026-08-27T21:30:16.906511+00:00,2026-09-01T18:56:23+00:00,2026-09-01T20:38:10+00:00,1
1208,802,401,Enel X Way - Espacio Urbano Las Rejas,Estación Central,Metropolitana,777415484,ENEL X,Enel,Tipo 2,AC,7.4,7,CENTRO COMERCIAL,0,0,FUERA DE LINEA,2026-09-01T18:56:23+00:00,2026-08-31T03:59:22.538120+00:00,2026-09-01T18:56:23+00:00,2026-09-01T20:38:10+00:00,1
1209,803,401,Enel X Way - Espacio Urbano Las Rejas,Estación Central,Metropolitana,777415484,ENEL X,Enel,Tipo 2,AC,7.4,7,CENTRO COMERCIAL,0,0,DISPONIBLE,2026-09-01T18:56:23+00:00,2026-09-01T02:00:20.120452+00:00,2026-09-01T18:56:23+00:00,2026-09-01T20:38:10+00:00,1
1210,804,401,Enel X Way - Espacio Urbano Las Rejas,Estación Central,Metropolitana,777415484,ENEL X,Enel,Tipo 2,AC,7.4,7,CENTRO COMERCIAL,0,0,DISPONIBLE,2026-09-01T18:56:23+00:00,2026-08-30T02:20:42.333453+00:00,2026-09-01T18:56:23+00:00,2026-09-01T20:38:10+00:00,1
1211,805,401,Enel X Way - Espacio Urbano Las Rejas,Estación Central,Metropolitana,777415484,ENEL X,Enel,Tipo 2,AC,7.4,7,CENTRO COMERCIAL,0,0,DISPONIBLE,2026-09-01T18:56:23+00:00,2026-08-30T02:30:51.368201+00:00,2026-09-01T18:56:23+00:00,2026-09-01T20:38:10+00:00,1
1212,806,401,Enel X Way - Espacio Urbano Las Rejas,Estación Central,Metropolitana,777415484,ENEL X,Enel,Tipo 2,AC,7.4,7,CENTRO COMERCIAL,0,0,DISPONIBLE,2026-09-01T18:56:23+00:00,2026-08-31T01:35:37.371070+00:00,2026-09-01T18:56:23+00:00,2026-09-01T20:38:10+00:00,1
1213,807,401,Enel X Way - Espacio Urbano Las Rejas,Estación Central,Metropolitana,777415484,ENEL X,Enel,Tipo 2,AC,7.4,7,CENTRO COMERCIAL,0,0,DISPONIBLE,2026-09-01T18:56:23+00:00,2026-08-30T03:39:27.140303+00:00,2026-09-01T18:56:23+00:00,2026-09-01T20:38:10+00:00,1
1214,808,401,Enel X Way - Espacio Urbano Las Rejas,Estación Central,Metropolitana,777415484,ENEL X,Enel,Tipo 2,AC,7.4,7,CENTRO COMERCIAL,0,0,FUERA DE LINEA,2026-09-01T18:56:23+00:00,2026-09-01T03:59:18.485286+00:00,2026-09-01T18:56:23+00:00,2026-09-01T20:38:10+00:00,1
1215,809,401,Enel X Way - Espacio Urbano Las Rejas,Estación Central,Metropolitana,777415484,ENEL X,Enel,Tipo 2,AC,7.4,7,CENTRO COMERCIAL,0,0,DISPONIBLE,2026-09-01T18:56:23+00:00,2026-09-01T02:00:28.441748+00:00,2026-09-01T18:56:23+00:00,2026-09-01T20:38:10+00:00,1
1216,810,401,Enel X Way - Espacio Urbano Las Rejas,Estación Central,Metropolitana,777415484,ENEL X,Enel,Tipo 2,AC,7.4,7,CENTRO COMERCIAL,0,0,FUERA DE LINEA,2026-09-01T18:56:23+00:00,2026-09-01T03:59:21.231942+00:00,2026-09-01T18:56:23+00:00,2026-09-01T20:38:10+00:00,1
1217,811,401,Enel X Way - Espacio Urbano Las Rejas,Estación Central,Metropolitana,777415484,ENEL X,Enel,Tipo 2,AC,7.4,7,CENTRO COMERCIAL,0,0,FUERA DE LINEA,2026-09-01T18:56:23+00:00,2026-09-01T02:00:14.151015+00:00,2026-09-01T18:56:23+00:00,2026-09-01T20:38:10+00:00,1
1218,812,401,Enel X Way - Espacio Urbano Las Rejas,Estación Central,Metropolitana,777415484,ENEL X,Enel,Tipo 2,AC,7.4,7,CENTRO COMERCIAL,0,0,FUERA DE LINEA,2026-09-01T18:56:23+00:00,2026-08-30T03:59:21.392748+00:00,2026-09-01T18:56:23+00:00,2026-09-01T20:38:10+00:00,1
1219,813,401,Enel X Way - Espacio Urbano Las Rejas,Estación Central,Metropolitana,777415484,ENEL X,Enel,Tipo 2,AC,7.4,7,CENTRO COMERCIAL,0,0,FUERA DE LINEA,2026-09-01T18:56:23+00:00,2026-09-01T03:59:22.539010+00:00,2026-09-01T18:56:23+00:00,2026-09-01T20:38:10+00:00,1
1220,814,401,Enel X Way - Espacio Urbano Las Rejas,Estación Central,Metropolitana,777415484,ENEL X,Enel,Tipo 2,AC,7.4,7,CENTRO COMERCIAL,0,0,FUERA DE LINEA,2026-09-01T18:56:23+00:00,2026-08-31T21:30:20.225455+00:00,2026-09-01T18:56:23+00:00,2026-09-01T20:38:10+00:00,1
1221,815,401,Enel X Way - Espacio Urbano Las Rejas,Estación Central,Metropolitana,777415484,ENEL X,Enel,Tipo 2,AC,7.4,7,CENTRO COMERCIAL,0,0,DISPONIBLE,2026-09-01T18:56:23+00:00,2026-09-01T02:00:30.435837+00:00,2026-09-01T18:56:23+00:00,2026-09-01T20:38:10+00:00,1
1222,816,401,Enel X Way - Espacio Urbano Las Rejas,Estación Central,Metropolitana,777415484,ENEL X,Enel,Tipo 2,AC,7.4,7,CENTRO COMERCIAL,0,0,FUERA DE LINEA,2026-09-01T18:56:23+00:00,2026-08-31T21:30:22.628837+00:00,2026-09-01T18:56:23+00:00,2026-09-01T20:38:10+00:00,1
1223,817,401,Enel X Way - Espacio Urbano Las Rejas,Estación Central,Metropolitana,777415484,ENEL X,Enel,Tipo 2,AC,7.4,7,CENTRO COMERCIAL,0,0,DISPONIBLE,2026-09-01T18:56:23+00:00,2026-08-27T06:23:16.279095+00:00,2026-09-01T18:56:23+00:00,2026-09-01T20:38:10+00:00,1
1224,818,401,Enel X Way - Espacio Urbano Las Rejas,Estación Central,Metropolitana,777415484,ENEL X,Enel,Tipo 2,AC,7.4,7,CENTRO COMERCIAL,0,0,FUERA DE LINEA,2026-09-01T18:56:23+00:00,2026-08-31T03:59:21.041001+00:00,2026-09-01T18:56:23+00:00,2026-09-01T20:38:10+00:00,1
1225,819,401,Enel X Way - Espacio Urbano Las Rejas,Estación Central,Metropolitana,777415484,ENEL X,Enel,Tipo 2,AC,7.4,7,CENTRO COMERCIAL,0,0,DISPONIBLE,2026-09-01T18:56:23+00:00,2026-09-01T02:00:28.143998+00:00,2026-09-01T18:56:23+00:00,2026-09-01T20:38:10+00:00,1
1226,820,401,Enel X Way - Espacio Urbano Las Rejas,Estación Central,Metropolitana,777415484,ENEL X,Enel,Tipo 2,AC,7.4,7,CENTRO COMERCIAL,0,0,FUERA DE LINEA,2026-09-01T18:56:23+00:00,2026-08-31T21:30:41.642196+00:00,2026-09-01T18:56:23+00:00,2026-09-01T20:38:10+00:00,1
1227,821,401,Enel X Way - Espacio Urbano Las Rejas,Estación Central,Metropolitana,777415484,ENEL X,Enel,Tipo 2,AC,7.4,7,CENTRO COMERCIAL,0,0,FUERA DE LINEA,2026-09-01T18:56:23+00:00,2026-08-30T02:32:37.888282+00:00,2026-09-01T18:56:23+00:00,2026-09-01T20:38:10+00:00,1
1228,822,401,Enel X Way - Espacio Urbano Las Rejas,Estación Central,Metropolitana,777415484,ENEL X,Enel,Tipo 2,AC,7.4,7,CENTRO COMERCIAL,0,0,FUERA DE LINEA,2026-09-01T18:56:23+00:00,2026-08-31T21:30:21.642659+00:00,2026-09-01T18:56:23+00:00,2026-09-01T20:38:10+00:00,1
1229,823,401,Enel X Way - Espacio Urbano Las Rejas,Estación Central,Metropolitana,777415484,ENEL X,Enel,Tipo 2,AC,7.4,7,CENTRO COMERCIAL,0,0,DISPONIBLE,2026-09-01T18:56:23+00:00,2026-08-31T21:30:14.394947+00:00,2026-09-01T18:56:23+00:00,2026-09-01T20:38:10+00:00,1
1230,824,401,Enel X Way - Espacio Urbano Las Rejas,Estación Central,Metropolitana,777415484,ENEL X,Enel,Tipo 2,AC,7.4,7,CENTRO COMERCIAL,0,0,FUERA DE LINEA,2026-09-01T18:56:23+00:00,2026-09-01T03:59:22.554100+00:00,2026-09-01T18:56:23+00:00,2026-09-01T20:38:10+00:00,1
1231,825,401,Enel X Way - Espacio Urbano Las Rejas,Estación Central,Metropolitana,777415484,ENEL X,Enel,Tipo 2,AC,7.4,7,CENTRO COMERCIAL,0,0,DISPONIBLE,2026-09-01T18:56:23+00:00,2026-09-01T16:05:02.346277+00:00,2026-09-01T18:56:23+00:00,2026-09-01T20:38:10+00:00,1
1232,826,401,Enel X Way - Espacio Urbano Las Rejas,Estación Central,Metropolitana,777415484,ENEL X,Enel,Tipo 2,AC,7.4,7,CENTRO COMERCIAL,0,0,DISPONIBLE,2026-09-01T18:56:23+00:00,2026-09-01T08:03:29.400866+00:00,2026-09-01T18:56:23+00:00,2026-09-01T20:38:10+00:00,1
1233,827,401,Enel X Way - Espacio Urbano Las Rejas,Estación Central,Metropolitana,777415484,ENEL X,Enel,Tipo 2,AC,7.4,7,CENTRO COMERCIAL,0,0,FUERA DE LINEA,2026-09-01T18:56:23+00:00,2026-08-24T11:46:40.537728+00:00,2026-09-01T18:56:23+00:00,2026-09-01T20:38:10+00:00,1
1234,828,401,Enel X Way - Espacio Urbano Las Rejas,Estación Central,Metropolitana,777415484,ENEL X,Enel,Tipo 2,AC,7.4,7,CENTRO COMERCIAL,0,0,DISPONIBLE,2026-09-01T18:56:23+00:00,2026-09-01T02:00:31.134196+00:00,2026-09-01T18:56:23+00:00,2026-09-01T20:38:10+00:00,1
1235,829,401,Enel X Way - Espacio Urbano Las Rejas,Estación Central,Metropolitana,777415484,ENEL X,Enel,Tipo 2,AC,7.4,7,CENTRO COMERCIAL,0,0,FUERA DE LINEA,2026-09-01T18:56:23+00:00,2026-08-21T09:10:42.953391+00:00,2026-09-01T18:56:23+00:00,2026-09-01T20:38:10+00:00,1
1236,830,401,Enel X Way - Espacio Urbano Las Rejas,Estación Central,Metropolitana,777415484,ENEL X,Enel,Tipo 2,AC,7.4,7,CENTRO COMERCIAL,0,0,DISPONIBLE,2026-09-01T18:56:23+00:00,2026-08-31T08:36:18.192894+00:00,2026-09-01T18:56:23+00:00,2026-09-01T20:38:10+00:00,1
1237,831,401,Enel X Way - Espacio Urbano Las Rejas,Estación Central,Metropolitana,777415484,ENEL X,Enel,Tipo 2,AC,7.4,7,CENTRO COMERCIAL,0,0,DISPONIBLE,2026-09-01T18:56:23+00:00,2026-08-30T08:41:59.136419+00:00,2026-09-01T18:56:23+00:00,2026-09-01T20:38:10+00:00,1
1238,832,401,Enel X Way - Espacio Urbano Las Rejas,Estación Central,Metropolitana,777415484,ENEL X,Enel,Tipo 2,AC,7.4,7,CENTRO COMERCIAL,0,0,FUERA DE LINEA,2026-09-01T18:56:23+00:00,2026-08-31T03:59:21.774620+00:00,2026-09-01T18:56:23+00:00,2026-09-01T20:38:10+00:00,1
1239,833,401,Enel X Way - Espacio Urbano Las Rejas,Estación Central,Metropolitana,777415484,ENEL X,Enel,Tipo 2,AC,7.4,7,CENTRO COMERCIAL,0,0,DISPONIBLE,2026-09-01T18:56:23+00:00,2026-08-30T02:14:40.668240+00:00,2026-09-01T18:56:23+00:00,2026-09-01T20:38:10+00:00,1
1240,834,401,Enel X Way - Espacio Urbano Las Rejas,Estación Central,Metropolitana,777415484,ENEL X,Enel,Tipo 2,AC,7.4,7,CENTRO COMERCIAL,0,0,FUERA DE LINEA,2026-09-01T18:56:23+00:00,2026-08-31T21:30:19.211458+00:00,2026-09-01T18:56:23+00:00,2026-09-01T20:38:10+00:00,1
1241,835,401,Enel X Way - Espacio Urbano Las Rejas,Estación Central,Metropolitana,777415484,ENEL X,Enel,Tipo 2,AC,7.4,7,CENTRO COMERCIAL,0,0,DISPONIBLE,2026-09-01T18:56:23+00:00,2026-08-30T02:14:56.069196+00:00,2026-09-01T18:56:23+00:00,2026-09-01T20:38:10+00:00,1
1242,836,401,Enel X Way - Espacio Urbano Las Rejas,Estación Central,Metropolitana,777415484,ENEL X,Enel,Tipo 2,AC,7.4,7,CENTRO COMERCIAL,0,0,DISPONIBLE,2026-09-01T18:56:23+00:00,2026-08-27T04:52:25.404493+00:00,2026-09-01T18:56:23+00:00,2026-09-01T20:38:10+00:00,1
1243,837,401,Enel X Way - Espacio Urbano Las Rejas,Estación Central,Metropolitana,777415484,ENEL X,Enel,Tipo 2,AC,7.4,7,CENTRO COMERCIAL,0,0,FUERA DE LINEA,2026-09-01T18:56:23+00:00,2026-08-31T03:59:19.705365+00:00,2026-09-01T18:56:23+00:00,2026-09-01T20:38:10+00:00,1
1244,838,401,Enel X Way - Espacio Urbano Las Rejas,Estación Central,Metropolitana,777415484,ENEL X,Enel,Tipo 2,AC,7.4,7,CENTRO COMERCIAL,0,0,FUERA DE LINEA,2026-09-01T18:56:23+00:00,2026-08-31T21:30:23.365303+00:00,2026-09-01T18:56:23+00:00,2026-09-01T20:38:10+00:00,1
1245,839,401,Enel X Way - Espacio Urbano Las Rejas,Estación Central,Metropolitana,777415484,ENEL X,Enel,Tipo 2,AC,7.4,7,CENTRO COMERCIAL,0,0,DISPONIBLE,2026-09-01T18:56:23+00:00,2026-08-30T02:13:47.341681+00:00,2026-09-01T18:56:23+00:00,2026-09-01T20:38:10+00:00,1
1246,840,401,Enel X Way - Espacio Urbano Las Rejas,Estación Central,Metropolitana,777415484,ENEL X,Enel,Tipo 2,AC,7.4,7,CENTRO COMERCIAL,0,0,DISPONIBLE,2026-09-01T18:56:23+00:00,2026-08-25T04:00:27.359580+00:00,2026-09-01T18:56:23+00:00,2026-09-01T20:38:10+00:00,1
1247,841,401,Enel X Way - Espacio Urbano Las Rejas,Estación Central,Metropolitana,777415484,ENEL X,Enel,Tipo 2,AC,7.4,7,CENTRO COMERCIAL,0,0,DISPONIBLE,2026-09-01T18:56:23+00:00,2026-08-29T14:44:05.447593+00:00,2026-09-01T18:56:23+00:00,2026-09-01T20:38:10+00:00,1
1248,842,401,Enel X Way - Espacio Urbano Las Rejas,Estación Central,Metropolitana,777415484,ENEL X,Enel,Tipo 2,AC,7.4,7,CENTRO COMERCIAL,0,0,DISPONIBLE,2026-09-01T18:56:23+00:00,2026-08-26T21:04:31.245040+00:00,2026-09-01T18:56:23+00:00,2026-09-01T20:38:10+00:00,1
1249,843,401,Enel X Way - Espacio Urbano Las Rejas,Estación Central,Metropolitana,777415484,ENEL X,Enel,Tipo 2,AC,7.4,7,CENTRO COMERCIAL,0,0,FUERA DE LINEA,2026-09-01T18:56:23+00:00,2026-08-27T17:44:24.913742+00:00,2026-09-01T18:56:23+00:00,2026-09-01T20:38:10+00:00,1
1250,844,401,Enel X Way - Espacio Urbano Las Rejas,Estación Central,Metropolitana,777415484,ENEL X,Enel,Tipo 2,AC,7.4,7,CENTRO COMERCIAL,0,0,DISPONIBLE,2026-09-01T18:56:23+00:00,2026-08-31T16:37:55.959156+00:00,2026-09-01T18:56:23+00:00,2026-09-01T20:38:10+00:00,1
1251,845,401,Enel X Way - Espacio Urbano Las Rejas,Estación Central,Metropolitana,777415484,ENEL X,Enel,Tipo 2,AC,7.4,7,CENTRO COMERCIAL,0,0,DISPONIBLE,2026-09-01T18:56:23+00:00,2026-08-30T21:18:10.274170+00:00,2026-09-01T18:56:23+00:00,2026-09-01T20:38:10+00:00,1
1252,846,401,Enel X Way - Espacio Urbano Las Rejas,Estación Central,Metropolitana,777415484,ENEL X,Enel,Tipo 2,AC,7.4,7,CENTRO COMERCIAL,0,0,DISPONIBLE,2026-09-01T18:56:23+00:00,2026-08-26T03:59:19.325423+00:00,2026-09-01T18:56:23+00:00,2026-09-01T20:38:10+00:00,1
1253,847,401,Enel X Way - Espacio Urbano Las Rejas,Estación Central,Metropolitana,777415484,ENEL X,Enel,Tipo 2,AC,7.4,7,CENTRO COMERCIAL,0,0,DISPONIBLE,2026-09-01T18:56:23+00:00,2026-08-29T22:39:25.255538+00:00,2026-09-01T18:56:23+00:00,2026-09-01T20:38:10+00:00,1
1254,848,401,Enel X Way - Espacio Urbano Las Rejas,Estación Central,Metropolitana,777415484,ENEL X,Enel,Tipo 2,AC,7.4,7,CENTRO COMERCIAL,0,0,DISPONIBLE,2026-09-01T18:56:23+00:00,2026-09-01T08:38:16.977609+00:00,2026-09-01T18:56:23+00:00,2026-09-01T20:38:10+00:00,1
1255,849,401,Enel X Way - Espacio Urbano Las Rejas,Estación Central,Metropolitana,777415484,ENEL X,Enel,Tipo 2,AC,7.4,7,CENTRO COMERCIAL,0,0,FUERA DE LINEA,2026-09-01T18:56:23+00:00,2026-08-31T21:30:22.896324+00:00,2026-09-01T18:56:23+00:00,2026-09-01T20:38:10+00:00,1
1256,850,401,Enel X Way - Espacio Urbano Las Rejas,Estación Central,Metropolitana,777415484,ENEL X,Enel,Tipo 2,AC,7.4,7,CENTRO COMERCIAL,0,0,DISPONIBLE,2026-09-01T18:56:23+00:00,2026-08-30T02:19:43.329798+00:00,2026-09-01T18:56:23+00:00,2026-09-01T20:38:10+00:00,1
1257,851,401,Enel X Way - Espacio Urbano Las Rejas,Estación Central,Metropolitana,777415484,ENEL X,Enel,Tipo 2,AC,7.4,7,CENTRO COMERCIAL,0,0,DISPONIBLE,2026-09-01T18:56:23+00:00,2026-09-01T09:34:04.555188+00:00,2026-09-01T18:56:23+00:00,2026-09-01T20:38:10+00:00,1
1258,852,401,Enel X Way - Espacio Urbano Las Rejas,Estación Central,Metropolitana,777415484,ENEL X,Enel,Tipo 2,AC,7.4,7,CENTRO COMERCIAL,0,0,DISPONIBLE,2026-09-01T18:56:23+00:00,2026-09-01T02:00:20.880769+00:00,2026-09-01T18:56:23+00:00,2026-09-01T20:38:10+00:00,1
1259,853,401,Enel X Way - Espacio Urbano Las Rejas,Estación Central,Metropolitana,777415484,ENEL X,Enel,Tipo 2,AC,3.5,7,CENTRO COMERCIAL,0,0,DISPONIBLE,2026-09-01T18:56:23+00:00,2026-09-01T02:00:28.835533+00:00,2026-09-01T18:56:23+00:00,2026-09-01T20:38:10+00:00,1
1260,854,401,Enel X Way - Espacio Urbano Las Rejas,Estación Central,Metropolitana,777415484,ENEL X,Enel,Tipo 2,AC,3.5,7,CENTRO COMERCIAL,0,0,DISPONIBLE,2026-09-01T18:56:23+00:00,2026-08-30T02:09:29.731266+00:00,2026-09-01T18:56:23+00:00,2026-09-01T20:38:10+00:00,1
1261,855,401,Enel X Way - Espacio Urbano Las Rejas,Estación Central,Metropolitana,777415484,ENEL X,Enel,Tipo 2,AC,3.5,7,CENTRO COMERCIAL,0,0,DISPONIBLE,2026-09-01T18:56:23+00:00,2026-08-30T02:11:25.517334+00:00,2026-09-01T18:56:23+00:00,2026-09-01T20:38:10+00:00,1
1262,856,401,Enel X Way - Espacio Urbano Las Rejas,Estación Central,Metropolitana,777415484,ENEL X,Enel,Tipo 2,AC,3.5,7,CENTRO COMERCIAL,0,0,DISPONIBLE,2026-09-01T18:56:23+00:00,2026-08-30T05:58:47.925279+00:00,2026-09-01T18:56:23+00:00,2026-09-01T20:38:10+00:00,1
1263,857,401,Enel X Way - Espacio Urbano Las Rejas,Estación Central,Metropolitana,777415484,ENEL X,Enel,Tipo 2,AC,3.5,7,CENTRO COMERCIAL,0,0,DISPONIBLE,2026-09-01T18:56:23+00:00,2026-08-29T04:43:30.299891+00:00,2026-09-01T18:56:23+00:00,2026-09-01T20:38:10+00:00,1
1264,858,401,Enel X Way - Espacio Urbano Las Rejas,Estación Central,Metropolitana,777415484,ENEL X,Enel,Tipo 2,AC,3.5,7,CENTRO COMERCIAL,0,0,FUERA DE LINEA,2026-09-01T18:56:23+00:00,2026-09-01T03:59:21.591162+00:00,2026-09-01T18:56:23+00:00,2026-09-01T20:38:10+00:00,1
1265,859,401,Enel X Way - Espacio Urbano Las Rejas,Estación Central,Metropolitana,777415484,ENEL X,Enel,Tipo 2,AC,3.5,7,CENTRO COMERCIAL,0,0,NO DISPONIBLE,2026-09-01T18:56:23+00:00,2025-05-05T12:41:44.852957+00:00,2026-09-01T18:56:23+00:00,2026-09-01T20:38:10+00:00,1
1266,860,401,Enel X Way - Espacio Urbano Las Rejas,Estación Central,Metropolitana,777415484,ENEL X,Enel,Tipo 2,AC,3.5,7,CENTRO COMERCIAL,0,0,NO DISPONIBLE,2026-09-01T18:56:23+00:00,2025-05-05T12:41:48.813892+00:00,2026-09-01T18:56:23+00:00,2026-09-01T20:38:10+00:00,1
1267,861,401,Enel X Way - Espacio Urbano Las Rejas,Estación Central,Metropolitana,777415484,ENEL X,Enel,Tipo 2,AC,3.5,7,CENTRO COMERCIAL,0,0,NO DISPONIBLE,2026-09-01T18:56:23+00:00,2025-05-05T12:41:52.763122+00:00,2026-09-01T18:56:23+00:00,2026-09-01T20:38:10+00:00,1
1268,862,401,Enel X Way - Espacio Urbano Las Rejas,Estación Central,Metropolitana,777415484,ENEL X,Enel,Tipo 2,AC,3.5,7,CENTRO COMERCIAL,0,0,NO DISPONIBLE,2026-09-01T18:56:23+00:00,2025-05-05T12:41:57.489384+00:00,2026-09-01T18:56:23+00:00,2026-09-01T20:38:10+00:00,1
1269,863,401,Enel X Way - Espacio Urbano Las Rejas,Estación Central,Metropolitana,777415484,ENEL X,Enel,Tipo 2,AC,3.5,7,CENTRO COMERCIAL,0,0,NO DISPONIBLE,2026-09-01T18:56:23+00:00,2025-05-05T12:42:02.331766+00:00,2026-09-01T18:56:23+00:00,2026-09-01T20:38:10+00:00,1
1270,864,401,Enel X Way - Espacio Urbano Las Rejas,Estación Central,Metropolitana,777415484,ENEL X,Enel,Tipo 2,AC,3.5,7,CENTRO COMERCIAL,0,0,NO DISPONIBLE,2026-09-01T18:56:23+00:00,2025-05-05T12:42:07.151643+00:00,2026-09-01T18:56:23+00:00,2026-09-01T20:38:10+00:00,1
1271,865,401,Enel X Way - Espacio Urbano Las Rejas,Estación Central,Metropolitana,777415484,ENEL X,Enel,Tipo 2,AC,3.5,7,CENTRO COMERCIAL,0,0,NO DISPONIBLE,2026-09-01T18:56:23+00:00,2025-05-05T12:42:12.071968+00:00,2026-09-01T18:56:23+00:00,2026-09-01T20:38:10+00:00,1
1272,866,402,Cargador Urbano Plaza Las Lilas,San Ramón,Metropolitana,995200007,COPEC VOLTEX,Copec Voltex,Tipo 2,AC,22,(7-22],PLAZA,0,0,DISPONIBLE,2026-09-01T18:56:23+00:00,2026-08-14T17:34:43.164804+00:00,2026-09-01T18:56:23+00:00,2026-09-01T20:38:10+00:00,1
1273,866,402,Cargador Urbano Plaza Las Lilas,San Ramón,Metropolitana,995200007,COPEC VOLTEX,Copec Voltex,Tipo 2,AC,22,(7-22],PLAZA,0,0,DISPONIBLE,2026-09-01T18:56:23+00:00,2026-08-14T17:34:43.164804+00:00,2026-09-01T18:56:23+00:00,2026-09-01T20:38:10+00:00,1
1274,867,403,Enex E-Pro Shell Portugal,Santiago,Metropolitana,920110002,EMPRESA NACIONAL DE ENERGIA EN,EMPRESA NACIONAL DE ENERGIA EN,CCS 2,DC,50,(22-50],,1,1,DISPONIBLE,2026-09-01T18:56:23+00:00,2026-08-26T19:32:36.709900+00:00,2026-09-01T18:56:23+00:00,2026-09-01T20:38:10+00:00,1
1275,867,403,Enex E-Pro Shell Portugal,Santiago,Metropolitana,920110002,EMPRESA NACIONAL DE ENERGIA EN,EMPRESA NACIONAL DE ENERGIA EN,CHAdeMO,DC,50,(22-50],,1,1,OCUPADO,2026-09-01T18:56:23+00:00,2026-08-26T19:32:36.709900+00:00,2026-09-01T18:56:23+00:00,2026-09-01T20:38:10+00:00,1
1277,869,404,PLAZA INDEPENDENCIA EL MONTE,El Monte,Metropolitana,995200007,COPEC VOLTEX,Copec Voltex,Tipo 2,AC,22,(7-22],PLAZA,0,0,NO DISPONIBLE,2026-09-01T18:56:23+00:00,2026-02-11T15:14:09.197364+00:00,2026-09-01T18:56:23+00:00,2026-09-01T20:38:10+00:00,1
1278,869,404,PLAZA INDEPENDENCIA EL MONTE,El Monte,Metropolitana,995200007,COPEC VOLTEX,Copec Voltex,Tipo 2,AC,22,(7-22],PLAZA,0,0,NO DISPONIBLE,2026-09-01T18:56:23+00:00,2026-02-11T15:14:09.197364+00:00,2026-09-01T18:56:23+00:00,2026-09-01T20:38:10+00:00,1
1279,870,405,PLAZA DE ARMAS MELIPILLA,Melipilla,Metropolitana,995200007,COPEC VOLTEX,Copec Voltex,Tipo 2,AC,22,(7-22],PLAZA,0,0,OCUPADO,2026-09-01T18:56:23+00:00,2026-09-01T12:35:43.488402+00:00,2026-09-01T18:56:23+00:00,2026-09-01T20:38:10+00:00,1
1280,870,405,PLAZA DE ARMAS MELIPILLA,Melipilla,Metropolitana,995200007,COPEC VOLTEX,Copec Voltex,Tipo 2,AC,22,(7-22],PLAZA,0,0,DISPONIBLE,2026-09-01T18:56:23+00:00,2026-09-01T12:35:43.488402+00:00,2026-09-01T18:56:23+00:00,2026-09-01T20:38:10+00:00,1
1281,871,406,MUNICIPALIDAD DE MELIPILLA,Melipilla,Metropolitana,995200007,COPEC VOLTEX,Copec Voltex,Tipo 2,AC,22,(7-22],CALLE,0,0,DISPONIBLE,2026-09-01T18:56:23+00:00,2026-09-01T16:07:25.079735+00:00,2026-09-01T18:56:23+00:00,2026-09-01T20:38:10+00:00,1
1282,871,406,MUNICIPALIDAD DE MELIPILLA,Melipilla,Metropolitana,995200007,COPEC VOLTEX,Copec Voltex,Tipo 2,AC,22,(7-22],CALLE,0,0,DISPONIBLE,2026-09-01T18:56:23+00:00,2026-09-01T16:07:25.079735+00:00,2026-09-01T18:56:23+00:00,2026-09-01T20:38:10+00:00,1
1283,872,407,AV. LA FLORIDA ESQ. WALKER MARTINEZ,La Florida,Metropolitana,995200007,COPEC VOLTEX,Copec Voltex,Tipo 2,AC,22,(7-22],CALLE,0,0,NO DISPONIBLE,2026-09-01T18:56:23+00:00,2025-02-12T20:18:31.230141+00:00,2026-09-01T18:56:23+00:00,2026-09-01T20:38:10+00:00,1
1284,872,407,AV. LA FLORIDA ESQ. WALKER MARTINEZ,La Florida,Metropolitana,995200007,COPEC VOLTEX,Copec Voltex,Tipo 2,AC,22,(7-22],CALLE,0,0,NO DISPONIBLE,2026-09-01T18:56:23+00:00,2025-02-12T20:18:31.230141+00:00,2026-09-01T18:56:23+00:00,2026-09-01T20:38:10+00:00,1
1285,873,408,WALKER MARTINEZ,La Florida,Metropolitana,995200007,COPEC VOLTEX,Copec Voltex,Tipo 2,AC,22,(7-22],,0,0,FUERA DE LINEA,2026-09-01T18:56:23+00:00,2026-06-02T19:53:51.217916+00:00,2026-09-01T18:56:23+00:00,2026-09-01T20:38:10+00:00,1
1286,873,408,WALKER MARTINEZ,La Florida,Metropolitana,995200007,COPEC VOLTEX,Copec Voltex,Tipo 2,AC,22,(7-22],,0,0,FUERA DE LINEA,2026-09-01T18:56:23+00:00,2026-06-02T19:53:51.217916+00:00,2026-09-01T18:56:23+00:00,2026-09-01T20:38:10+00:00,1
1287,874,409,Curifor Inmobiliaria S.A.,Talca,Maule,949710009,Curifor Inmobiliaria S.A.,Curifor Inmobiliaria S.A.,Tipo 2,AC,7.4,7,,0,0,FUERA DE LINEA,2026-09-01T18:56:23+00:00,2026-04-08T21:35:57.359777+00:00,2026-09-01T18:56:23+00:00,2026-09-01T20:38:10+00:00,1
1288,875,410,Enel X Way - Villa Cerro Castillo,Río Ibánez,Aysén del General Carlos Ibáñez del Campo,777415484,ENEL X,Enel,Tipo 2,AC,7.4,7,HOTEL,0,0,DISPONIBLE,2026-09-01T18:56:23+00:00,2026-09-01T04:09:23.113116+00:00,2026-09-01T18:56:23+00:00,2026-09-01T20:38:10+00:00,1
1296,880,412,Enel X Way - Hotel Loberias del Sur,Aysén,Aysén del General Carlos Ibáñez del Campo,777415484,ENEL X,Enel,Tipo 2,AC,7.4,7,HOTEL,0,0,DISPONIBLE,2026-09-01T18:56:23+00:00,2026-09-01T02:07:41.967850+00:00,2026-09-01T18:56:23+00:00,2026-09-01T20:38:10+00:00,1
1297,881,413,DUBLÉ ALMEYDA,Nunoa,Metropolitana,995200007,COPEC VOLTEX,Copec Voltex,Tipo 2,AC,22,(7-22],,0,0,FUERA DE LINEA,2026-09-01T18:56:23+00:00,2026-08-26T18:10:34.041359+00:00,2026-09-01T18:56:23+00:00,2026-09-01T20:38:10+00:00,1
1298,881,413,DUBLÉ ALMEYDA,Nunoa,Metropolitana,995200007,COPEC VOLTEX,Copec Voltex,Tipo 2,AC,22,(7-22],,0,0,FUERA DE LINEA,2026-09-01T18:56:23+00:00,2026-08-26T18:10:34.041359+00:00,2026-09-01T18:56:23+00:00,2026-09-01T20:38:10+00:00,1
1299,882,414,BROWN SUR,Nunoa,Metropolitana,995200007,COPEC VOLTEX,Copec Voltex,Tipo 2,AC,22,(7-22],,0,0,FUERA DE LINEA,2026-09-01T18:56:23+00:00,2026-01-30T18:52:18.720419+00:00,2026-09-01T18:56:23+00:00,2026-09-01T20:38:10+00:00,1
1300,882,414,BROWN SUR,Nunoa,Metropolitana,995200007,COPEC VOLTEX,Copec Voltex,Tipo 2,AC,22,(7-22],,0,0,FUERA DE LINEA,2026-09-01T18:56:23+00:00,2026-01-30T18:52:18.720419+00:00,2026-09-01T18:56:23+00:00,2026-09-01T20:38:10+00:00,1
1303,884,416,CARDADOR URBANO GENERAL BONILLA,Lo Prado,Metropolitana,995200007,COPEC VOLTEX,Copec Voltex,Tipo 2,AC,22,(7-22],CALLE,0,0,NO DISPONIBLE,2026-09-01T18:56:23+00:00,2026-02-11T15:17:15.857758+00:00,2026-09-01T18:56:23+00:00,2026-09-01T20:38:10+00:00,1
1304,884,416,CARDADOR URBANO GENERAL BONILLA,Lo Prado,Metropolitana,995200007,COPEC VOLTEX,Copec Voltex,Tipo 2,AC,22,(7-22],CALLE,0,0,NO DISPONIBLE,2026-09-01T18:56:23+00:00,2026-02-11T15:17:15.857758+00:00,2026-09-01T18:56:23+00:00,2026-09-01T20:38:10+00:00,1
1307,886,418,CARGADOR URBANO MUNICIPALIDAD DE PUENTE ALTO,Puente Alto,Metropolitana,995200007,COPEC VOLTEX,Copec Voltex,Tipo 2,AC,22,(7-22],CALLE,0,0,NO DISPONIBLE,2026-09-01T18:56:23+00:00,2026-02-11T15:16:30.967875+00:00,2026-09-01T18:56:23+00:00,2026-09-01T20:38:10+00:00,1
1308,886,418,CARGADOR URBANO MUNICIPALIDAD DE PUENTE ALTO,Puente Alto,Metropolitana,995200007,COPEC VOLTEX,Copec Voltex,Tipo 2,AC,22,(7-22],CALLE,0,0,NO DISPONIBLE,2026-09-01T18:56:23+00:00,2026-02-11T15:16:30.967875+00:00,2026-09-01T18:56:23+00:00,2026-09-01T20:38:10+00:00,1
1309,887,419,Enel X Way - Puerto Bertrand,Aysén,Aysén del General Carlos Ibáñez del Campo,777415484,ENEL X,Enel,Tipo 2,AC,7.4,7,HOTEL,0,0,NO DISPONIBLE,2026-09-01T18:56:23+00:00,2025-05-05T12:42:25.677389+00:00,2026-09-01T18:56:23+00:00,2026-09-01T20:38:10+00:00,1
1310,888,420,Enel X Way - Terminal de buses Cochrane,Cochrane,Aysén del General Carlos Ibáñez del Campo,777415484,ENEL X,Enel,Tipo 2,AC,7.4,7,HOTEL,0,0,DISPONIBLE,2026-09-01T18:56:23+00:00,2026-09-01T02:07:44.519982+00:00,2026-09-01T18:56:23+00:00,2026-09-01T20:38:10+00:00,1
1311,889,421,IRVE GENERAL VELASQUEZ 9301 SAN BERNARDO,San Bernardo,Metropolitana,995200007,COPEC VOLTEX,Copec Voltex,CHAdeMO,DC,50,(22-50],,0,0,NO DISPONIBLE,2026-09-01T18:56:23+00:00,2026-09-01T20:26:21.647681+00:00,2026-09-01T18:56:23+00:00,2026-09-01T20:38:10+00:00,1
1312,889,421,IRVE GENERAL VELASQUEZ 9301 SAN BERNARDO,San Bernardo,Metropolitana,995200007,COPEC VOLTEX,Copec Voltex,Tipo 2,AC,22,(7-22],,0,0,FUERA DE LINEA,2026-09-01T18:56:23+00:00,2026-09-01T20:26:21.647681+00:00,2026-09-01T18:56:23+00:00,2026-09-01T20:38:10+00:00,1
1313,889,421,IRVE GENERAL VELASQUEZ 9301 SAN BERNARDO,San Bernardo,Metropolitana,995200007,COPEC VOLTEX,Copec Voltex,CCS 2,DC,50,(22-50],,0,0,OCUPADO,2026-09-01T20:28:04+00:00,2026-09-01T20:26:21.647681+00:00,2026-09-01T18:56:23+00:00,2026-09-01T20:38:10+00:00,1
1314,890,422,Enel X Way - Hotel Yelcho en la Patagonia,Chaitén,Los Lagos,777415484,ENEL X,Enel,Tipo 2,AC,7.4,7,HOTEL,0,0,DISPONIBLE,2026-09-01T18:56:23+00:00,2026-09-01T16:21:40.087700+00:00,2026-09-01T18:56:23+00:00,2026-09-01T20:38:10+00:00,1
1317,892,424,SERV P135C AKIPARK - MERCED 317 SANTIAGO,Santiago,Metropolitana,995200007,COPEC VOLTEX,Copec Voltex,Tipo 2,AC,7.4,7,,0,0,DISPONIBLE,2026-09-01T18:56:23+00:00,2026-08-31T22:20:47.961142+00:00,2026-09-01T18:56:23+00:00,2026-09-01T20:38:10+00:00,1
1321,894,426,Enel X Way - EcoHotel,Talca,Maule,777415484,ENEL X,Enel,Tipo 2,AC,7.4,7,HOTEL,0,0,FUERA DE LINEA,2026-09-01T18:56:23+00:00,2026-07-08T20:46:16.771493+00:00,2026-09-01T18:56:23+00:00,2026-09-01T20:38:10+00:00,1
1322,895,426,Enel X Way - EcoHotel,Talca,Maule,777415484,ENEL X,Enel,Tipo 2,AC,7.4,7,HOTEL,0,0,DISPONIBLE,2026-09-01T18:56:23+00:00,2026-09-01T02:08:00.698301+00:00,2026-09-01T18:56:23+00:00,2026-09-01T20:38:10+00:00,1
1323,896,427,CENTRO EDUCACIONAL HUECHURABA,Huechuraba,Metropolitana,995200007,COPEC VOLTEX,Copec Voltex,Tipo 2,AC,22,(7-22],,0,0,DISPONIBLE,2026-09-01T18:56:23+00:00,2026-08-30T23:26:09.412168+00:00,2026-09-01T18:56:23+00:00,2026-09-01T20:38:10+00:00,1
1324,896,427,CENTRO EDUCACIONAL HUECHURABA,Huechuraba,Metropolitana,995200007,COPEC VOLTEX,Copec Voltex,Tipo 2,AC,22,(7-22],,0,0,DISPONIBLE,2026-09-01T18:56:23+00:00,2026-08-30T23:26:09.412168+00:00,2026-09-01T18:56:23+00:00,2026-09-01T20:38:10+00:00,1
1330,899,430,Cargador estacionamiento Lo Castillo,Vitacura,Metropolitana,768348278,Enerlink Chile SpA,Enerlink,CCS 2,DC,60,(50-150],CENTRO COMERCIAL,0,0,NO DISPONIBLE,2026-09-01T20:38:10+00:00,2026-09-01T20:35:47.110957+00:00,2026-09-01T18:56:23+00:00,2026-09-01T20:38:10+00:00,1
1331,899,430,Cargador estacionamiento Lo Castillo,Vitacura,Metropolitana,768348278,Enerlink Chile SpA,Enerlink,CCS 2,DC,60,(50-150],CENTRO COMERCIAL,0,0,NO DISPONIBLE,2026-09-01T20:38:10+00:00,2026-09-01T20:35:47.110957+00:00,2026-09-01T18:56:23+00:00,2026-09-01T20:38:10+00:00,1
1332,900,431,MALL PLAZA BIOBÍO - ESTACIONAMIENTO SUBT CLIENTES,Concepción,Biobío,995200007,COPEC VOLTEX,Copec Voltex,Tipo 2,AC,7.4,7,CENTRO COMERCIAL,0,0,FUERA DE LINEA,2026-09-01T18:56:23+00:00,2026-08-31T19:45:14.371913+00:00,2026-09-01T18:56:23+00:00,2026-09-01T20:38:10+00:00,1
1333,901,431,MALL PLAZA BIOBÍO - ESTACIONAMIENTO SUBT CLIENTES,Concepción,Biobío,995200007,COPEC VOLTEX,Copec Voltex,Tipo 2,AC,7.4,7,CENTRO COMERCIAL,0,0,FUERA DE LINEA,2026-09-01T18:56:23+00:00,2026-08-31T19:45:14.443498+00:00,2026-09-01T18:56:23+00:00,2026-09-01T20:38:10+00:00,1
1334,902,432,"SAVE - EL LLANO SUBERCASEAUX N°3397, SAN MIGUEL",San Miguel,Metropolitana,995200007,COPEC VOLTEX,Copec Voltex,Tipo 2,AC,22,(7-22],,0,0,DISPONIBLE,2026-09-01T18:56:23+00:00,2026-09-01T03:26:57.264419+00:00,2026-09-01T18:56:23+00:00,2026-09-01T20:38:10+00:00,1
1335,902,432,"SAVE - EL LLANO SUBERCASEAUX N°3397, SAN MIGUEL",San Miguel,Metropolitana,995200007,COPEC VOLTEX,Copec Voltex,Tipo 2,AC,22,(7-22],,0,0,DISPONIBLE,2026-09-01T18:56:23+00:00,2026-09-01T03:26:57.264419+00:00,2026-09-01T18:56:23+00:00,2026-09-01T20:38:10+00:00,1
1336,903,433,"SAVE - EL LLANO SUBERCASEAUX N° 3547, SAN MIGUEL",San Miguel,Metropolitana,995200007,COPEC VOLTEX,Copec Voltex,Tipo 2,AC,22,(7-22],,0,0,DISPONIBLE,2026-09-01T18:56:23+00:00,2026-08-29T18:26:17.226533+00:00,2026-09-01T18:56:23+00:00,2026-09-01T20:38:10+00:00,1
1337,903,433,"SAVE - EL LLANO SUBERCASEAUX N° 3547, SAN MIGUEL",San Miguel,Metropolitana,995200007,COPEC VOLTEX,Copec Voltex,Tipo 2,AC,22,(7-22],,0,0,DISPONIBLE,2026-09-01T18:56:23+00:00,2026-08-29T18:26:17.226533+00:00,2026-09-01T18:56:23+00:00,2026-09-01T20:38:10+00:00,1
1338,904,434,SAVE - EL LLANO SUBERCASEAUX N°3751 SAN MIGUEL,San Miguel,Metropolitana,995200007,COPEC VOLTEX,Copec Voltex,Tipo 2,AC,22,(7-22],,0,0,DISPONIBLE,2026-09-01T18:56:23+00:00,2026-09-01T20:33:27.284476+00:00,2026-09-01T18:56:23+00:00,2026-09-01T20:38:10+00:00,1
1339,904,434,SAVE - EL LLANO SUBERCASEAUX N°3751 SAN MIGUEL,San Miguel,Metropolitana,995200007,COPEC VOLTEX,Copec Voltex,Tipo 2,AC,22,(7-22],,0,0,OCUPADO,2026-09-01T20:38:10+00:00,2026-09-01T20:33:27.284476+00:00,2026-09-01T18:56:23+00:00,2026-09-01T20:38:10+00:00,1
1340,905,435,CARGADOR URBANO BRASIL 7845,Renca,Metropolitana,995200007,COPEC VOLTEX,Copec Voltex,Tipo 2,AC,22,(7-22],,0,0,DISPONIBLE,2026-09-01T18:56:23+00:00,2026-08-06T10:43:24.385504+00:00,2026-09-01T18:56:23+00:00,2026-09-01T20:38:10+00:00,1
1341,905,435,CARGADOR URBANO BRASIL 7845,Renca,Metropolitana,995200007,COPEC VOLTEX,Copec Voltex,Tipo 2,AC,22,(7-22],,0,0,DISPONIBLE,2026-09-01T18:56:23+00:00,2026-08-06T10:43:24.385504+00:00,2026-09-01T18:56:23+00:00,2026-09-01T20:38:10+00:00,1
1342,906,436,COPEC VOLTEX - Club de Golf Valle Escondido,Lo Barnechea,Metropolitana,995200007,COPEC VOLTEX,Copec Voltex,Tipo 2,AC,7.4,7,,0,0,DISPONIBLE,2026-09-01T18:56:23+00:00,2026-08-21T13:26:44.632772+00:00,2026-09-01T18:56:23+00:00,2026-09-01T20:38:10+00:00,1
1343,907,436,COPEC VOLTEX - Club de Golf Valle Escondido,Lo Barnechea,Metropolitana,995200007,COPEC VOLTEX,Copec Voltex,Tipo 2,AC,7.4,7,,0,0,DISPONIBLE,2026-09-01T18:56:23+00:00,2026-08-31T13:57:00.257733+00:00,2026-09-01T18:56:23+00:00,2026-09-01T20:38:10+00:00,1
1344,908,436,COPEC VOLTEX - Club de Golf Valle Escondido,Lo Barnechea,Metropolitana,995200007,COPEC VOLTEX,Copec Voltex,Tipo 2,AC,7.4,7,,0,0,DISPONIBLE,2026-09-01T18:56:23+00:00,2026-08-31T12:53:32.196875+00:00,2026-09-01T18:56:23+00:00,2026-09-01T20:38:10+00:00,1
1345,909,437,Enel X Way - Entre Cumbres,Coyhaique,Aysén del General Carlos Ibáñez del Campo,777415484,ENEL X,Enel,Tipo 2,AC,7.4,7,HOTEL,0,0,DISPONIBLE,2026-09-01T18:56:23+00:00,2026-09-01T14:52:37.347356+00:00,2026-09-01T18:56:23+00:00,2026-09-01T20:38:10+00:00,1
1346,910,438,SAVE Edif. Entrelomas AV. Costa de Montemar #264,Concón,Valparaíso,995200007,COPEC VOLTEX,Copec Voltex,Tipo 2,AC,3.5,7,EDIFICIO,0,0,DISPONIBLE,2026-09-01T18:56:23+00:00,2026-09-01T16:59:46.670793+00:00,2026-09-01T18:56:23+00:00,2026-09-01T20:38:10+00:00,1
1347,911,439,COPEC VOLTEX EDS 20579 - PARGUA,Puerto Montt,Los Lagos,995200007,COPEC VOLTEX,Copec Voltex,CCS 2,DC,50,(22-50],,0,0,DISPONIBLE,2026-09-01T18:56:23+00:00,2026-09-01T18:26:54.032083+00:00,2026-09-01T18:56:23+00:00,2026-09-01T20:38:10+00:00,1
1348,911,439,COPEC VOLTEX EDS 20579 - PARGUA,Puerto Montt,Los Lagos,995200007,COPEC VOLTEX,Copec Voltex,CHAdeMO,DC,50,(22-50],,0,0,DISPONIBLE,2026-09-01T18:56:23+00:00,2026-09-01T18:26:54.032083+00:00,2026-09-01T18:56:23+00:00,2026-09-01T20:38:10+00:00,1
1349,911,439,COPEC VOLTEX EDS 20579 - PARGUA,Puerto Montt,Los Lagos,995200007,COPEC VOLTEX,Copec Voltex,Tipo 2,AC,22,(7-22],,0,0,FUERA DE LINEA,2026-09-01T18:56:23+00:00,2026-09-01T18:26:54.032083+00:00,2026-09-01T18:56:23+00:00,2026-09-01T20:38:10+00:00,1
1350,912,440,Enel X Way - Puyuhuapi,Cisnes,Aysén del General Carlos Ibáñez del Campo,777415484,ENEL X,Enel,Tipo 2,AC,7.4,7,HOTEL,0,0,FUERA DE LINEA,2026-09-01T18:56:23+00:00,2026-09-01T03:00:06.471845+00:00,2026-09-01T18:56:23+00:00,2026-09-01T20:38:10+00:00,1
1351,913,441,supercargador Tesla ,Quilicura,Metropolitana,966710209,TODO ARAUCO,TODO ARAUCO,CCS 2,DC,100,(50-150],,1,1,FUERA DE LINEA,2026-09-01T18:56:23+00:00,2026-04-22T20:46:14.059089+00:00,2026-09-01T18:56:23+00:00,2026-09-01T20:38:10+00:00,1
1352,913,441,supercargador Tesla ,Quilicura,Metropolitana,966710209,TODO ARAUCO,TODO ARAUCO,CCS 2,DC,100,(50-150],,1,1,FUERA DE LINEA,2026-09-01T18:56:23+00:00,2026-04-22T20:46:14.059089+00:00,2026-09-01T18:56:23+00:00,2026-09-01T20:38:10+00:00,1
1353,913,441,supercargador Tesla ,Quilicura,Metropolitana,966710209,TODO ARAUCO,TODO ARAUCO,CCS 2,DC,100,(50-150],,1,1,FUERA DE LINEA,2026-09-01T18:56:23+00:00,2026-04-22T20:46:14.059089+00:00,2026-09-01T18:56:23+00:00,2026-09-01T20:38:10+00:00,1
1354,913,441,supercargador Tesla ,Quilicura,Metropolitana,966710209,TODO ARAUCO,TODO ARAUCO,CCS 2,DC,100,(50-150],,1,1,FUERA DE LINEA,2026-09-01T18:56:23+00:00,2026-04-22T20:46:14.059089+00:00,2026-09-01T18:56:23+00:00,2026-09-01T20:38:10+00:00,1
1358,915,443,SAVE CLINICA INDISA MAIPU,Maipú,Metropolitana,995200007,COPEC VOLTEX,Copec Voltex,Tipo 2,AC,7.4,7,OTRO,0,0,DISPONIBLE,2026-09-01T18:56:23+00:00,2026-08-23T16:32:04.606201+00:00,2026-09-01T18:56:23+00:00,2026-09-01T20:38:10+00:00,1
1359,916,443,SAVE CLINICA INDISA MAIPU,Maipú,Metropolitana,995200007,COPEC VOLTEX,Copec Voltex,Tipo 2,AC,7.4,7,OTRO,0,0,OCUPADO,2026-09-01T18:56:23+00:00,2026-09-01T14:06:16.702439+00:00,2026-09-01T18:56:23+00:00,2026-09-01T20:38:10+00:00,1
1360,917,443,SAVE CLINICA INDISA MAIPU,Maipú,Metropolitana,995200007,COPEC VOLTEX,Copec Voltex,Tipo 2,AC,7.4,7,OTRO,0,0,DISPONIBLE,2026-09-01T18:56:23+00:00,2026-08-30T02:03:21.845535+00:00,2026-09-01T18:56:23+00:00,2026-09-01T20:38:10+00:00,1
1361,918,443,SAVE CLINICA INDISA MAIPU,Maipú,Metropolitana,995200007,COPEC VOLTEX,Copec Voltex,Tipo 2,AC,7.4,7,OTRO,0,0,DISPONIBLE,2026-09-01T18:56:23+00:00,2026-09-01T18:41:49.119862+00:00,2026-09-01T18:56:23+00:00,2026-09-01T20:38:10+00:00,1
1362,919,443,SAVE CLINICA INDISA MAIPU,Maipú,Metropolitana,995200007,COPEC VOLTEX,Copec Voltex,Tipo 2,AC,7.4,7,OTRO,0,0,DISPONIBLE,2026-09-01T20:38:10+00:00,2026-09-01T20:37:00.176132+00:00,2026-09-01T18:56:23+00:00,2026-09-01T20:38:10+00:00,1
1363,920,443,SAVE CLINICA INDISA MAIPU,Maipú,Metropolitana,995200007,COPEC VOLTEX,Copec Voltex,Tipo 2,AC,7.4,7,OTRO,0,0,DISPONIBLE,2026-09-01T18:56:23+00:00,2026-08-11T00:14:18.593793+00:00,2026-09-01T18:56:23+00:00,2026-09-01T20:38:10+00:00,1
1364,921,443,SAVE CLINICA INDISA MAIPU,Maipú,Metropolitana,995200007,COPEC VOLTEX,Copec Voltex,Tipo 2,AC,7.4,7,OTRO,0,0,DISPONIBLE,2026-09-01T18:56:23+00:00,2026-08-31T23:39:12.993634+00:00,2026-09-01T18:56:23+00:00,2026-09-01T20:38:10+00:00,1
1365,922,443,SAVE CLINICA INDISA MAIPU,Maipú,Metropolitana,995200007,COPEC VOLTEX,Copec Voltex,Tipo 2,AC,7.4,7,OTRO,0,0,DISPONIBLE,2026-09-01T18:56:23+00:00,2026-08-22T02:58:20.819236+00:00,2026-09-01T18:56:23+00:00,2026-09-01T20:38:10+00:00,1
1366,923,444,CARGADOR MEET 10800,Vitacura,Metropolitana,995200007,COPEC VOLTEX,Copec Voltex,Tipo 2,AC,7.4,7,,1,1,NO DISPONIBLE,2026-09-01T18:56:23+00:00,2025-02-19T20:27:20.610071+00:00,2026-09-01T18:56:23+00:00,2026-09-01T20:38:10+00:00,1
1367,924,444,CARGADOR MEET 10800,Vitacura,Metropolitana,995200007,COPEC VOLTEX,Copec Voltex,Tipo 2,AC,7.4,7,,1,1,NO DISPONIBLE,2026-09-01T18:56:23+00:00,2025-02-19T20:27:20.632751+00:00,2026-09-01T18:56:23+00:00,2026-09-01T20:38:10+00:00,1
1368,925,444,CARGADOR MEET 10800,Vitacura,Metropolitana,995200007,COPEC VOLTEX,Copec Voltex,Tipo 2,AC,7.4,7,,1,1,NO DISPONIBLE,2026-09-01T18:56:23+00:00,2025-02-19T20:27:20.655721+00:00,2026-09-01T18:56:23+00:00,2026-09-01T20:38:10+00:00,1
1369,926,445,Enex E-Pro Shell Antofagasta,Antofagasta,Antofagasta,920110002,Enerlink Chile SpA,Enerlink,Tipo 2,AC,22,(7-22],,0,0,NO DISPONIBLE,2026-09-01T18:56:23+00:00,2025-01-31T19:01:58.770319+00:00,2026-09-01T18:56:23+00:00,2026-09-01T20:38:10+00:00,1
1370,927,445,Enex E-Pro Shell Antofagasta,Antofagasta,Antofagasta,920110002,Enerlink Chile SpA,Enerlink,CHAdeMO,DC,50,(22-50],,0,0,DISPONIBLE,2026-09-01T20:38:10+00:00,2026-09-01T20:35:39.732152+00:00,2026-09-01T18:56:23+00:00,2026-09-01T20:38:10+00:00,1
1371,927,445,Enex E-Pro Shell Antofagasta,Antofagasta,Antofagasta,920110002,Enerlink Chile SpA,Enerlink,CCS 2,DC,50,(22-50],,0,0,DISPONIBLE,2026-09-01T20:38:10+00:00,2026-09-01T20:35:39.732152+00:00,2026-09-01T18:56:23+00:00,2026-09-01T20:38:10+00:00,1
1374,929,447,Enex E-Pro Shell Lo Blanco,San Bernardo,Metropolitana,920110002,Enerlink Chile SpA,Enerlink,CHAdeMO,DC,50,(22-50],,0,0,DISPONIBLE,2026-09-01T18:56:23+00:00,2026-08-28T19:00:36.142854+00:00,2026-09-01T18:56:23+00:00,2026-09-01T20:38:10+00:00,1
1375,929,447,Enex E-Pro Shell Lo Blanco,San Bernardo,Metropolitana,920110002,Enerlink Chile SpA,Enerlink,CCS 2,DC,50,(22-50],,0,0,OCUPADO,2026-09-01T20:28:04+00:00,2026-08-28T19:00:36.142854+00:00,2026-09-01T18:56:23+00:00,2026-09-01T20:38:10+00:00,1
1376,930,448,"TESLA SUPERCHARGER, ARAUCO PREMIUM OUTLET CURAUMA",Valparaíso,Valparaíso,767015984,Tesla Chile SpA,Tesla Chile SpA,CCS 2,DC,250,150,,1,1,FUERA DE LINEA,2026-09-01T18:56:23+00:00,2026-04-22T20:47:09.011704+00:00,2026-09-01T18:56:23+00:00,2026-09-01T20:38:10+00:00,1
1377,930,448,"TESLA SUPERCHARGER, ARAUCO PREMIUM OUTLET CURAUMA",Valparaíso,Valparaíso,767015984,Tesla Chile SpA,Tesla Chile SpA,CCS 2,DC,250,150,,1,1,FUERA DE LINEA,2026-09-01T18:56:23+00:00,2026-04-22T20:47:09.011704+00:00,2026-09-01T18:56:23+00:00,2026-09-01T20:38:10+00:00,1
1378,930,448,"TESLA SUPERCHARGER, ARAUCO PREMIUM OUTLET CURAUMA",Valparaíso,Valparaíso,767015984,Tesla Chile SpA,Tesla Chile SpA,CCS 2,DC,250,150,,1,1,FUERA DE LINEA,2026-09-01T18:56:23+00:00,2026-04-22T20:47:09.011704+00:00,2026-09-01T18:56:23+00:00,2026-09-01T20:38:10+00:00,1
1379,930,448,"TESLA SUPERCHARGER, ARAUCO PREMIUM OUTLET CURAUMA",Valparaíso,Valparaíso,767015984,Tesla Chile SpA,Tesla Chile SpA,CCS 2,DC,250,150,,1,1,FUERA DE LINEA,2026-09-01T18:56:23+00:00,2026-04-22T20:47:09.011704+00:00,2026-09-01T18:56:23+00:00,2026-09-01T20:38:10+00:00,1
1380,931,449,SAVE Av. Vicuña Mackenna 1290,Nunoa,Metropolitana,770505550,INMOBILIARIA COLOSO VICUÑA MAC,INMOBILIARIA COLOSO VICUÑA MAC,Tipo 2,AC,7.4,7,,1,1,FUERA DE LINEA,2026-09-01T18:56:23+00:00,2026-08-14T13:43:34.162365+00:00,2026-09-01T18:56:23+00:00,2026-09-01T20:38:10+00:00,1
1381,932,450,Enel X Way CARGADOR ANGLO AMERICAN ENEA ETAPA 2,Pudahuel,Metropolitana,777415484,ENEL X,Enel,CCS 2,DC,75,(50-150],ELECTROESTACIÓN,0,0,DISPONIBLE,2026-09-01T20:17:59+00:00,2026-09-01T20:33:11.096651+00:00,2026-09-01T18:56:23+00:00,2026-09-01T20:38:10+00:00,1
1382,932,450,Enel X Way CARGADOR ANGLO AMERICAN ENEA ETAPA 2,Pudahuel,Metropolitana,777415484,ENEL X,Enel,CCS 2,DC,75,(50-150],ELECTROESTACIÓN,0,0,DISPONIBLE,2026-09-01T20:38:10+00:00,2026-09-01T20:33:11.096651+00:00,2026-09-01T18:56:23+00:00,2026-09-01T20:38:10+00:00,1
1383,933,451,Voltex Luis Pasteur,Vitacura,Metropolitana,995200007,COPEC VOLTEX,Copec Voltex,Tipo 2,AC,22,(7-22],,1,1,NO DISPONIBLE,2026-09-01T18:56:23+00:00,2025-04-07T19:02:19.986859+00:00,2026-09-01T18:56:23+00:00,2026-09-01T20:38:10+00:00,1
1384,933,451,Voltex Luis Pasteur,Vitacura,Metropolitana,995200007,COPEC VOLTEX,Copec Voltex,Tipo 2,AC,22,(7-22],,1,1,NO DISPONIBLE,2026-09-01T18:56:23+00:00,2025-04-07T19:02:19.986859+00:00,2026-09-01T18:56:23+00:00,2026-09-01T20:38:10+00:00,1
1388,935,453,SAVE VOLTEX 40099 VALLENAR,Vallenar,Atacama,995200007,COPEC VOLTEX,Copec Voltex,CCS 2,DC,120,(50-150],,0,0,OCUPADO,2026-09-01T20:12:55+00:00,2026-09-01T19:31:58.390385+00:00,2026-09-01T18:56:23+00:00,2026-09-01T20:38:10+00:00,1
1389,935,453,SAVE VOLTEX 40099 VALLENAR,Vallenar,Atacama,995200007,COPEC VOLTEX,Copec Voltex,CHAdeMO,DC,100,(50-150],,0,0,DISPONIBLE,2026-09-01T18:56:23+00:00,2026-09-01T19:31:58.390385+00:00,2026-09-01T18:56:23+00:00,2026-09-01T20:38:10+00:00,1
1390,935,453,SAVE VOLTEX 40099 VALLENAR,Vallenar,Atacama,995200007,COPEC VOLTEX,Copec Voltex,Tipo 2,AC,22,(7-22],,0,0,FUERA DE LINEA,2026-09-01T18:56:23+00:00,2026-09-01T19:31:58.390385+00:00,2026-09-01T18:56:23+00:00,2026-09-01T20:38:10+00:00,1
1391,936,454,CARGADOR DE 300KW EN ELECTROLINERA ENEL X STATION,Pudahuel,Metropolitana,777415484,ENEL X,Enel,CCS 2,DC,150,(50-150],ELECTROESTACIÓN,0,0,DISPONIBLE,2026-09-01T20:23:01+00:00,2026-09-01T20:22:03.699365+00:00,2026-09-01T18:56:23+00:00,2026-09-01T20:38:10+00:00,1
1392,936,454,CARGADOR DE 300KW EN ELECTROLINERA ENEL X STATION,Pudahuel,Metropolitana,777415484,ENEL X,Enel,CCS 2,DC,150,(50-150],ELECTROESTACIÓN,0,0,DISPONIBLE,2026-09-01T20:23:01+00:00,2026-09-01T20:22:03.699365+00:00,2026-09-01T18:56:23+00:00,2026-09-01T20:38:10+00:00,1
1393,937,455,COPEC VOLTEX SERV P325C VIÑA NOI BLEND,Santa Cruz,Libertador Bernardo OHiggins,995200007,COPEC VOLTEX,Copec Voltex,Tipo 2,AC,7.4,7,HOTEL,0,0,FUERA DE LINEA,2026-09-01T18:56:23+00:00,2026-08-04T21:36:09.597082+00:00,2026-09-01T18:56:23+00:00,2026-09-01T20:38:10+00:00,1
1394,938,456,COPEC VOLTEX SERV P322C-VIU MANET,Santa Cruz,Libertador Bernardo OHiggins,995200007,COPEC VOLTEX,Copec Voltex,Tipo 2,AC,7.4,7,HOTEL,0,0,DISPONIBLE,2026-09-01T18:56:23+00:00,2026-08-28T14:10:21.582833+00:00,2026-09-01T18:56:23+00:00,2026-09-01T20:38:10+00:00,1
1395,939,457,COPEC VOLTEX- P324C HOTEL TERRA VIÑA SANTA CRUZ,Santa Cruz,Libertador Bernardo OHiggins,995200007,COPEC VOLTEX,Copec Voltex,Tipo 2,AC,7.4,7,HOTEL,0,0,DISPONIBLE,2026-09-01T18:56:23+00:00,2026-08-29T17:41:42.004128+00:00,2026-09-01T18:56:23+00:00,2026-09-01T20:38:10+00:00,1
1396,940,458,COPEC VOLTEX SERV P358C CUARZO LODGE HOTEL,Pichilemu,Libertador Bernardo OHiggins,995200007,COPEC VOLTEX,Copec Voltex,Tipo 2,AC,7.4,7,HOTEL,0,0,DISPONIBLE,2026-09-01T18:56:23+00:00,2026-08-22T17:03:05.906702+00:00,2026-09-01T18:56:23+00:00,2026-09-01T20:38:10+00:00,1
1397,941,459,Enex E-Pro Shell La Cantera,Coquimbo,Coquimbo,920110002,Enerlink Chile SpA,Enerlink,CHAdeMO,DC,50,(22-50],,0,0,DISPONIBLE,2026-09-01T18:56:23+00:00,2026-09-01T16:18:09.274089+00:00,2026-09-01T18:56:23+00:00,2026-09-01T20:38:10+00:00,1
1398,941,459,Enex E-Pro Shell La Cantera,Coquimbo,Coquimbo,920110002,Enerlink Chile SpA,Enerlink,CCS 2,DC,50,(22-50],,0,0,DISPONIBLE,2026-09-01T18:56:23+00:00,2026-09-01T16:18:09.274089+00:00,2026-09-01T18:56:23+00:00,2026-09-01T20:38:10+00:00,1
1399,942,460,SERAFIN ZAMORA,La Florida,Metropolitana,995200007,COPEC VOLTEX,Copec Voltex,Tipo 2,AC,22,(7-22],,1,1,NO DISPONIBLE,2026-09-01T18:56:23+00:00,2025-04-09T13:02:43.649388+00:00,2026-09-01T18:56:23+00:00,2026-09-01T20:38:10+00:00,1
1400,942,460,SERAFIN ZAMORA,La Florida,Metropolitana,995200007,COPEC VOLTEX,Copec Voltex,Tipo 2,AC,22,(7-22],,1,1,NO DISPONIBLE,2026-09-01T18:56:23+00:00,2025-04-09T13:02:43.649388+00:00,2026-09-01T18:56:23+00:00,2026-09-01T20:38:10+00:00,1
1401,943,461,CENTRO CIVICO LO PRADO,Lo Prado,Metropolitana,995200007,COPEC VOLTEX,Copec Voltex,Tipo 2,AC,22,(7-22],HOTEL,1,1,NO DISPONIBLE,2026-09-01T18:56:23+00:00,2025-09-24T11:52:29.289358+00:00,2026-09-01T18:56:23+00:00,2026-09-01T20:38:10+00:00,1
1402,943,461,CENTRO CIVICO LO PRADO,Lo Prado,Metropolitana,995200007,COPEC VOLTEX,Copec Voltex,Tipo 2,AC,22,(7-22],HOTEL,1,1,NO DISPONIBLE,2026-09-01T18:56:23+00:00,2025-09-24T11:52:29.289358+00:00,2026-09-01T18:56:23+00:00,2026-09-01T20:38:10+00:00,1
1403,944,462,Cargador Urbano Enrique Soros,Independencia,Metropolitana,995200007,COPEC VOLTEX,Copec Voltex,Tipo 2,AC,7.4,7,CALLE,0,0,NO DISPONIBLE,2026-09-01T18:56:23+00:00,2026-08-31T20:27:16.322902+00:00,2026-09-01T18:56:23+00:00,2026-09-01T20:38:10+00:00,1
1404,944,462,Cargador Urbano Enrique Soros,Independencia,Metropolitana,995200007,COPEC VOLTEX,Copec Voltex,Tipo 2,AC,7.4,7,CALLE,0,0,NO DISPONIBLE,2026-09-01T18:56:23+00:00,2026-08-31T20:27:16.322902+00:00,2026-09-01T18:56:23+00:00,2026-09-01T20:38:10+00:00,1
1405,945,463,José Manuel Balmaceda,Renca,Metropolitana,995200007,COPEC VOLTEX,Copec Voltex,Tipo 2,AC,22,(7-22],,1,1,NO DISPONIBLE,2026-09-01T18:56:23+00:00,2025-09-24T11:51:01.373782+00:00,2026-09-01T18:56:23+00:00,2026-09-01T20:38:10+00:00,1
1406,945,463,José Manuel Balmaceda,Renca,Metropolitana,995200007,COPEC VOLTEX,Copec Voltex,Tipo 2,AC,22,(7-22],,1,1,NO DISPONIBLE,2026-09-01T18:56:23+00:00,2025-09-24T11:51:01.373782+00:00,2026-09-01T18:56:23+00:00,2026-09-01T20:38:10+00:00,1
1411,948,465,DEL CONSISTORIAL,Cerro Navia,Metropolitana,995200007,COPEC VOLTEX,Copec Voltex,Tipo 2,AC,22,(7-22],,1,1,NO DISPONIBLE,2026-09-01T18:56:23+00:00,2025-10-02T15:08:24.560190+00:00,2026-09-01T18:56:23+00:00,2026-09-01T20:38:10+00:00,1
1412,948,465,DEL CONSISTORIAL,Cerro Navia,Metropolitana,995200007,COPEC VOLTEX,Copec Voltex,Tipo 2,AC,22,(7-22],,1,1,NO DISPONIBLE,2026-09-01T18:56:23+00:00,2025-10-02T15:08:24.560190+00:00,2026-09-01T18:56:23+00:00,2026-09-01T20:38:10+00:00,1
1413,949,466,COPEC VOLTEX SERV P309B CHUBB SEGUROS CHILE,Las Condes,Metropolitana,992250003,CHUBB SEGUROS CHILE S.A.,CHUBB SEGUROS CHILE S.A.,Tipo 2,AC,7.4,7,,1,1,FUERA DE LINEA,2026-09-01T18:56:23+00:00,2026-04-08T21:35:57.359777+00:00,2026-09-01T18:56:23+00:00,2026-09-01T20:38:10+00:00,1
1422,952,469,COPEC VOLTEX- HOTEL CASA DE CAMPO SANTA CRUZ,Santa Cruz,Libertador Bernardo OHiggins,995200007,COPEC VOLTEX,Copec Voltex,Tipo 2,AC,7.4,7,HOTEL,0,0,DISPONIBLE,2026-09-01T18:56:23+00:00,2026-08-29T17:41:41.764834+00:00,2026-09-01T18:56:23+00:00,2026-09-01T20:38:10+00:00,1
1423,953,470,COPEC VOLTEX- HOTEL SURAZO MATANZAS,Navidad,Libertador Bernardo OHiggins,995200007,COPEC VOLTEX,Copec Voltex,Tipo 2,AC,7.4,7,HOTEL,0,0,DISPONIBLE,2026-09-01T18:56:23+00:00,2026-08-31T03:39:56.752856+00:00,2026-09-01T18:56:23+00:00,2026-09-01T20:38:10+00:00,1
1424,954,471,COPEC VOLTEX- BUDA LODGE PICHILEMU,Pichilemu,Libertador Bernardo OHiggins,995200007,COPEC VOLTEX,Copec Voltex,Tipo 2,AC,7.4,7,HOTEL,0,0,DISPONIBLE,2026-09-01T18:56:23+00:00,2026-08-22T02:02:23.185450+00:00,2026-09-01T18:56:23+00:00,2026-09-01T20:38:10+00:00,1
1425,955,472,COPEC VOLTEX- HOTEL PIEDRA VERDE,Machalí,Libertador Bernardo OHiggins,995200007,COPEC VOLTEX,Copec Voltex,Tipo 2,AC,7.4,7,HOTEL,0,0,DISPONIBLE,2026-09-01T18:56:23+00:00,2026-08-27T20:13:19.900293+00:00,2026-09-01T18:56:23+00:00,2026-09-01T20:38:10+00:00,1
1471,971,488,COPEC VOLTEX SERV P364C VIÑA LA PLAYA WINERY,Peralillo,Libertador Bernardo OHiggins,995200007,COPEC VOLTEX,Copec Voltex,Tipo 2,AC,7.4,7,HOTEL,0,0,DISPONIBLE,2026-09-01T18:56:23+00:00,2026-08-21T20:38:10.368026+00:00,2026-09-01T18:56:23+00:00,2026-09-01T20:38:10+00:00,1
1481,975,492,COPEC VOLTEX  - EDS 20830 - COYHAIQUE,Coyhaique,Aysén del General Carlos Ibáñez del Campo,995200007,COPEC VOLTEX,Copec Voltex,CHAdeMO,DC,50,(22-50],,0,0,DISPONIBLE,2026-09-01T18:56:23+00:00,2026-09-01T20:12:41.923761+00:00,2026-09-01T18:56:23+00:00,2026-09-01T20:38:10+00:00,1
1483,975,492,COPEC VOLTEX  - EDS 20830 - COYHAIQUE,Coyhaique,Aysén del General Carlos Ibáñez del Campo,995200007,COPEC VOLTEX,Copec Voltex,Tipo 2,AC,22,(7-22],,0,0,FUERA DE LINEA,2026-09-01T18:56:23+00:00,2026-09-01T20:12:41.923761+00:00,2026-09-01T18:56:23+00:00,2026-09-01T20:38:10+00:00,1
1493,979,496,Cargador Pizeeria Valentini,Concón,Valparaíso,764135067,Inmobiliaria Playa La Boca Spa,Inmobiliaria Playa La Boca Spa,Tipo 2,AC,22,(7-22],,0,0,FUERA DE LINEA,2026-09-01T18:56:23+00:00,2026-04-08T21:35:57.359777+00:00,2026-09-01T18:56:23+00:00,2026-09-01T20:38:10+00:00,1
1494,979,496,Cargador Pizeeria Valentini,Concón,Valparaíso,764135067,Inmobiliaria Playa La Boca Spa,Inmobiliaria Playa La Boca Spa,Tipo 2,AC,22,(7-22],,0,0,FUERA DE LINEA,2026-09-01T18:56:23+00:00,2026-04-08T21:35:57.359777+00:00,2026-09-01T18:56:23+00:00,2026-09-01T20:38:10+00:00,1
1495,979,496,Cargador Pizeeria Valentini,Concón,Valparaíso,764135067,Inmobiliaria Playa La Boca Spa,Inmobiliaria Playa La Boca Spa,Tipo 2,AC,22,(7-22],,0,0,FUERA DE LINEA,2026-09-01T18:56:23+00:00,2026-04-08T21:35:57.359777+00:00,2026-09-01T18:56:23+00:00,2026-09-01T20:38:10+00:00,1
1496,979,496,Cargador Pizeeria Valentini,Concón,Valparaíso,764135067,Inmobiliaria Playa La Boca Spa,Inmobiliaria Playa La Boca Spa,Tipo 2,AC,22,(7-22],,0,0,FUERA DE LINEA,2026-09-01T18:56:23+00:00,2026-04-08T21:35:57.359777+00:00,2026-09-01T18:56:23+00:00,2026-09-01T20:38:10+00:00,1
1614,1019,536,PROD 4627659 46276971,Santiago,Metropolitana,999999999,nmaes99 prueba prod patre99 matre99,nmaes99 prueba prod patre99 matre99,GB/T DC,DC,100,(50-150],ELECTROESTACIÓN,1,1,OCUPADO,2026-09-01T18:56:23+00:00,2026-06-09T15:16:07.910879+00:00,2026-09-01T18:56:23+00:00,2026-09-01T20:38:10+00:00,1
1615,1019,536,PROD 4627659 46276971,Santiago,Metropolitana,999999999,nmaes99 prueba prod patre99 matre99,nmaes99 prueba prod patre99 matre99,CHAdeMO,DC,100,(50-150],ELECTROESTACIÓN,1,1,NO DISPONIBLE,2026-09-01T18:56:23+00:00,2026-06-09T15:16:07.910879+00:00,2026-09-01T18:56:23+00:00,2026-09-01T20:38:10+00:00,1
1616,1019,536,PROD 4627659 46276971,Santiago,Metropolitana,999999999,nmaes99 prueba prod patre99 matre99,nmaes99 prueba prod patre99 matre99,GB/T DC,DC,100,(50-150],ELECTROESTACIÓN,1,1,NO DISPONIBLE,2026-09-01T18:56:23+00:00,2026-06-09T15:16:07.910879+00:00,2026-09-01T18:56:23+00:00,2026-09-01T20:38:10+00:00,1
1617,1019,536,PROD 4627659 46276971,Santiago,Metropolitana,999999999,nmaes99 prueba prod patre99 matre99,nmaes99 prueba prod patre99 matre99,CCS 1,DC,100,(50-150],ELECTROESTACIÓN,1,1,NO DISPONIBLE,2026-09-01T18:56:23+00:00,2026-06-09T15:16:07.910879+00:00,2026-09-01T18:56:23+00:00,2026-09-01T20:38:10+00:00,1
1618,1019,536,PROD 4627659 46276971,Santiago,Metropolitana,999999999,nmaes99 prueba prod patre99 matre99,nmaes99 prueba prod patre99 matre99,CCS 2,DC,100,(50-150],ELECTROESTACIÓN,1,1,NO DISPONIBLE,2026-09-01T18:56:23+00:00,2026-06-09T15:16:07.910879+00:00,2026-09-01T18:56:23+00:00,2026-09-01T20:38:10+00:00,1
1619,1019,536,PROD 4627659 46276971,Santiago,Metropolitana,999999999,nmaes99 prueba prod patre99 matre99,nmaes99 prueba prod patre99 matre99,CCS 2,DC,100,(50-150],ELECTROESTACIÓN,1,1,NO DISPONIBLE,2026-09-01T18:56:23+00:00,2026-06-09T15:16:07.910879+00:00,2026-09-01T18:56:23+00:00,2026-09-01T20:38:10+00:00,1
1620,1019,536,PROD 4627659 46276971,Santiago,Metropolitana,999999999,nmaes99 prueba prod patre99 matre99,nmaes99 prueba prod patre99 matre99,Tipo 2,AC,23,(22-50],ELECTROESTACIÓN,1,1,NO DISPONIBLE,2026-09-01T18:56:23+00:00,2026-06-09T15:16:07.910879+00:00,2026-09-01T18:56:23+00:00,2026-09-01T20:38:10+00:00,1
1621,1019,536,PROD 4627659 46276971,Santiago,Metropolitana,999999999,nmaes99 prueba prod patre99 matre99,nmaes99 prueba prod patre99 matre99,Tipo 1,AC,22,(7-22],ELECTROESTACIÓN,1,1,NO DISPONIBLE,2026-09-01T18:56:23+00:00,2026-06-09T15:16:07.910879+00:00,2026-09-01T18:56:23+00:00,2026-09-01T20:38:10+00:00,1
1622,1019,536,PROD 4627659 46276971,Santiago,Metropolitana,999999999,nmaes99 prueba prod patre99 matre99,nmaes99 prueba prod patre99 matre99,GB/T AC,AC,22,(7-22],ELECTROESTACIÓN,1,1,NO DISPONIBLE,2026-09-01T18:56:23+00:00,2026-06-09T15:16:07.910879+00:00,2026-09-01T18:56:23+00:00,2026-09-01T20:38:10+00:00,1
1652,1028,543,Enex E-Pro Cerrillos,Cerrillos,Metropolitana,920110002,Enerlink Chile SpA,Enerlink,CCS 2,DC,120,(50-150],,0,0,DISPONIBLE,2026-09-01T18:56:23+00:00,2026-09-01T14:43:18.282442+00:00,2026-09-01T18:56:23+00:00,2026-09-01T20:38:10+00:00,1
1653,1028,543,Enex E-Pro Cerrillos,Cerrillos,Metropolitana,920110002,Enerlink Chile SpA,Enerlink,Tipo 2,AC,22,(7-22],,0,0,OCUPADO,2026-09-01T20:23:01+00:00,2026-09-01T14:43:18.282442+00:00,2026-09-01T18:56:23+00:00,2026-09-01T20:38:10+00:00,1
1654,1028,543,Enex E-Pro Cerrillos,Cerrillos,Metropolitana,920110002,Enerlink Chile SpA,Enerlink,CCS 2,DC,120,(50-150],,0,0,DISPONIBLE,2026-09-01T18:56:23+00:00,2026-09-01T14:43:18.282442+00:00,2026-09-01T18:56:23+00:00,2026-09-01T20:38:10+00:00,1
1655,1029,544,COPEC VOLTEX EDS 60741 - COSTANERA NORTE,Vitacura,Metropolitana,995200007,COPEC VOLTEX,Copec Voltex,CCS 2,DC,180,150,ELECTROESTACIÓN,0,0,DISPONIBLE,2026-09-01T20:38:10+00:00,2026-09-01T20:34:42.521463+00:00,2026-09-01T18:56:23+00:00,2026-09-01T20:38:10+00:00,1
1656,1029,544,COPEC VOLTEX EDS 60741 - COSTANERA NORTE,Vitacura,Metropolitana,995200007,COPEC VOLTEX,Copec Voltex,CCS 2,DC,180,150,ELECTROESTACIÓN,0,0,DISPONIBLE,2026-09-01T20:23:01+00:00,2026-09-01T20:34:42.521463+00:00,2026-09-01T18:56:23+00:00,2026-09-01T20:38:10+00:00,1
1657,1030,544,COPEC VOLTEX EDS 60741 - COSTANERA NORTE,Vitacura,Metropolitana,995200007,COPEC VOLTEX,Copec Voltex,CCS 2,DC,120,(50-150],ELECTROESTACIÓN,0,0,DISPONIBLE,2026-09-01T18:56:23+00:00,2026-09-01T20:00:47.669780+00:00,2026-09-01T18:56:23+00:00,2026-09-01T20:38:10+00:00,1
1658,1030,544,COPEC VOLTEX EDS 60741 - COSTANERA NORTE,Vitacura,Metropolitana,995200007,COPEC VOLTEX,Copec Voltex,CCS 2,DC,120,(50-150],ELECTROESTACIÓN,0,0,OCUPADO,2026-09-01T18:56:23+00:00,2026-09-01T20:00:47.669780+00:00,2026-09-01T18:56:23+00:00,2026-09-01T20:38:10+00:00,1
1659,1031,544,COPEC VOLTEX EDS 60741 - COSTANERA NORTE,Vitacura,Metropolitana,995200007,COPEC VOLTEX,Copec Voltex,CCS 2,DC,120,(50-150],ELECTROESTACIÓN,0,0,OCUPADO,2026-09-01T20:28:04+00:00,2026-09-01T20:22:30.783648+00:00,2026-09-01T18:56:23+00:00,2026-09-01T20:38:10+00:00,1
1660,1031,544,COPEC VOLTEX EDS 60741 - COSTANERA NORTE,Vitacura,Metropolitana,995200007,COPEC VOLTEX,Copec Voltex,CCS 2,DC,120,(50-150],ELECTROESTACIÓN,0,0,DISPONIBLE,2026-09-01T20:23:01+00:00,2026-09-01T20:22:30.783648+00:00,2026-09-01T18:56:23+00:00,2026-09-01T20:38:10+00:00,1
1661,1032,545,CARGADOR VOLTEX E/S COPEC TRAFUN ,San Pablo,Los Lagos,995200007,COPEC VOLTEX,Copec Voltex,CCS 2,DC,50,(22-50],ELECTROLINERA,0,0,DISPONIBLE,2026-09-01T18:56:23+00:00,2026-09-01T11:31:29.533514+00:00,2026-09-01T18:56:23+00:00,2026-09-01T20:38:10+00:00,1
1662,1032,545,CARGADOR VOLTEX E/S COPEC TRAFUN ,San Pablo,Los Lagos,995200007,COPEC VOLTEX,Copec Voltex,Tipo 2,AC,22,(7-22],ELECTROLINERA,0,0,FUERA DE LINEA,2026-09-01T18:56:23+00:00,2026-09-01T11:31:29.533514+00:00,2026-09-01T18:56:23+00:00,2026-09-01T20:38:10+00:00,1
1663,1032,545,CARGADOR VOLTEX E/S COPEC TRAFUN ,San Pablo,Los Lagos,995200007,COPEC VOLTEX,Copec Voltex,CHAdeMO,DC,50,(22-50],ELECTROLINERA,0,0,DISPONIBLE,2026-09-01T18:56:23+00:00,2026-09-01T11:31:29.533514+00:00,2026-09-01T18:56:23+00:00,2026-09-01T20:38:10+00:00,1
1700,1045,558,IRVE - MALL ARAUCO ESTACION,Estación Central,Metropolitana,995200007,COPEC VOLTEX,Copec Voltex,Tipo 2,AC,7.4,7,,1,1,NO DISPONIBLE,2026-09-01T18:56:23+00:00,2025-07-31T19:26:39.763577+00:00,2026-09-01T18:56:23+00:00,2026-09-01T20:38:10+00:00,1
1701,1046,558,IRVE - MALL ARAUCO ESTACION,Estación Central,Metropolitana,995200007,COPEC VOLTEX,Copec Voltex,Tipo 2,AC,7.4,7,,1,1,NO DISPONIBLE,2026-09-01T18:56:23+00:00,2025-07-10T15:10:41.715662+00:00,2026-09-01T18:56:23+00:00,2026-09-01T20:38:10+00:00,1
1702,1047,558,IRVE - MALL ARAUCO ESTACION,Estación Central,Metropolitana,995200007,COPEC VOLTEX,Copec Voltex,Tipo 2,AC,7.4,7,,1,1,NO DISPONIBLE,2026-09-01T18:56:23+00:00,2025-07-10T15:10:41.741781+00:00,2026-09-01T18:56:23+00:00,2026-09-01T20:38:10+00:00,1
1703,1048,558,IRVE - MALL ARAUCO ESTACION,Estación Central,Metropolitana,995200007,COPEC VOLTEX,Copec Voltex,Tipo 2,AC,7.4,7,,1,1,NO DISPONIBLE,2026-09-01T18:56:23+00:00,2025-07-10T15:10:41.764264+00:00,2026-09-01T18:56:23+00:00,2026-09-01T20:38:10+00:00,1
1704,1049,558,IRVE - MALL ARAUCO ESTACION,Estación Central,Metropolitana,995200007,COPEC VOLTEX,Copec Voltex,Tipo 2,AC,7.4,7,,1,1,NO DISPONIBLE,2026-09-01T18:56:23+00:00,2025-07-10T15:10:41.795684+00:00,2026-09-01T18:56:23+00:00,2026-09-01T20:38:10+00:00,1
1705,1050,558,IRVE - MALL ARAUCO ESTACION,Estación Central,Metropolitana,995200007,COPEC VOLTEX,Copec Voltex,Tipo 2,AC,7.4,7,,1,1,NO DISPONIBLE,2026-09-01T18:56:23+00:00,2025-07-10T15:10:41.835592+00:00,2026-09-01T18:56:23+00:00,2026-09-01T20:38:10+00:00,1
1706,1051,558,IRVE - MALL ARAUCO ESTACION,Estación Central,Metropolitana,995200007,COPEC VOLTEX,Copec Voltex,Tipo 2,AC,7.4,7,,1,1,NO DISPONIBLE,2026-09-01T18:56:23+00:00,2025-07-10T15:10:41.858496+00:00,2026-09-01T18:56:23+00:00,2026-09-01T20:38:10+00:00,1
1707,1052,558,IRVE - MALL ARAUCO ESTACION,Estación Central,Metropolitana,995200007,COPEC VOLTEX,Copec Voltex,Tipo 2,AC,7.4,7,,1,1,NO DISPONIBLE,2026-09-01T18:56:23+00:00,2025-07-10T15:10:41.875591+00:00,2026-09-01T18:56:23+00:00,2026-09-01T20:38:10+00:00,1
1708,1053,558,IRVE - MALL ARAUCO ESTACION,Estación Central,Metropolitana,995200007,COPEC VOLTEX,Copec Voltex,Tipo 2,AC,7.4,7,,1,1,NO DISPONIBLE,2026-09-01T18:56:23+00:00,2025-07-10T15:10:41.899713+00:00,2026-09-01T18:56:23+00:00,2026-09-01T20:38:10+00:00,1
1709,1054,558,IRVE - MALL ARAUCO ESTACION,Estación Central,Metropolitana,995200007,COPEC VOLTEX,Copec Voltex,Tipo 2,AC,7.4,7,,1,1,NO DISPONIBLE,2026-09-01T18:56:23+00:00,2025-07-10T15:10:41.923706+00:00,2026-09-01T18:56:23+00:00,2026-09-01T20:38:10+00:00,1
1710,1055,558,IRVE - MALL ARAUCO ESTACION,Estación Central,Metropolitana,995200007,COPEC VOLTEX,Copec Voltex,Tipo 2,AC,7.4,7,,1,1,NO DISPONIBLE,2026-09-01T18:56:23+00:00,2025-07-10T15:10:41.952024+00:00,2026-09-01T18:56:23+00:00,2026-09-01T20:38:10+00:00,1
1711,1056,558,IRVE - MALL ARAUCO ESTACION,Estación Central,Metropolitana,995200007,COPEC VOLTEX,Copec Voltex,Tipo 2,AC,7.4,7,,1,1,NO DISPONIBLE,2026-09-01T18:56:23+00:00,2025-07-10T15:10:41.978428+00:00,2026-09-01T18:56:23+00:00,2026-09-01T20:38:10+00:00,1
1712,1057,558,IRVE - MALL ARAUCO ESTACION,Estación Central,Metropolitana,995200007,COPEC VOLTEX,Copec Voltex,Tipo 2,AC,7.4,7,,1,1,NO DISPONIBLE,2026-09-01T18:56:23+00:00,2025-07-10T15:10:41.997369+00:00,2026-09-01T18:56:23+00:00,2026-09-01T20:38:10+00:00,1
1713,1058,558,IRVE - MALL ARAUCO ESTACION,Estación Central,Metropolitana,995200007,COPEC VOLTEX,Copec Voltex,Tipo 2,AC,7.4,7,,1,1,NO DISPONIBLE,2026-09-01T18:56:23+00:00,2025-07-10T15:10:42.017707+00:00,2026-09-01T18:56:23+00:00,2026-09-01T20:38:10+00:00,1
1714,1059,558,IRVE - MALL ARAUCO ESTACION,Estación Central,Metropolitana,995200007,COPEC VOLTEX,Copec Voltex,Tipo 2,AC,7.4,7,,1,1,NO DISPONIBLE,2026-09-01T18:56:23+00:00,2025-07-10T15:10:42.039613+00:00,2026-09-01T18:56:23+00:00,2026-09-01T20:38:10+00:00,1
1715,1060,558,IRVE - MALL ARAUCO ESTACION,Estación Central,Metropolitana,995200007,COPEC VOLTEX,Copec Voltex,Tipo 2,AC,7.4,7,,1,1,NO DISPONIBLE,2026-09-01T18:56:23+00:00,2025-07-10T15:10:42.063800+00:00,2026-09-01T18:56:23+00:00,2026-09-01T20:38:10+00:00,1
1716,1061,558,IRVE - MALL ARAUCO ESTACION,Estación Central,Metropolitana,995200007,COPEC VOLTEX,Copec Voltex,Tipo 2,AC,7.4,7,,1,1,NO DISPONIBLE,2026-09-01T18:56:23+00:00,2025-07-10T15:10:42.083596+00:00,2026-09-01T18:56:23+00:00,2026-09-01T20:38:10+00:00,1
1717,1062,558,IRVE - MALL ARAUCO ESTACION,Estación Central,Metropolitana,995200007,COPEC VOLTEX,Copec Voltex,Tipo 2,AC,7.4,7,,1,1,NO DISPONIBLE,2026-09-01T18:56:23+00:00,2025-07-10T15:10:42.115670+00:00,2026-09-01T18:56:23+00:00,2026-09-01T20:38:10+00:00,1
1718,1063,558,IRVE - MALL ARAUCO ESTACION,Estación Central,Metropolitana,995200007,COPEC VOLTEX,Copec Voltex,Tipo 2,AC,7.4,7,,1,1,NO DISPONIBLE,2026-09-01T18:56:23+00:00,2025-07-10T15:10:42.140210+00:00,2026-09-01T18:56:23+00:00,2026-09-01T20:38:10+00:00,1
1719,1064,558,IRVE - MALL ARAUCO ESTACION,Estación Central,Metropolitana,995200007,COPEC VOLTEX,Copec Voltex,Tipo 2,AC,7.4,7,,1,1,NO DISPONIBLE,2026-09-01T18:56:23+00:00,2025-07-10T15:10:42.182463+00:00,2026-09-01T18:56:23+00:00,2026-09-01T20:38:10+00:00,1
1720,1065,558,IRVE - MALL ARAUCO ESTACION,Estación Central,Metropolitana,995200007,COPEC VOLTEX,Copec Voltex,Tipo 2,AC,7.4,7,,1,1,NO DISPONIBLE,2026-09-01T18:56:23+00:00,2025-07-10T15:10:42.211761+00:00,2026-09-01T18:56:23+00:00,2026-09-01T20:38:10+00:00,1
1721,1066,558,IRVE - MALL ARAUCO ESTACION,Estación Central,Metropolitana,995200007,COPEC VOLTEX,Copec Voltex,Tipo 2,AC,7.4,7,,1,1,NO DISPONIBLE,2026-09-01T18:56:23+00:00,2025-07-10T15:10:42.238109+00:00,2026-09-01T18:56:23+00:00,2026-09-01T20:38:10+00:00,1
1722,1067,558,IRVE - MALL ARAUCO ESTACION,Estación Central,Metropolitana,995200007,COPEC VOLTEX,Copec Voltex,Tipo 2,AC,7.4,7,,1,1,NO DISPONIBLE,2026-09-01T18:56:23+00:00,2025-07-10T15:10:42.263730+00:00,2026-09-01T18:56:23+00:00,2026-09-01T20:38:10+00:00,1
1723,1068,558,IRVE - MALL ARAUCO ESTACION,Estación Central,Metropolitana,995200007,COPEC VOLTEX,Copec Voltex,Tipo 2,AC,7.4,7,,1,1,NO DISPONIBLE,2026-09-01T18:56:23+00:00,2025-07-10T15:10:42.295194+00:00,2026-09-01T18:56:23+00:00,2026-09-01T20:38:10+00:00,1
1724,1069,558,IRVE - MALL ARAUCO ESTACION,Estación Central,Metropolitana,995200007,COPEC VOLTEX,Copec Voltex,Tipo 2,AC,7.4,7,,1,1,NO DISPONIBLE,2026-09-01T18:56:23+00:00,2025-07-10T15:10:42.332288+00:00,2026-09-01T18:56:23+00:00,2026-09-01T20:38:10+00:00,1
1725,1070,558,IRVE - MALL ARAUCO ESTACION,Estación Central,Metropolitana,995200007,COPEC VOLTEX,Copec Voltex,Tipo 2,AC,7.4,7,,1,1,NO DISPONIBLE,2026-09-01T18:56:23+00:00,2025-07-10T15:10:42.370465+00:00,2026-09-01T18:56:23+00:00,2026-09-01T20:38:10+00:00,1
1726,1071,558,IRVE - MALL ARAUCO ESTACION,Estación Central,Metropolitana,995200007,COPEC VOLTEX,Copec Voltex,Tipo 2,AC,7.4,7,,1,1,NO DISPONIBLE,2026-09-01T18:56:23+00:00,2025-07-10T15:10:42.391538+00:00,2026-09-01T18:56:23+00:00,2026-09-01T20:38:10+00:00,1
1727,1072,558,IRVE - MALL ARAUCO ESTACION,Estación Central,Metropolitana,995200007,COPEC VOLTEX,Copec Voltex,Tipo 2,AC,7.4,7,,1,1,NO DISPONIBLE,2026-09-01T18:56:23+00:00,2025-07-10T15:10:42.431688+00:00,2026-09-01T18:56:23+00:00,2026-09-01T20:38:10+00:00,1
1728,1073,558,IRVE - MALL ARAUCO ESTACION,Estación Central,Metropolitana,995200007,COPEC VOLTEX,Copec Voltex,Tipo 2,AC,7.4,7,,1,1,NO DISPONIBLE,2026-09-01T18:56:23+00:00,2025-07-10T15:10:42.458935+00:00,2026-09-01T18:56:23+00:00,2026-09-01T20:38:10+00:00,1
1729,1074,558,IRVE - MALL ARAUCO ESTACION,Estación Central,Metropolitana,995200007,COPEC VOLTEX,Copec Voltex,Tipo 2,AC,7.4,7,,1,1,NO DISPONIBLE,2026-09-01T18:56:23+00:00,2025-07-10T15:10:42.489268+00:00,2026-09-01T18:56:23+00:00,2026-09-01T20:38:10+00:00,1
1730,1075,558,IRVE - MALL ARAUCO ESTACION,Estación Central,Metropolitana,995200007,COPEC VOLTEX,Copec Voltex,Tipo 2,AC,7.4,7,,1,1,NO DISPONIBLE,2026-09-01T18:56:23+00:00,2025-07-10T15:10:42.511568+00:00,2026-09-01T18:56:23+00:00,2026-09-01T20:38:10+00:00,1
1731,1076,558,IRVE - MALL ARAUCO ESTACION,Estación Central,Metropolitana,995200007,COPEC VOLTEX,Copec Voltex,Tipo 2,AC,7.4,7,,1,1,NO DISPONIBLE,2026-09-01T18:56:23+00:00,2025-07-10T15:10:42.540473+00:00,2026-09-01T18:56:23+00:00,2026-09-01T20:38:10+00:00,1
1732,1077,558,IRVE - MALL ARAUCO ESTACION,Estación Central,Metropolitana,995200007,COPEC VOLTEX,Copec Voltex,Tipo 2,AC,7.4,7,,1,1,NO DISPONIBLE,2026-09-01T18:56:23+00:00,2025-07-10T15:10:42.578041+00:00,2026-09-01T18:56:23+00:00,2026-09-01T20:38:10+00:00,1
1733,1078,558,IRVE - MALL ARAUCO ESTACION,Estación Central,Metropolitana,995200007,COPEC VOLTEX,Copec Voltex,Tipo 2,AC,7.4,7,,1,1,NO DISPONIBLE,2026-09-01T18:56:23+00:00,2025-07-10T15:10:42.615851+00:00,2026-09-01T18:56:23+00:00,2026-09-01T20:38:10+00:00,1
1734,1079,558,IRVE - MALL ARAUCO ESTACION,Estación Central,Metropolitana,995200007,COPEC VOLTEX,Copec Voltex,Tipo 2,AC,7.4,7,,1,1,NO DISPONIBLE,2026-09-01T18:56:23+00:00,2025-07-10T15:10:42.651732+00:00,2026-09-01T18:56:23+00:00,2026-09-01T20:38:10+00:00,1
1735,1080,558,IRVE - MALL ARAUCO ESTACION,Estación Central,Metropolitana,995200007,COPEC VOLTEX,Copec Voltex,Tipo 2,AC,7.4,7,,1,1,NO DISPONIBLE,2026-09-01T18:56:23+00:00,2025-07-10T15:10:42.679381+00:00,2026-09-01T18:56:23+00:00,2026-09-01T20:38:10+00:00,1
1736,1081,558,IRVE - MALL ARAUCO ESTACION,Estación Central,Metropolitana,995200007,COPEC VOLTEX,Copec Voltex,Tipo 2,AC,7.4,7,,1,1,NO DISPONIBLE,2026-09-01T18:56:23+00:00,2025-07-10T15:10:42.707712+00:00,2026-09-01T18:56:23+00:00,2026-09-01T20:38:10+00:00,1
1737,1082,558,IRVE - MALL ARAUCO ESTACION,Estación Central,Metropolitana,995200007,COPEC VOLTEX,Copec Voltex,Tipo 2,AC,7.4,7,,1,1,NO DISPONIBLE,2026-09-01T18:56:23+00:00,2025-07-10T15:10:42.739466+00:00,2026-09-01T18:56:23+00:00,2026-09-01T20:38:10+00:00,1
1738,1083,558,IRVE - MALL ARAUCO ESTACION,Estación Central,Metropolitana,995200007,COPEC VOLTEX,Copec Voltex,Tipo 2,AC,7.4,7,,1,1,NO DISPONIBLE,2026-09-01T18:56:23+00:00,2025-07-10T15:10:42.775728+00:00,2026-09-01T18:56:23+00:00,2026-09-01T20:38:10+00:00,1
1739,1084,558,IRVE - MALL ARAUCO ESTACION,Estación Central,Metropolitana,995200007,COPEC VOLTEX,Copec Voltex,Tipo 2,AC,7.4,7,,1,1,NO DISPONIBLE,2026-09-01T18:56:23+00:00,2025-07-10T15:10:42.803445+00:00,2026-09-01T18:56:23+00:00,2026-09-01T20:38:10+00:00,1
1740,1085,558,IRVE - MALL ARAUCO ESTACION,Estación Central,Metropolitana,995200007,COPEC VOLTEX,Copec Voltex,Tipo 2,AC,7.4,7,,1,1,NO DISPONIBLE,2026-09-01T18:56:23+00:00,2025-07-10T15:10:42.837092+00:00,2026-09-01T18:56:23+00:00,2026-09-01T20:38:10+00:00,1
1741,1086,558,IRVE - MALL ARAUCO ESTACION,Estación Central,Metropolitana,995200007,COPEC VOLTEX,Copec Voltex,Tipo 2,AC,7.4,7,,1,1,NO DISPONIBLE,2026-09-01T18:56:23+00:00,2025-07-10T15:10:42.880528+00:00,2026-09-01T18:56:23+00:00,2026-09-01T20:38:10+00:00,1
1742,1087,558,IRVE - MALL ARAUCO ESTACION,Estación Central,Metropolitana,995200007,COPEC VOLTEX,Copec Voltex,Tipo 2,AC,7.4,7,,1,1,NO DISPONIBLE,2026-09-01T18:56:23+00:00,2025-07-10T15:10:42.906450+00:00,2026-09-01T18:56:23+00:00,2026-09-01T20:38:10+00:00,1
1743,1088,558,IRVE - MALL ARAUCO ESTACION,Estación Central,Metropolitana,995200007,COPEC VOLTEX,Copec Voltex,Tipo 2,AC,7.4,7,,1,1,NO DISPONIBLE,2026-09-01T18:56:23+00:00,2025-07-10T15:10:42.932391+00:00,2026-09-01T18:56:23+00:00,2026-09-01T20:38:10+00:00,1
1744,1089,558,IRVE - MALL ARAUCO ESTACION,Estación Central,Metropolitana,995200007,COPEC VOLTEX,Copec Voltex,Tipo 2,AC,7.4,7,,1,1,NO DISPONIBLE,2026-09-01T18:56:23+00:00,2025-07-10T15:10:42.967804+00:00,2026-09-01T18:56:23+00:00,2026-09-01T20:38:10+00:00,1
1745,1090,558,IRVE - MALL ARAUCO ESTACION,Estación Central,Metropolitana,995200007,COPEC VOLTEX,Copec Voltex,Tipo 2,AC,7.4,7,,1,1,NO DISPONIBLE,2026-09-01T18:56:23+00:00,2025-07-10T15:10:42.999740+00:00,2026-09-01T18:56:23+00:00,2026-09-01T20:38:10+00:00,1
1746,1091,558,IRVE - MALL ARAUCO ESTACION,Estación Central,Metropolitana,995200007,COPEC VOLTEX,Copec Voltex,Tipo 2,AC,7.4,7,,1,1,NO DISPONIBLE,2026-09-01T18:56:23+00:00,2025-07-10T15:10:43.026616+00:00,2026-09-01T18:56:23+00:00,2026-09-01T20:38:10+00:00,1
1747,1092,558,IRVE - MALL ARAUCO ESTACION,Estación Central,Metropolitana,995200007,COPEC VOLTEX,Copec Voltex,Tipo 2,AC,7.4,7,,1,1,NO DISPONIBLE,2026-09-01T18:56:23+00:00,2025-07-10T15:10:43.055228+00:00,2026-09-01T18:56:23+00:00,2026-09-01T20:38:10+00:00,1
1748,1093,558,IRVE - MALL ARAUCO ESTACION,Estación Central,Metropolitana,995200007,COPEC VOLTEX,Copec Voltex,Tipo 2,AC,7.4,7,,1,1,NO DISPONIBLE,2026-09-01T18:56:23+00:00,2025-07-10T15:10:43.085707+00:00,2026-09-01T18:56:23+00:00,2026-09-01T20:38:10+00:00,1
1749,1094,558,IRVE - MALL ARAUCO ESTACION,Estación Central,Metropolitana,995200007,COPEC VOLTEX,Copec Voltex,Tipo 2,AC,7.4,7,,1,1,NO DISPONIBLE,2026-09-01T18:56:23+00:00,2025-07-10T15:10:43.115825+00:00,2026-09-01T18:56:23+00:00,2026-09-01T20:38:10+00:00,1
1750,1095,558,IRVE - MALL ARAUCO ESTACION,Estación Central,Metropolitana,995200007,COPEC VOLTEX,Copec Voltex,Tipo 2,AC,7.4,7,,1,1,NO DISPONIBLE,2026-09-01T18:56:23+00:00,2025-07-10T15:10:43.147252+00:00,2026-09-01T18:56:23+00:00,2026-09-01T20:38:10+00:00,1
1751,1096,558,IRVE - MALL ARAUCO ESTACION,Estación Central,Metropolitana,995200007,COPEC VOLTEX,Copec Voltex,Tipo 2,AC,7.4,7,,1,1,NO DISPONIBLE,2026-09-01T18:56:23+00:00,2025-07-10T15:10:43.179822+00:00,2026-09-01T18:56:23+00:00,2026-09-01T20:38:10+00:00,1
1752,1097,558,IRVE - MALL ARAUCO ESTACION,Estación Central,Metropolitana,995200007,COPEC VOLTEX,Copec Voltex,Tipo 2,AC,7.4,7,,1,1,NO DISPONIBLE,2026-09-01T18:56:23+00:00,2025-07-10T15:10:43.210342+00:00,2026-09-01T18:56:23+00:00,2026-09-01T20:38:10+00:00,1
1753,1098,558,IRVE - MALL ARAUCO ESTACION,Estación Central,Metropolitana,995200007,COPEC VOLTEX,Copec Voltex,Tipo 2,AC,7.4,7,,1,1,NO DISPONIBLE,2026-09-01T18:56:23+00:00,2025-07-10T15:10:43.237779+00:00,2026-09-01T18:56:23+00:00,2026-09-01T20:38:10+00:00,1
1754,1099,558,IRVE - MALL ARAUCO ESTACION,Estación Central,Metropolitana,995200007,COPEC VOLTEX,Copec Voltex,Tipo 2,AC,7.4,7,,1,1,NO DISPONIBLE,2026-09-01T18:56:23+00:00,2025-07-10T15:10:43.275787+00:00,2026-09-01T18:56:23+00:00,2026-09-01T20:38:10+00:00,1
1755,1100,558,IRVE - MALL ARAUCO ESTACION,Estación Central,Metropolitana,995200007,COPEC VOLTEX,Copec Voltex,Tipo 2,AC,7.4,7,,1,1,NO DISPONIBLE,2026-09-01T18:56:23+00:00,2025-07-10T15:10:43.311741+00:00,2026-09-01T18:56:23+00:00,2026-09-01T20:38:10+00:00,1
1756,1101,558,IRVE - MALL ARAUCO ESTACION,Estación Central,Metropolitana,995200007,COPEC VOLTEX,Copec Voltex,Tipo 2,AC,7.4,7,,1,1,NO DISPONIBLE,2026-09-01T18:56:23+00:00,2025-07-10T15:10:43.339856+00:00,2026-09-01T18:56:23+00:00,2026-09-01T20:38:10+00:00,1
1757,1102,558,IRVE - MALL ARAUCO ESTACION,Estación Central,Metropolitana,995200007,COPEC VOLTEX,Copec Voltex,Tipo 2,AC,7.4,7,,1,1,NO DISPONIBLE,2026-09-01T18:56:23+00:00,2025-07-10T15:10:43.373896+00:00,2026-09-01T18:56:23+00:00,2026-09-01T20:38:10+00:00,1
1758,1103,558,IRVE - MALL ARAUCO ESTACION,Estación Central,Metropolitana,995200007,COPEC VOLTEX,Copec Voltex,Tipo 2,AC,7.4,7,,1,1,NO DISPONIBLE,2026-09-01T18:56:23+00:00,2025-07-10T15:10:43.407277+00:00,2026-09-01T18:56:23+00:00,2026-09-01T20:38:10+00:00,1
1759,1104,558,IRVE - MALL ARAUCO ESTACION,Estación Central,Metropolitana,995200007,COPEC VOLTEX,Copec Voltex,Tipo 2,AC,7.4,7,,1,1,NO DISPONIBLE,2026-09-01T18:56:23+00:00,2025-07-10T15:10:43.435655+00:00,2026-09-01T18:56:23+00:00,2026-09-01T20:38:10+00:00,1
1760,1105,558,IRVE - MALL ARAUCO ESTACION,Estación Central,Metropolitana,995200007,COPEC VOLTEX,Copec Voltex,Tipo 2,AC,7.4,7,,1,1,NO DISPONIBLE,2026-09-01T18:56:23+00:00,2025-07-10T15:10:43.471752+00:00,2026-09-01T18:56:23+00:00,2026-09-01T20:38:10+00:00,1
1761,1106,558,IRVE - MALL ARAUCO ESTACION,Estación Central,Metropolitana,995200007,COPEC VOLTEX,Copec Voltex,Tipo 2,AC,7.4,7,,1,1,NO DISPONIBLE,2026-09-01T18:56:23+00:00,2025-07-10T15:10:43.499927+00:00,2026-09-01T18:56:23+00:00,2026-09-01T20:38:10+00:00,1
1762,1107,558,IRVE - MALL ARAUCO ESTACION,Estación Central,Metropolitana,995200007,COPEC VOLTEX,Copec Voltex,Tipo 2,AC,7.4,7,,1,1,NO DISPONIBLE,2026-09-01T18:56:23+00:00,2025-07-10T15:10:43.531419+00:00,2026-09-01T18:56:23+00:00,2026-09-01T20:38:10+00:00,1
1763,1108,558,IRVE - MALL ARAUCO ESTACION,Estación Central,Metropolitana,995200007,COPEC VOLTEX,Copec Voltex,Tipo 2,AC,7.4,7,,1,1,NO DISPONIBLE,2026-09-01T18:56:23+00:00,2025-07-10T15:10:43.567747+00:00,2026-09-01T18:56:23+00:00,2026-09-01T20:38:10+00:00,1
1764,1109,558,IRVE - MALL ARAUCO ESTACION,Estación Central,Metropolitana,995200007,COPEC VOLTEX,Copec Voltex,Tipo 2,AC,7.4,7,,1,1,NO DISPONIBLE,2026-09-01T18:56:23+00:00,2025-07-10T15:10:43.607685+00:00,2026-09-01T18:56:23+00:00,2026-09-01T20:38:10+00:00,1
1765,1110,558,IRVE - MALL ARAUCO ESTACION,Estación Central,Metropolitana,995200007,COPEC VOLTEX,Copec Voltex,Tipo 2,AC,7.4,7,,1,1,NO DISPONIBLE,2026-09-01T18:56:23+00:00,2025-07-10T15:10:43.642089+00:00,2026-09-01T18:56:23+00:00,2026-09-01T20:38:10+00:00,1
1766,1111,558,IRVE - MALL ARAUCO ESTACION,Estación Central,Metropolitana,995200007,COPEC VOLTEX,Copec Voltex,Tipo 2,AC,7.4,7,,1,1,NO DISPONIBLE,2026-09-01T18:56:23+00:00,2025-07-10T15:10:43.671603+00:00,2026-09-01T18:56:23+00:00,2026-09-01T20:38:10+00:00,1
1767,1112,558,IRVE - MALL ARAUCO ESTACION,Estación Central,Metropolitana,995200007,COPEC VOLTEX,Copec Voltex,Tipo 2,AC,7.4,7,,1,1,NO DISPONIBLE,2026-09-01T18:56:23+00:00,2025-07-10T15:10:43.703747+00:00,2026-09-01T18:56:23+00:00,2026-09-01T20:38:10+00:00,1
1768,1113,558,IRVE - MALL ARAUCO ESTACION,Estación Central,Metropolitana,995200007,COPEC VOLTEX,Copec Voltex,Tipo 2,AC,7.4,7,,1,1,NO DISPONIBLE,2026-09-01T18:56:23+00:00,2025-07-10T15:10:43.742033+00:00,2026-09-01T18:56:23+00:00,2026-09-01T20:38:10+00:00,1
1769,1114,558,IRVE - MALL ARAUCO ESTACION,Estación Central,Metropolitana,995200007,COPEC VOLTEX,Copec Voltex,Tipo 2,AC,7.4,7,,1,1,NO DISPONIBLE,2026-09-01T18:56:23+00:00,2025-07-10T15:10:43.787832+00:00,2026-09-01T18:56:23+00:00,2026-09-01T20:38:10+00:00,1
1770,1115,558,IRVE - MALL ARAUCO ESTACION,Estación Central,Metropolitana,995200007,COPEC VOLTEX,Copec Voltex,Tipo 2,AC,7.4,7,,1,1,NO DISPONIBLE,2026-09-01T18:56:23+00:00,2025-07-10T15:10:43.855865+00:00,2026-09-01T18:56:23+00:00,2026-09-01T20:38:10+00:00,1
1771,1116,558,IRVE - MALL ARAUCO ESTACION,Estación Central,Metropolitana,995200007,COPEC VOLTEX,Copec Voltex,Tipo 2,AC,7.4,7,,1,1,NO DISPONIBLE,2026-09-01T18:56:23+00:00,2025-07-10T15:10:43.899784+00:00,2026-09-01T18:56:23+00:00,2026-09-01T20:38:10+00:00,1
1772,1117,558,IRVE - MALL ARAUCO ESTACION,Estación Central,Metropolitana,995200007,COPEC VOLTEX,Copec Voltex,Tipo 2,AC,7.4,7,,1,1,NO DISPONIBLE,2026-09-01T18:56:23+00:00,2025-07-10T15:10:43.935588+00:00,2026-09-01T18:56:23+00:00,2026-09-01T20:38:10+00:00,1
1773,1118,558,IRVE - MALL ARAUCO ESTACION,Estación Central,Metropolitana,995200007,COPEC VOLTEX,Copec Voltex,Tipo 2,AC,7.4,7,,1,1,NO DISPONIBLE,2026-09-01T18:56:23+00:00,2025-07-10T15:10:43.971651+00:00,2026-09-01T18:56:23+00:00,2026-09-01T20:38:10+00:00,1
1774,1119,558,IRVE - MALL ARAUCO ESTACION,Estación Central,Metropolitana,995200007,COPEC VOLTEX,Copec Voltex,Tipo 2,AC,7.4,7,,1,1,NO DISPONIBLE,2026-09-01T18:56:23+00:00,2025-07-10T15:10:44.003591+00:00,2026-09-01T18:56:23+00:00,2026-09-01T20:38:10+00:00,1
1775,1120,558,IRVE - MALL ARAUCO ESTACION,Estación Central,Metropolitana,995200007,COPEC VOLTEX,Copec Voltex,Tipo 2,AC,7.4,7,,1,1,NO DISPONIBLE,2026-09-01T18:56:23+00:00,2025-07-10T15:10:44.040116+00:00,2026-09-01T18:56:23+00:00,2026-09-01T20:38:10+00:00,1
1776,1121,558,IRVE - MALL ARAUCO ESTACION,Estación Central,Metropolitana,995200007,COPEC VOLTEX,Copec Voltex,Tipo 2,AC,7.4,7,,1,1,NO DISPONIBLE,2026-09-01T18:56:23+00:00,2025-07-10T15:10:44.084405+00:00,2026-09-01T18:56:23+00:00,2026-09-01T20:38:10+00:00,1
1777,1122,558,IRVE - MALL ARAUCO ESTACION,Estación Central,Metropolitana,995200007,COPEC VOLTEX,Copec Voltex,Tipo 2,AC,7.4,7,,1,1,NO DISPONIBLE,2026-09-01T18:56:23+00:00,2025-07-10T15:10:44.123670+00:00,2026-09-01T18:56:23+00:00,2026-09-01T20:38:10+00:00,1
1778,1123,558,IRVE - MALL ARAUCO ESTACION,Estación Central,Metropolitana,995200007,COPEC VOLTEX,Copec Voltex,Tipo 2,AC,7.4,7,,1,1,NO DISPONIBLE,2026-09-01T18:56:23+00:00,2025-07-10T15:10:44.159666+00:00,2026-09-01T18:56:23+00:00,2026-09-01T20:38:10+00:00,1
1779,1124,558,IRVE - MALL ARAUCO ESTACION,Estación Central,Metropolitana,995200007,COPEC VOLTEX,Copec Voltex,Tipo 2,AC,7.4,7,,1,1,NO DISPONIBLE,2026-09-01T18:56:23+00:00,2025-07-10T15:10:44.195650+00:00,2026-09-01T18:56:23+00:00,2026-09-01T20:38:10+00:00,1
1780,1125,558,IRVE - MALL ARAUCO ESTACION,Estación Central,Metropolitana,995200007,COPEC VOLTEX,Copec Voltex,Tipo 2,AC,7.4,7,,1,1,NO DISPONIBLE,2026-09-01T18:56:23+00:00,2025-07-10T15:10:44.231768+00:00,2026-09-01T18:56:23+00:00,2026-09-01T20:38:10+00:00,1
1781,1126,558,IRVE - MALL ARAUCO ESTACION,Estación Central,Metropolitana,995200007,COPEC VOLTEX,Copec Voltex,Tipo 2,AC,7.4,7,,1,1,NO DISPONIBLE,2026-09-01T18:56:23+00:00,2025-07-10T15:10:44.263669+00:00,2026-09-01T18:56:23+00:00,2026-09-01T20:38:10+00:00,1
1782,1127,558,IRVE - MALL ARAUCO ESTACION,Estación Central,Metropolitana,995200007,COPEC VOLTEX,Copec Voltex,Tipo 2,AC,7.4,7,,1,1,NO DISPONIBLE,2026-09-01T18:56:23+00:00,2025-07-10T15:10:44.299636+00:00,2026-09-01T18:56:23+00:00,2026-09-01T20:38:10+00:00,1
1783,1128,558,IRVE - MALL ARAUCO ESTACION,Estación Central,Metropolitana,995200007,COPEC VOLTEX,Copec Voltex,Tipo 2,AC,7.4,7,,1,1,NO DISPONIBLE,2026-09-01T18:56:23+00:00,2025-07-10T15:10:44.339725+00:00,2026-09-01T18:56:23+00:00,2026-09-01T20:38:10+00:00,1
1784,1129,558,IRVE - MALL ARAUCO ESTACION,Estación Central,Metropolitana,995200007,COPEC VOLTEX,Copec Voltex,Tipo 2,AC,7.4,7,,1,1,NO DISPONIBLE,2026-09-01T18:56:23+00:00,2025-07-10T15:10:44.375694+00:00,2026-09-01T18:56:23+00:00,2026-09-01T20:38:10+00:00,1
1785,1130,558,IRVE - MALL ARAUCO ESTACION,Estación Central,Metropolitana,995200007,COPEC VOLTEX,Copec Voltex,Tipo 2,AC,7.4,7,,1,1,NO DISPONIBLE,2026-09-01T18:56:23+00:00,2025-07-10T15:10:44.414195+00:00,2026-09-01T18:56:23+00:00,2026-09-01T20:38:10+00:00,1
1786,1131,558,IRVE - MALL ARAUCO ESTACION,Estación Central,Metropolitana,995200007,COPEC VOLTEX,Copec Voltex,Tipo 2,AC,7.4,7,,1,1,NO DISPONIBLE,2026-09-01T18:56:23+00:00,2025-07-10T15:10:44.455823+00:00,2026-09-01T18:56:23+00:00,2026-09-01T20:38:10+00:00,1
1787,1132,558,IRVE - MALL ARAUCO ESTACION,Estación Central,Metropolitana,995200007,COPEC VOLTEX,Copec Voltex,Tipo 2,AC,7.4,7,,1,1,NO DISPONIBLE,2026-09-01T18:56:23+00:00,2025-07-10T15:10:44.495879+00:00,2026-09-01T18:56:23+00:00,2026-09-01T20:38:10+00:00,1
1788,1133,558,IRVE - MALL ARAUCO ESTACION,Estación Central,Metropolitana,995200007,COPEC VOLTEX,Copec Voltex,Tipo 2,AC,7.4,7,,1,1,NO DISPONIBLE,2026-09-01T18:56:23+00:00,2025-07-10T15:10:44.536579+00:00,2026-09-01T18:56:23+00:00,2026-09-01T20:38:10+00:00,1
1789,1134,558,IRVE - MALL ARAUCO ESTACION,Estación Central,Metropolitana,995200007,COPEC VOLTEX,Copec Voltex,Tipo 2,AC,7.4,7,,1,1,NO DISPONIBLE,2026-09-01T18:56:23+00:00,2025-07-10T15:10:44.577653+00:00,2026-09-01T18:56:23+00:00,2026-09-01T20:38:10+00:00,1
1790,1135,558,IRVE - MALL ARAUCO ESTACION,Estación Central,Metropolitana,995200007,COPEC VOLTEX,Copec Voltex,Tipo 2,AC,7.4,7,,1,1,NO DISPONIBLE,2026-09-01T18:56:23+00:00,2025-07-10T15:10:44.615602+00:00,2026-09-01T18:56:23+00:00,2026-09-01T20:38:10+00:00,1
1791,1136,558,IRVE - MALL ARAUCO ESTACION,Estación Central,Metropolitana,995200007,COPEC VOLTEX,Copec Voltex,Tipo 2,AC,7.4,7,,1,1,NO DISPONIBLE,2026-09-01T18:56:23+00:00,2025-07-10T15:10:44.669117+00:00,2026-09-01T18:56:23+00:00,2026-09-01T20:38:10+00:00,1
1792,1137,558,IRVE - MALL ARAUCO ESTACION,Estación Central,Metropolitana,995200007,COPEC VOLTEX,Copec Voltex,Tipo 2,AC,7.4,7,,1,1,NO DISPONIBLE,2026-09-01T18:56:23+00:00,2025-07-10T15:10:44.707756+00:00,2026-09-01T18:56:23+00:00,2026-09-01T20:38:10+00:00,1
1793,1138,558,IRVE - MALL ARAUCO ESTACION,Estación Central,Metropolitana,995200007,COPEC VOLTEX,Copec Voltex,Tipo 2,AC,7.4,7,,1,1,NO DISPONIBLE,2026-09-01T18:56:23+00:00,2025-07-10T15:10:44.753448+00:00,2026-09-01T18:56:23+00:00,2026-09-01T20:38:10+00:00,1
1794,1139,558,IRVE - MALL ARAUCO ESTACION,Estación Central,Metropolitana,995200007,COPEC VOLTEX,Copec Voltex,Tipo 2,AC,7.4,7,,1,1,NO DISPONIBLE,2026-09-01T18:56:23+00:00,2025-07-10T15:10:44.791628+00:00,2026-09-01T18:56:23+00:00,2026-09-01T20:38:10+00:00,1
1795,1140,558,IRVE - MALL ARAUCO ESTACION,Estación Central,Metropolitana,995200007,COPEC VOLTEX,Copec Voltex,Tipo 2,AC,7.4,7,,1,1,NO DISPONIBLE,2026-09-01T18:56:23+00:00,2025-07-10T15:10:44.839766+00:00,2026-09-01T18:56:23+00:00,2026-09-01T20:38:10+00:00,1
1796,1141,558,IRVE - MALL ARAUCO ESTACION,Estación Central,Metropolitana,995200007,COPEC VOLTEX,Copec Voltex,Tipo 2,AC,7.4,7,,1,1,NO DISPONIBLE,2026-09-01T18:56:23+00:00,2025-07-10T15:10:44.883668+00:00,2026-09-01T18:56:23+00:00,2026-09-01T20:38:10+00:00,1
1797,1142,558,IRVE - MALL ARAUCO ESTACION,Estación Central,Metropolitana,995200007,COPEC VOLTEX,Copec Voltex,Tipo 2,AC,7.4,7,,1,1,NO DISPONIBLE,2026-09-01T18:56:23+00:00,2025-07-10T15:10:44.930188+00:00,2026-09-01T18:56:23+00:00,2026-09-01T20:38:10+00:00,1
1798,1143,558,IRVE - MALL ARAUCO ESTACION,Estación Central,Metropolitana,995200007,COPEC VOLTEX,Copec Voltex,Tipo 2,AC,7.4,7,,1,1,NO DISPONIBLE,2026-09-01T18:56:23+00:00,2025-07-10T15:10:44.971642+00:00,2026-09-01T18:56:23+00:00,2026-09-01T20:38:10+00:00,1
1799,1144,558,IRVE - MALL ARAUCO ESTACION,Estación Central,Metropolitana,995200007,COPEC VOLTEX,Copec Voltex,Tipo 2,AC,7.4,7,,1,1,NO DISPONIBLE,2026-09-01T18:56:23+00:00,2025-07-10T15:10:45.031962+00:00,2026-09-01T18:56:23+00:00,2026-09-01T20:38:10+00:00,1
1800,1145,558,IRVE - MALL ARAUCO ESTACION,Estación Central,Metropolitana,995200007,COPEC VOLTEX,Copec Voltex,Tipo 2,AC,7.4,7,,1,1,NO DISPONIBLE,2026-09-01T18:56:23+00:00,2025-07-10T15:10:45.103057+00:00,2026-09-01T18:56:23+00:00,2026-09-01T20:38:10+00:00,1
1801,1146,558,IRVE - MALL ARAUCO ESTACION,Estación Central,Metropolitana,995200007,COPEC VOLTEX,Copec Voltex,Tipo 2,AC,7.4,7,,1,1,NO DISPONIBLE,2026-09-01T18:56:23+00:00,2025-07-10T15:10:45.138788+00:00,2026-09-01T18:56:23+00:00,2026-09-01T20:38:10+00:00,1
1802,1147,558,IRVE - MALL ARAUCO ESTACION,Estación Central,Metropolitana,995200007,COPEC VOLTEX,Copec Voltex,Tipo 2,AC,7.4,7,,1,1,NO DISPONIBLE,2026-09-01T18:56:23+00:00,2025-07-10T15:10:45.187615+00:00,2026-09-01T18:56:23+00:00,2026-09-01T20:38:10+00:00,1
1803,1148,558,IRVE - MALL ARAUCO ESTACION,Estación Central,Metropolitana,995200007,COPEC VOLTEX,Copec Voltex,Tipo 2,AC,7.4,7,,1,1,NO DISPONIBLE,2026-09-01T18:56:23+00:00,2025-07-10T15:10:45.243749+00:00,2026-09-01T18:56:23+00:00,2026-09-01T20:38:10+00:00,1
1804,1149,558,IRVE - MALL ARAUCO ESTACION,Estación Central,Metropolitana,995200007,COPEC VOLTEX,Copec Voltex,Tipo 2,AC,7.4,7,,1,1,NO DISPONIBLE,2026-09-01T18:56:23+00:00,2025-07-10T15:10:45.299888+00:00,2026-09-01T18:56:23+00:00,2026-09-01T20:38:10+00:00,1
1805,1150,558,IRVE - MALL ARAUCO ESTACION,Estación Central,Metropolitana,995200007,COPEC VOLTEX,Copec Voltex,Tipo 2,AC,7.4,7,,1,1,NO DISPONIBLE,2026-09-01T18:56:23+00:00,2025-07-10T15:10:45.371179+00:00,2026-09-01T18:56:23+00:00,2026-09-01T20:38:10+00:00,1
1815,1154,562,Enex E-Pro Shell Colina,Colina,Metropolitana,920110002,Enerlink Chile SpA,Enerlink,CCS 2,DC,120,(50-150],,0,0,DISPONIBLE,2026-09-01T18:56:23+00:00,2026-09-01T19:30:33.044046+00:00,2026-09-01T18:56:23+00:00,2026-09-01T20:38:10+00:00,1
1816,1154,562,Enex E-Pro Shell Colina,Colina,Metropolitana,920110002,Enerlink Chile SpA,Enerlink,Tipo 2,AC,22,(7-22],,0,0,DISPONIBLE,2026-09-01T18:56:23+00:00,2026-09-01T19:30:33.044046+00:00,2026-09-01T18:56:23+00:00,2026-09-01T20:38:10+00:00,1
1817,1154,562,Enex E-Pro Shell Colina,Colina,Metropolitana,920110002,Enerlink Chile SpA,Enerlink,CCS 2,DC,120,(50-150],,0,0,DISPONIBLE,2026-09-01T18:56:23+00:00,2026-09-01T19:30:33.044046+00:00,2026-09-01T18:56:23+00:00,2026-09-01T20:38:10+00:00,1
1818,1155,563,Enex E-Pro Shell Quilicura,Quilicura,Metropolitana,920110002,Enerlink Chile SpA,Enerlink,CCS 2,DC,120,(50-150],,0,0,DISPONIBLE,2026-09-01T20:12:55+00:00,2026-09-01T18:33:33.338788+00:00,2026-09-01T18:56:23+00:00,2026-09-01T20:38:10+00:00,1
1819,1155,563,Enex E-Pro Shell Quilicura,Quilicura,Metropolitana,920110002,Enerlink Chile SpA,Enerlink,Tipo 2,AC,22,(7-22],,0,0,DISPONIBLE,2026-09-01T18:56:23+00:00,2026-09-01T18:33:33.338788+00:00,2026-09-01T18:56:23+00:00,2026-09-01T20:38:10+00:00,1
1820,1155,563,Enex E-Pro Shell Quilicura,Quilicura,Metropolitana,920110002,Enerlink Chile SpA,Enerlink,CCS 2,DC,120,(50-150],,0,0,DISPONIBLE,2026-09-01T18:56:23+00:00,2026-09-01T18:33:33.338788+00:00,2026-09-01T18:56:23+00:00,2026-09-01T20:38:10+00:00,1
1821,1156,564,Punto de carga MPE,La Reina,Metropolitana,995200007,COPEC VOLTEX,Copec Voltex,Tipo 2,AC,7.4,7,CENTRO COMERCIAL,0,0,FUERA DE LINEA,2026-09-01T18:56:23+00:00,2026-08-28T18:24:43.983878+00:00,2026-09-01T18:56:23+00:00,2026-09-01T20:38:10+00:00,1
1822,1157,564,Punto de carga MPE,La Reina,Metropolitana,995200007,COPEC VOLTEX,Copec Voltex,Tipo 2,AC,7.4,7,CENTRO COMERCIAL,0,0,FUERA DE LINEA,2026-09-01T18:56:23+00:00,2026-08-28T18:24:44.049339+00:00,2026-09-01T18:56:23+00:00,2026-09-01T20:38:10+00:00,1
1823,1158,564,Punto de carga MPE,La Reina,Metropolitana,995200007,COPEC VOLTEX,Copec Voltex,Tipo 2,AC,7.4,7,CENTRO COMERCIAL,0,0,FUERA DE LINEA,2026-09-01T18:56:23+00:00,2026-08-28T18:24:44.089231+00:00,2026-09-01T18:56:23+00:00,2026-09-01T20:38:10+00:00,1
1824,1159,565,ELECTROLINIERA COPEC AVDA.ORIENTAL 5710,Penalolén,Metropolitana,995200007,COPEC VOLTEX,Copec Voltex,CCS 2,DC,180,150,ELECTROLINERA,0,0,DISPONIBLE,2026-09-01T18:56:23+00:00,2025-10-27T18:21:48.448982+00:00,2026-09-01T18:56:23+00:00,2026-09-01T20:38:10+00:00,1
1825,1159,565,ELECTROLINIERA COPEC AVDA.ORIENTAL 5710,Penalolén,Metropolitana,995200007,COPEC VOLTEX,Copec Voltex,Tipo 2,AC,22,(7-22],ELECTROLINERA,0,0,DISPONIBLE,2026-09-01T18:56:23+00:00,2025-10-27T18:21:48.448982+00:00,2026-09-01T18:56:23+00:00,2026-09-01T20:38:10+00:00,1
1826,1159,565,ELECTROLINIERA COPEC AVDA.ORIENTAL 5710,Penalolén,Metropolitana,995200007,COPEC VOLTEX,Copec Voltex,CCS 2,DC,180,150,ELECTROLINERA,0,0,OCUPADO,2026-09-01T18:56:23+00:00,2025-10-27T18:21:48.448982+00:00,2026-09-01T18:56:23+00:00,2026-09-01T20:38:10+00:00,1
1827,1160,566,Estacionamientos Manuel Montt,Providencia,Metropolitana,765661803,Estacionamientos Manuel Montt ,Estacionamientos Manuel Montt ,Tipo 2,AC,7.4,7,,0,0,FUERA DE LINEA,2026-09-01T18:56:23+00:00,2026-04-08T21:35:57.359777+00:00,2026-09-01T18:56:23+00:00,2026-09-01T20:38:10+00:00,1
1828,1160,566,Estacionamientos Manuel Montt,Providencia,Metropolitana,765661803,Estacionamientos Manuel Montt ,Estacionamientos Manuel Montt ,Tipo 2,AC,7.4,7,,0,0,FUERA DE LINEA,2026-09-01T18:56:23+00:00,2026-04-08T21:35:57.359777+00:00,2026-09-01T18:56:23+00:00,2026-09-01T20:38:10+00:00,1
1831,1161,566,Estacionamientos Manuel Montt,Providencia,Metropolitana,765661803,Estacionamientos Manuel Montt ,Estacionamientos Manuel Montt ,Tipo 2,AC,7.4,7,,0,0,FUERA DE LINEA,2026-09-01T18:56:23+00:00,2026-04-08T21:35:57.359777+00:00,2026-09-01T18:56:23+00:00,2026-09-01T20:38:10+00:00,1
1832,1161,566,Estacionamientos Manuel Montt,Providencia,Metropolitana,765661803,Estacionamientos Manuel Montt ,Estacionamientos Manuel Montt ,Tipo 2,AC,7.4,7,,0,0,FUERA DE LINEA,2026-09-01T18:56:23+00:00,2026-04-08T21:35:57.359777+00:00,2026-09-01T18:56:23+00:00,2026-09-01T20:38:10+00:00,1
1835,1162,567,PLAZA VALDIVIESO,San Joaquín,Metropolitana,995200007,COPEC VOLTEX,Copec Voltex,Tipo 2,AC,22,(7-22],PLAZA,0,0,FUERA DE LINEA,2026-09-01T18:56:23+00:00,2026-05-03T20:55:10.765294+00:00,2026-09-01T18:56:23+00:00,2026-09-01T20:38:10+00:00,1
1836,1162,567,PLAZA VALDIVIESO,San Joaquín,Metropolitana,995200007,COPEC VOLTEX,Copec Voltex,Tipo 2,AC,22,(7-22],PLAZA,0,0,FUERA DE LINEA,2026-09-01T18:56:23+00:00,2026-05-03T20:55:10.765294+00:00,2026-09-01T18:56:23+00:00,2026-09-01T20:38:10+00:00,1
1837,1163,567,PLAZA VALDIVIESO,San Joaquín,Metropolitana,995200007,COPEC VOLTEX,Copec Voltex,Tipo 2,AC,22,(7-22],PLAZA,0,0,DISPONIBLE,2026-09-01T18:56:23+00:00,2026-06-14T02:18:50.399436+00:00,2026-09-01T18:56:23+00:00,2026-09-01T20:38:10+00:00,1
1838,1163,567,PLAZA VALDIVIESO,San Joaquín,Metropolitana,995200007,COPEC VOLTEX,Copec Voltex,Tipo 2,AC,22,(7-22],PLAZA,0,0,DISPONIBLE,2026-09-01T18:56:23+00:00,2026-06-14T02:18:50.399436+00:00,2026-09-01T18:56:23+00:00,2026-09-01T20:38:10+00:00,1
1839,1164,568,DEL CONSISTORIAL,Cerro Navia,Metropolitana,995200007,COPEC VOLTEX,Copec Voltex,Tipo 2,AC,22,(7-22],CALLE,0,0,DISPONIBLE,2026-09-01T18:56:23+00:00,2026-08-17T07:04:29.069842+00:00,2026-09-01T18:56:23+00:00,2026-09-01T20:38:10+00:00,1
1840,1164,568,DEL CONSISTORIAL,Cerro Navia,Metropolitana,995200007,COPEC VOLTEX,Copec Voltex,Tipo 2,AC,22,(7-22],CALLE,0,0,DISPONIBLE,2026-09-01T18:56:23+00:00,2026-08-17T07:04:29.069842+00:00,2026-09-01T18:56:23+00:00,2026-09-01T20:38:10+00:00,1
1841,1165,569,SERAFIN ZAMORA,La Florida,Metropolitana,995200007,COPEC VOLTEX,Copec Voltex,Tipo 2,AC,22,(7-22],,0,0,FUERA DE LINEA,2026-09-01T18:56:23+00:00,2026-09-01T17:48:05.503584+00:00,2026-09-01T18:56:23+00:00,2026-09-01T20:38:10+00:00,1
1842,1165,569,SERAFIN ZAMORA,La Florida,Metropolitana,995200007,COPEC VOLTEX,Copec Voltex,Tipo 2,AC,22,(7-22],,0,0,DISPONIBLE,2026-09-01T18:56:23+00:00,2026-09-01T17:48:05.503584+00:00,2026-09-01T18:56:23+00:00,2026-09-01T20:38:10+00:00,1
1843,1166,570,CENTRO CIVICO LO PRADO,Lo Prado,Metropolitana,995200007,COPEC VOLTEX,Copec Voltex,Tipo 2,AC,22,(7-22],,0,0,DISPONIBLE,2026-09-01T18:56:23+00:00,2026-08-22T18:43:03.871426+00:00,2026-09-01T18:56:23+00:00,2026-09-01T20:38:10+00:00,1
1844,1166,570,CENTRO CIVICO LO PRADO,Lo Prado,Metropolitana,995200007,COPEC VOLTEX,Copec Voltex,Tipo 2,AC,22,(7-22],,0,0,DISPONIBLE,2026-09-01T18:56:23+00:00,2026-08-22T18:43:03.871426+00:00,2026-09-01T18:56:23+00:00,2026-09-01T20:38:10+00:00,1
1845,1167,571,José Manuel Balmaceda,Renca,Metropolitana,995200007,COPEC VOLTEX,Copec Voltex,Tipo 2,AC,22,(7-22],CALLE,0,0,DISPONIBLE,2026-09-01T18:56:23+00:00,2026-08-16T16:06:36.884230+00:00,2026-09-01T18:56:23+00:00,2026-09-01T20:38:10+00:00,1
1846,1167,571,José Manuel Balmaceda,Renca,Metropolitana,995200007,COPEC VOLTEX,Copec Voltex,Tipo 2,AC,22,(7-22],CALLE,0,0,DISPONIBLE,2026-09-01T18:56:23+00:00,2026-08-16T16:06:36.884230+00:00,2026-09-01T18:56:23+00:00,2026-09-01T20:38:10+00:00,1
1847,1168,572,Punto de carga MPD,Las Condes,Metropolitana,995200007,COPEC VOLTEX,Copec Voltex,Tipo 2,AC,7.4,7,CENTRO COMERCIAL,0,0,OCUPADO,2026-09-01T20:12:55+00:00,2026-09-01T19:23:08.123876+00:00,2026-09-01T18:56:23+00:00,2026-09-01T20:38:10+00:00,1
1848,1169,572,Punto de carga MPD,Las Condes,Metropolitana,995200007,COPEC VOLTEX,Copec Voltex,Tipo 2,AC,7.4,7,CENTRO COMERCIAL,0,0,DISPONIBLE,2026-09-01T18:56:23+00:00,2026-09-01T19:23:51.323600+00:00,2026-09-01T18:56:23+00:00,2026-09-01T20:38:10+00:00,1
1849,1170,572,Punto de carga MPD,Las Condes,Metropolitana,995200007,COPEC VOLTEX,Copec Voltex,Tipo 2,AC,7.4,7,CENTRO COMERCIAL,0,0,DISPONIBLE,2026-09-01T20:12:55+00:00,2026-09-01T19:52:03.935643+00:00,2026-09-01T18:56:23+00:00,2026-09-01T20:38:10+00:00,1
1850,1171,572,Punto de carga MPD,Las Condes,Metropolitana,995200007,COPEC VOLTEX,Copec Voltex,Tipo 2,AC,7.4,7,CENTRO COMERCIAL,0,0,OCUPADO,2026-09-01T18:56:23+00:00,2026-09-01T18:49:29.150108+00:00,2026-09-01T18:56:23+00:00,2026-09-01T20:38:10+00:00,1
1851,1172,573,COPEC VOLTEX SERV P350C MALL OPEN KENNEDY,Las Condes,Metropolitana,995200007,COPEC VOLTEX,Copec Voltex,Tipo 2,AC,7.4,7,CENTRO COMERCIAL,0,0,DISPONIBLE,2026-09-01T20:12:55+00:00,2026-09-01T18:58:32.052049+00:00,2026-09-01T18:56:23+00:00,2026-09-01T20:38:10+00:00,1
1852,1172,573,COPEC VOLTEX SERV P350C MALL OPEN KENNEDY,Las Condes,Metropolitana,995200007,COPEC VOLTEX,Copec Voltex,Tipo 2,AC,7.4,7,CENTRO COMERCIAL,0,0,DISPONIBLE,2026-09-01T18:56:23+00:00,2026-09-01T18:58:32.052049+00:00,2026-09-01T18:56:23+00:00,2026-09-01T20:38:10+00:00,1
1853,1173,573,COPEC VOLTEX SERV P350C MALL OPEN KENNEDY,Las Condes,Metropolitana,995200007,COPEC VOLTEX,Copec Voltex,Tipo 2,AC,7.4,7,CENTRO COMERCIAL,0,0,OCUPADO,2026-09-01T18:56:23+00:00,2026-09-01T18:10:00.780395+00:00,2026-09-01T18:56:23+00:00,2026-09-01T20:38:10+00:00,1
1854,1173,573,COPEC VOLTEX SERV P350C MALL OPEN KENNEDY,Las Condes,Metropolitana,995200007,COPEC VOLTEX,Copec Voltex,Tipo 2,AC,7.4,7,CENTRO COMERCIAL,0,0,DISPONIBLE,2026-09-01T18:56:23+00:00,2026-09-01T18:10:00.780395+00:00,2026-09-01T18:56:23+00:00,2026-09-01T20:38:10+00:00,1
1855,1174,573,COPEC VOLTEX SERV P350C MALL OPEN KENNEDY,Las Condes,Metropolitana,995200007,COPEC VOLTEX,Copec Voltex,Tipo 2,AC,7.4,7,CENTRO COMERCIAL,0,0,DISPONIBLE,2026-09-01T18:56:23+00:00,2026-08-31T23:27:34.431617+00:00,2026-09-01T18:56:23+00:00,2026-09-01T20:38:10+00:00,1
1856,1174,573,COPEC VOLTEX SERV P350C MALL OPEN KENNEDY,Las Condes,Metropolitana,995200007,COPEC VOLTEX,Copec Voltex,Tipo 2,AC,7.4,7,CENTRO COMERCIAL,0,0,DISPONIBLE,2026-09-01T18:56:23+00:00,2026-08-31T23:27:34.431617+00:00,2026-09-01T18:56:23+00:00,2026-09-01T20:38:10+00:00,1
1884,1184,583,Enex E-Pro Shell Huechuraba,Huechuraba,Metropolitana,920110002,Enerlink Chile SpA,Enerlink,CCS 2,DC,120,(50-150],,0,0,NO DISPONIBLE,2026-09-01T18:56:23+00:00,2026-09-01T01:52:02.935001+00:00,2026-09-01T18:56:23+00:00,2026-09-01T20:38:10+00:00,1
1885,1184,583,Enex E-Pro Shell Huechuraba,Huechuraba,Metropolitana,920110002,Enerlink Chile SpA,Enerlink,Tipo 2,AC,22,(7-22],,0,0,DISPONIBLE,2026-09-01T18:56:23+00:00,2026-09-01T01:52:02.935001+00:00,2026-09-01T18:56:23+00:00,2026-09-01T20:38:10+00:00,1
1886,1184,583,Enex E-Pro Shell Huechuraba,Huechuraba,Metropolitana,920110002,Enerlink Chile SpA,Enerlink,CCS 2,DC,120,(50-150],,0,0,OCUPADO,2026-09-01T20:38:10+00:00,2026-09-01T01:52:02.935001+00:00,2026-09-01T18:56:23+00:00,2026-09-01T20:38:10+00:00,1
1887,1185,584,SAVE VOLTEX EDS 10104 ARICA,Arica,Arica y Parinacota,995200007,COPEC VOLTEX,Copec Voltex,CCS 2,DC,60,(50-150],,0,0,FUERA DE LINEA,2026-09-01T18:56:23+00:00,2026-08-31T19:45:31.131689+00:00,2026-09-01T18:56:23+00:00,2026-09-01T20:38:10+00:00,1
1888,1185,584,SAVE VOLTEX EDS 10104 ARICA,Arica,Arica y Parinacota,995200007,COPEC VOLTEX,Copec Voltex,CCS 2,DC,60,(50-150],,0,0,FUERA DE LINEA,2026-09-01T18:56:23+00:00,2026-08-31T19:45:31.131689+00:00,2026-09-01T18:56:23+00:00,2026-09-01T20:38:10+00:00,1
1982,1208,609,Cargador Gasco Carrascal,Quinta Normal,Metropolitana,965687408,Enerlink Chile SpA,Enerlink,CCS 2,DC,60,(50-150],ELECTROLINERA,0,0,DISPONIBLE,2026-09-01T18:56:23+00:00,2026-09-01T18:02:54.930097+00:00,2026-09-01T18:56:23+00:00,2026-09-01T20:38:10+00:00,1
1983,1208,609,Cargador Gasco Carrascal,Quinta Normal,Metropolitana,965687408,Enerlink Chile SpA,Enerlink,GB/T DC,DC,60,(50-150],ELECTROLINERA,0,0,DISPONIBLE,2026-09-01T20:38:10+00:00,2026-09-01T18:02:54.930097+00:00,2026-09-01T18:56:23+00:00,2026-09-01T20:38:10+00:00,1
2117,1227,636,SAVE VOLTEX IQUIQUE,Iquique,Tarapacá,995200007,COPEC VOLTEX,Copec Voltex,CCS 2,DC,120,(50-150],,0,0,DISPONIBLE,2026-09-01T18:56:23+00:00,2026-09-01T14:42:44.321659+00:00,2026-09-01T18:56:23+00:00,2026-09-01T20:38:10+00:00,1
2118,1227,636,SAVE VOLTEX IQUIQUE,Iquique,Tarapacá,995200007,COPEC VOLTEX,Copec Voltex,CCS 2,DC,120,(50-150],,0,0,DISPONIBLE,2026-09-01T18:56:23+00:00,2026-09-01T14:42:44.321659+00:00,2026-09-01T18:56:23+00:00,2026-09-01T20:38:10+00:00,1
2121,380,259,Enex E-Pro Shell Huentelauquén,Canela,Coquimbo,920110002,Enerlink Chile SpA,Enerlink,CCS 2,DC,50,(22-50],,0,0,FUERA DE LINEA,2026-09-01T18:56:23+00:00,2026-02-06T16:01:50.135662+00:00,2026-09-01T18:56:23+00:00,2026-09-01T20:38:10+00:00,1
2296,1265,674,COPEC VOLTEX EDS 10027 - MEJILLONES,Mejillones,Antofagasta,995200007,COPEC VOLTEX,Copec Voltex,Tipo 2,AC,22,(7-22],,0,0,FUERA DE LINEA,2026-09-01T18:56:23+00:00,2026-09-01T18:55:35.587698+00:00,2026-09-01T18:56:23+00:00,2026-09-01T20:38:10+00:00,1
2297,1265,674,COPEC VOLTEX EDS 10027 - MEJILLONES,Mejillones,Antofagasta,995200007,COPEC VOLTEX,Copec Voltex,CHAdeMO,DC,50,(22-50],,0,0,DISPONIBLE,2026-09-01T18:56:23+00:00,2026-09-01T18:55:35.587698+00:00,2026-09-01T18:56:23+00:00,2026-09-01T20:38:10+00:00,1
2298,1265,674,COPEC VOLTEX EDS 10027 - MEJILLONES,Mejillones,Antofagasta,995200007,COPEC VOLTEX,Copec Voltex,CCS 2,DC,50,(22-50],,0,0,DISPONIBLE,2026-09-01T18:56:23+00:00,2026-09-01T18:55:35.587698+00:00,2026-09-01T18:56:23+00:00,2026-09-01T20:38:10+00:00,1
2299,1266,675,Proyecto EV Curicó,Curicó,Maule,768348278,Enerlink Chile SpA,Enerlink,Tipo 2,AC,7.04,7,CENTRO COMERCIAL,0,0,OCUPADO,2026-09-01T20:17:59+00:00,2026-09-01T20:13:05.876788+00:00,2026-09-01T18:56:23+00:00,2026-09-01T20:38:10+00:00,1
2300,1267,675,Proyecto EV Curicó,Curicó,Maule,768348278,Enerlink Chile SpA,Enerlink,Tipo 2,AC,7.04,7,CENTRO COMERCIAL,0,0,DISPONIBLE,2026-09-01T18:56:23+00:00,2026-09-01T11:00:46.146500+00:00,2026-09-01T18:56:23+00:00,2026-09-01T20:38:10+00:00,1
2301,1268,675,Proyecto EV Curicó,Curicó,Maule,768348278,Enerlink Chile SpA,Enerlink,Tipo 2,AC,7.04,7,CENTRO COMERCIAL,0,0,DISPONIBLE,2026-09-01T18:56:23+00:00,2026-08-31T13:44:47.634433+00:00,2026-09-01T18:56:23+00:00,2026-09-01T20:38:10+00:00,1
2302,1269,675,Proyecto EV Curicó,Curicó,Maule,768348278,Enerlink Chile SpA,Enerlink,Tipo 2,AC,7.04,7,CENTRO COMERCIAL,0,0,OCUPADO,2026-09-01T20:12:55+00:00,2026-09-01T20:03:16.216861+00:00,2026-09-01T18:56:23+00:00,2026-09-01T20:38:10+00:00,1
2303,1270,675,Proyecto EV Curicó,Curicó,Maule,768348278,Enerlink Chile SpA,Enerlink,Tipo 2,AC,7.04,7,CENTRO COMERCIAL,0,0,DISPONIBLE,2026-09-01T20:12:55+00:00,2026-09-01T19:28:12.136855+00:00,2026-09-01T18:56:23+00:00,2026-09-01T20:38:10+00:00,1
2304,1271,675,Proyecto EV Curicó,Curicó,Maule,768348278,Enerlink Chile SpA,Enerlink,Tipo 2,AC,7.04,7,CENTRO COMERCIAL,0,0,DISPONIBLE,2026-09-01T18:56:23+00:00,2026-09-01T14:11:01.247540+00:00,2026-09-01T18:56:23+00:00,2026-09-01T20:38:10+00:00,1
2305,1272,675,Proyecto EV Curicó,Curicó,Maule,768348278,Enerlink Chile SpA,Enerlink,Tipo 2,AC,7.04,7,CENTRO COMERCIAL,0,0,DISPONIBLE,2026-09-01T18:56:23+00:00,2026-09-01T13:51:08.333422+00:00,2026-09-01T18:56:23+00:00,2026-09-01T20:38:10+00:00,1
2306,1273,675,Proyecto EV Curicó,Curicó,Maule,768348278,Enerlink Chile SpA,Enerlink,Tipo 2,AC,7.04,7,CENTRO COMERCIAL,0,0,DISPONIBLE,2026-09-01T18:56:23+00:00,2026-09-01T13:56:17.496503+00:00,2026-09-01T18:56:23+00:00,2026-09-01T20:38:10+00:00,1
2307,1274,675,Proyecto EV Curicó,Curicó,Maule,768348278,Enerlink Chile SpA,Enerlink,Tipo 2,AC,7.04,7,CENTRO COMERCIAL,0,0,DISPONIBLE,2026-09-01T18:56:23+00:00,2026-09-01T13:55:59.642768+00:00,2026-09-01T18:56:23+00:00,2026-09-01T20:38:10+00:00,1
2308,1275,676,SAVE Club de Golf Valle Escondido,Lo Barnechea,Metropolitana,745014003,Club de Golf Valle Escondido,Club de Golf Valle Escondido,Tipo 2,AC,7.4,7,,1,1,FUERA DE LINEA,2026-09-01T18:56:23+00:00,2026-08-14T13:44:50.251204+00:00,2026-09-01T18:56:23+00:00,2026-09-01T20:38:10+00:00,1
2311,209,157,COPEC SAN RAMON - LAS CONDES,Las Condes,Metropolitana,995200007,COPEC VOLTEX,Copec Voltex,Tipo 2,AC,22,(7-22],,0,0,DISPONIBLE,2026-09-01T18:56:23+00:00,2026-09-01T16:57:47.298506+00:00,2026-09-01T18:56:23+00:00,2026-09-01T20:38:10+00:00,1
2312,209,157,COPEC SAN RAMON - LAS CONDES,Las Condes,Metropolitana,995200007,COPEC VOLTEX,Copec Voltex,Tipo 2,AC,22,(7-22],,0,0,DISPONIBLE,2026-09-01T18:56:23+00:00,2026-09-01T16:57:47.298506+00:00,2026-09-01T18:56:23+00:00,2026-09-01T20:38:10+00:00,1
2343,356,242,Cargador Urbano San Pablo,Pudahuel,Metropolitana,995200007,COPEC VOLTEX,Copec Voltex,Tipo 2,AC,22,(7-22],,0,0,DISPONIBLE,2026-09-01T18:56:23+00:00,2026-08-29T11:53:43.608137+00:00,2026-09-01T18:56:23+00:00,2026-09-01T20:38:10+00:00,1
2344,452,310,SAVE MOVICENTER,Huechuraba,Metropolitana,995200007,COPEC VOLTEX,Copec Voltex,Tipo 2,AC,22,(7-22],OTRO,0,0,FUERA DE LINEA,2026-09-01T18:56:23+00:00,2026-08-26T03:41:12.481160+00:00,2026-09-01T18:56:23+00:00,2026-09-01T20:38:10+00:00,1
2432,743,390,SAVE VOLTEX 40609 VIÑA DEL MAR,Vina del Mar,Valparaíso,995200007,COPEC VOLTEX,Copec Voltex,CCS 2,DC,120,(50-150],,0,0,DISPONIBLE,2026-09-01T18:56:23+00:00,2026-09-01T18:11:46.829199+00:00,2026-09-01T18:56:23+00:00,2026-09-01T20:38:10+00:00,1
2433,743,390,SAVE VOLTEX 40609 VIÑA DEL MAR,Vina del Mar,Valparaíso,995200007,COPEC VOLTEX,Copec Voltex,CHAdeMO,DC,100,(50-150],,0,0,DISPONIBLE,2026-09-01T18:56:23+00:00,2026-09-01T18:11:46.829199+00:00,2026-09-01T18:56:23+00:00,2026-09-01T20:38:10+00:00,1
2434,733,382,SAVE VOLTEX  20622 PUNTA ARENAS,Punta Arenas,Magallanes y de la Antartica Chilena,995200007,COPEC VOLTEX,Copec Voltex,CCS 2,DC,180,150,,0,0,DISPONIBLE,2026-09-01T18:56:23+00:00,2026-08-31T00:36:39.296444+00:00,2026-09-01T18:56:23+00:00,2026-09-01T20:38:10+00:00,1
2435,735,384,ELECTROLINERA COPEC PUERTO MONTT PANAMERICANA 200,Puerto Montt,Los Lagos,995200007,COPEC VOLTEX,Copec Voltex,CCS 2,DC,180,150,,0,0,DISPONIBLE,2026-09-01T18:56:23+00:00,2026-09-01T19:57:34.363815+00:00,2026-09-01T18:56:23+00:00,2026-09-01T20:38:10+00:00,1
2436,739,387,COPEC VOLTEX CASTRO EDS 20507 - RUTA 5 SUR KM 1170,Castro,Los Lagos,995200007,COPEC VOLTEX,Copec Voltex,CCS 2,DC,180,150,,0,0,DISPONIBLE,2026-09-01T18:56:23+00:00,2026-09-01T17:14:07.350948+00:00,2026-09-01T18:56:23+00:00,2026-09-01T20:38:10+00:00,1
2437,740,388,COPEC CALLE 2 NORTE 2310 TALCA EDS 20431,Talca,Maule,995200007,COPEC VOLTEX,Copec Voltex,CCS 2,DC,180,150,,0,0,DISPONIBLE,2026-09-01T20:12:55+00:00,2026-09-01T20:25:42.286397+00:00,2026-09-01T18:56:23+00:00,2026-09-01T20:38:10+00:00,1
2438,736,385,ELECTROLINERA COPEC OSORNO RENE SORIANO 2335 ,Osorno,Los Lagos,995200007,COPEC VOLTEX,Copec Voltex,CCS 2,DC,120,(50-150],,0,0,OCUPADO,2026-09-01T20:23:01+00:00,2026-09-01T20:18:41.054807+00:00,2026-09-01T18:56:23+00:00,2026-09-01T20:38:10+00:00,1
2468,63,60,Plaza Felix Margoz-Cerrillo,Cerrillos,Metropolitana,995200007,COPEC VOLTEX,Copec Voltex,Tipo 2,AC,22,(7-22],,0,0,DISPONIBLE,2026-09-01T18:56:23+00:00,2026-08-28T15:29:59.271901+00:00,2026-09-01T18:56:23+00:00,2026-09-01T20:38:10+00:00,1
2469,63,60,Plaza Felix Margoz-Cerrillo,Cerrillos,Metropolitana,995200007,COPEC VOLTEX,Copec Voltex,Tipo 2,AC,22,(7-22],,0,0,DISPONIBLE,2026-09-01T18:56:23+00:00,2026-08-28T15:29:59.271901+00:00,2026-09-01T18:56:23+00:00,2026-09-01T20:38:10+00:00,1
2470,65,62,Plaza Carlos Ossandón,La Reina,Metropolitana,995200007,COPEC VOLTEX,Copec Voltex,Tipo 2,AC,22,(7-22],,0,0,FUERA DE LINEA,2026-09-01T18:56:23+00:00,2026-09-01T14:42:30.355753+00:00,2026-09-01T18:56:23+00:00,2026-09-01T20:38:10+00:00,1
2471,65,62,Plaza Carlos Ossandón,La Reina,Metropolitana,995200007,COPEC VOLTEX,Copec Voltex,Tipo 2,AC,22,(7-22],,0,0,FUERA DE LINEA,2026-09-01T18:56:23+00:00,2026-09-01T14:42:30.355753+00:00,2026-09-01T18:56:23+00:00,2026-09-01T20:38:10+00:00,1
2472,64,61,Estacionamiento Unimarc -La Reina,La Reina,Metropolitana,995200007,COPEC VOLTEX,Copec Voltex,Tipo 2,AC,22,(7-22],,1,1,NO DISPONIBLE,2026-09-01T18:56:23+00:00,2026-01-14T17:08:35.730617+00:00,2026-09-01T18:56:23+00:00,2026-09-01T20:38:10+00:00,1
2473,64,61,Estacionamiento Unimarc -La Reina,La Reina,Metropolitana,995200007,COPEC VOLTEX,Copec Voltex,Tipo 2,AC,22,(7-22],,1,1,NO DISPONIBLE,2026-09-01T18:56:23+00:00,2026-01-14T17:08:35.730617+00:00,2026-09-01T18:56:23+00:00,2026-09-01T20:38:10+00:00,1
2497,1314,711,ELECTROMOVILIDAD  EMELCA CASABLANCA,Casablanca,Valparaíso,815774000,Empresa Eléctrica de Casablanca S.A,Empresa Eléctrica de Casablanca S.A,Tipo 2,AC,22,(7-22],CALLE,0,0,DISPONIBLE,2026-09-01T18:56:23+00:00,2026-08-28T16:36:24.607692+00:00,2026-09-01T18:56:23+00:00,2026-09-01T20:38:10+00:00,1
2498,1314,711,ELECTROMOVILIDAD  EMELCA CASABLANCA,Casablanca,Valparaíso,815774000,Empresa Eléctrica de Casablanca S.A,Empresa Eléctrica de Casablanca S.A,Tipo 2,AC,22,(7-22],CALLE,0,0,DISPONIBLE,2026-09-01T18:56:23+00:00,2026-08-28T16:36:24.607692+00:00,2026-09-01T18:56:23+00:00,2026-09-01T20:38:10+00:00,1
2505,1315,714,Enel X - Hotel W,Las Condes,Metropolitana,777415484,ENEL X,Enel,Tipo 2,AC,22,(7-22],CENTRO COMERCIAL,0,0,DISPONIBLE,2026-09-01T18:56:23+00:00,2026-09-01T04:09:35.106612+00:00,2026-09-01T18:56:23+00:00,2026-09-01T20:38:10+00:00,1
2506,1316,714,Enel X - Hotel W,Las Condes,Metropolitana,777415484,ENEL X,Enel,Tipo 2,AC,22,(7-22],CENTRO COMERCIAL,0,0,OCUPADO,2026-09-01T18:56:23+00:00,2026-09-01T19:40:03.592801+00:00,2026-09-01T18:56:23+00:00,2026-09-01T20:38:10+00:00,1
2942,83,77,PUNTO DE RECARGA DOBLE ABB,Huechuraba,Metropolitana,995200007,COPEC VOLTEX,Copec Voltex,Tipo 2,AC,7.4,7,,0,0,NO DISPONIBLE,2026-09-01T18:56:23+00:00,2026-09-01T13:41:38.356814+00:00,2026-09-01T18:56:23+00:00,2026-09-01T20:38:10+00:00,1
2943,84,77,PUNTO DE RECARGA DOBLE ABB,Huechuraba,Metropolitana,995200007,COPEC VOLTEX,Copec Voltex,Tipo 2,AC,7.4,7,,0,0,NO DISPONIBLE,2026-09-01T18:56:23+00:00,2026-09-01T18:06:08.684046+00:00,2026-09-01T18:56:23+00:00,2026-09-01T20:38:10+00:00,1
2944,88,79,COPEC VOLTEX - MALL PLAZA ANTOFAGASTA,Antofagasta,Antofagasta,995200007,COPEC VOLTEX,Copec Voltex,Tipo 2,AC,7.4,7,CENTRO COMERCIAL,1,1,NO DISPONIBLE,2026-09-01T18:56:23+00:00,2025-09-08T12:54:37.874550+00:00,2026-09-01T18:56:23+00:00,2026-09-01T20:38:10+00:00,1
2945,100,87,PUNTO DE CARGA DOBLE ABB MPOE,Cerrillos,Metropolitana,995200007,COPEC VOLTEX,Copec Voltex,Tipo 2,AC,7.4,7,,0,0,NO DISPONIBLE,2026-09-01T18:56:23+00:00,2026-09-01T20:23:42.932165+00:00,2026-09-01T18:56:23+00:00,2026-09-01T20:38:10+00:00,1
2946,99,87,PUNTO DE CARGA DOBLE ABB MPOE,Cerrillos,Metropolitana,995200007,COPEC VOLTEX,Copec Voltex,Tipo 2,AC,7.4,7,,0,0,NO DISPONIBLE,2026-09-01T18:56:23+00:00,2026-07-18T15:08:10.698970+00:00,2026-09-01T18:56:23+00:00,2026-09-01T20:38:10+00:00,1
2947,176,129,COPEC VOLTEX -  MALL PLAZA CALAMA ,Calama,Antofagasta,995200007,COPEC VOLTEX,Copec Voltex,Tipo 2,AC,7.4,7,CENTRO COMERCIAL,0,0,NO DISPONIBLE,2026-09-01T18:56:23+00:00,2026-04-20T19:57:06.209052+00:00,2026-09-01T18:56:23+00:00,2026-09-01T20:38:10+00:00,1
2948,187,139,COPEC VOLTEX - MALL PLAZA TOBALABA,Puente Alto,Metropolitana,995200007,COPEC VOLTEX,Copec Voltex,Tipo 2,AC,7.4,7,CENTRO COMERCIAL,0,0,NO DISPONIBLE,2026-09-01T18:56:23+00:00,2026-08-29T19:17:22.690713+00:00,2026-09-01T18:56:23+00:00,2026-09-01T20:38:10+00:00,1
2949,192,143,COPEC VOLTEX - MALL PLAZA ARICA,Arica,Arica y Parinacota,995200007,COPEC VOLTEX,Copec Voltex,Tipo 2,AC,7.4,7,CENTRO COMERCIAL,0,0,NO DISPONIBLE,2026-09-01T18:56:23+00:00,2026-02-27T19:56:58.024808+00:00,2026-09-01T18:56:23+00:00,2026-09-01T20:38:10+00:00,1
2950,200,150,ESTACIÓN DE CARGA PARA VEHÍCULOS PLAZA ALAMEDA,Estación Central,Metropolitana,995200007,COPEC VOLTEX,Copec Voltex,Tipo 2,AC,7.4,7,CENTRO COMERCIAL,0,0,NO DISPONIBLE,2026-09-01T18:56:23+00:00,2026-08-31T13:09:26.843352+00:00,2026-09-01T18:56:23+00:00,2026-09-01T20:38:10+00:00,1
3097,1444,835,Enel X - Mall Sport,Las Condes,Metropolitana,777415484,ENEL X,Enel,Tipo 2,AC,22,(7-22],CENTRO COMERCIAL,0,0,DISPONIBLE,2026-09-01T18:56:23+00:00,2026-09-01T02:08:16.403884+00:00,2026-09-01T18:56:23+00:00,2026-09-01T20:38:10+00:00,1
3098,1445,835,Enel X - Mall Sport,Las Condes,Metropolitana,777415484,ENEL X,Enel,Tipo 2,AC,22,(7-22],CENTRO COMERCIAL,0,0,DISPONIBLE,2026-09-01T18:56:23+00:00,2026-09-01T16:06:58.015180+00:00,2026-09-01T18:56:23+00:00,2026-09-01T20:38:10+00:00,1
3157,1460,848,Enel X - EDS ARAMCO Vitacura ,Vitacura,Metropolitana,777415484,ENEL X,Enel,CCS 2,DC,60,(50-150],OTRO,0,0,DISPONIBLE,2026-09-01T20:12:55+00:00,2026-09-01T20:31:54.829917+00:00,2026-09-01T18:56:23+00:00,2026-09-01T20:38:10+00:00,1
3158,1460,848,Enel X - EDS ARAMCO Vitacura ,Vitacura,Metropolitana,777415484,ENEL X,Enel,CCS 2,DC,60,(50-150],OTRO,0,0,DISPONIBLE,2026-09-01T20:33:07+00:00,2026-09-01T20:31:54.829917+00:00,2026-09-01T18:56:23+00:00,2026-09-01T20:38:10+00:00,1
3217,1475,861,COPEC VOLTEX EDS 60312 - RUTA 68,Pudahuel,Metropolitana,995200007,COPEC VOLTEX,Copec Voltex,CCS 2,DC,180,150,ELECTROLINERA,0,0,OCUPADO,2026-09-01T18:56:23+00:00,2026-09-01T20:16:30.176959+00:00,2026-09-01T18:56:23+00:00,2026-09-01T20:38:10+00:00,1
3218,1475,861,COPEC VOLTEX EDS 60312 - RUTA 68,Pudahuel,Metropolitana,995200007,COPEC VOLTEX,Copec Voltex,CCS 2,DC,180,150,ELECTROLINERA,0,0,DISPONIBLE,2026-09-01T18:56:23+00:00,2026-09-01T20:16:30.176959+00:00,2026-09-01T18:56:23+00:00,2026-09-01T20:38:10+00:00,1
3219,1475,861,COPEC VOLTEX EDS 60312 - RUTA 68,Pudahuel,Metropolitana,995200007,COPEC VOLTEX,Copec Voltex,CCS 2,DC,180,150,ELECTROLINERA,0,0,OCUPADO,2026-09-01T20:12:55+00:00,2026-09-01T20:16:30.176959+00:00,2026-09-01T18:56:23+00:00,2026-09-01T20:38:10+00:00,1
3220,1475,861,COPEC VOLTEX EDS 60312 - RUTA 68,Pudahuel,Metropolitana,995200007,COPEC VOLTEX,Copec Voltex,CCS 2,DC,180,150,ELECTROLINERA,0,0,OCUPADO,2026-09-01T20:12:55+00:00,2026-09-01T20:16:30.176959+00:00,2026-09-01T18:56:23+00:00,2026-09-01T20:38:10+00:00,1
3606,1578,948,S.A.V.E. VOLTEX MALL PLAZA IQUIQUE,Iquique,Tarapacá,995200007,COPEC VOLTEX,Copec Voltex,Tipo 2,AC,7.4,7,,0,0,FUERA DE LINEA,2026-09-01T18:56:23+00:00,2026-08-31T19:44:45.957779+00:00,2026-09-01T18:56:23+00:00,2026-09-01T20:38:10+00:00,1
3607,1579,948,S.A.V.E. VOLTEX MALL PLAZA IQUIQUE,Iquique,Tarapacá,995200007,COPEC VOLTEX,Copec Voltex,Tipo 2,AC,7.4,7,,0,0,FUERA DE LINEA,2026-09-01T18:56:23+00:00,2026-08-31T19:44:45.977579+00:00,2026-09-01T18:56:23+00:00,2026-09-01T20:38:10+00:00,1
3608,1580,948,S.A.V.E. VOLTEX MALL PLAZA IQUIQUE,Iquique,Tarapacá,995200007,COPEC VOLTEX,Copec Voltex,Tipo 2,AC,7.4,7,,0,0,FUERA DE LINEA,2026-09-01T18:56:23+00:00,2026-08-31T19:44:45.988239+00:00,2026-09-01T18:56:23+00:00,2026-09-01T20:38:10+00:00,1
4025,975,492,COPEC VOLTEX  - EDS 20830 - COYHAIQUE,Coyhaique,Aysén del General Carlos Ibáñez del Campo,995200007,COPEC VOLTEX,Copec Voltex,CCS 2,DC,180,150,,0,0,DISPONIBLE,2026-09-01T20:17:59+00:00,2026-09-01T20:12:41.923761+00:00,2026-09-01T18:56:23+00:00,2026-09-01T20:38:10+00:00,1
4206,1767,1105,SAVE - WALMART CHILE S.A.,Quilicura,Metropolitana,76042014k,WALMART CHILE S.A,WALMART CHILE S.A,Tipo 2,AC,7.4,7,,1,1,FUERA DE LINEA,2026-09-01T18:56:23+00:00,2026-04-22T21:12:29.015482+00:00,2026-09-01T18:56:23+00:00,2026-09-01T20:38:10+00:00,1
4242,1781,1113,Cargador Intervial Angostura,Paine,Metropolitana,777415484,ENEL X,Enel,CCS 2,DC,60,(50-150],OTRO,0,0,FUERA DE LINEA,2026-09-01T18:56:23+00:00,2026-08-19T21:19:31.401577+00:00,2026-09-01T18:56:23+00:00,2026-09-01T20:38:10+00:00,1
4243,1781,1113,Cargador Intervial Angostura,Paine,Metropolitana,777415484,ENEL X,Enel,CCS 2,DC,60,(50-150],OTRO,0,0,FUERA DE LINEA,2026-09-01T18:56:23+00:00,2026-08-19T21:19:31.401577+00:00,2026-09-01T18:56:23+00:00,2026-09-01T20:38:10+00:00,1
4574,1870,1191,Punto de carga MPV,La Florida,Metropolitana,995200007,COPEC VOLTEX,Copec Voltex,Tipo 2,AC,7.4,7,CENTRO COMERCIAL,0,0,FUERA DE LINEA,2026-09-01T18:56:23+00:00,2026-08-31T19:49:26.117591+00:00,2026-09-01T18:56:23+00:00,2026-09-01T20:38:10+00:00,1
4575,1871,1191,Punto de carga MPV,La Florida,Metropolitana,995200007,COPEC VOLTEX,Copec Voltex,Tipo 2,AC,7.4,7,CENTRO COMERCIAL,0,0,FUERA DE LINEA,2026-09-01T18:56:23+00:00,2026-08-31T19:49:26.199833+00:00,2026-09-01T18:56:23+00:00,2026-09-01T20:38:10+00:00,1
4727,1913,75,Enex E-Pro Los Dominicos,Las Condes,Metropolitana,920110002,Enerlink Chile SpA,Enerlink,CHAdeMO,DC,50,(22-50],,0,0,DISPONIBLE,2026-09-01T18:56:23+00:00,2026-08-29T01:26:21.367722+00:00,2026-09-01T18:56:23+00:00,2026-09-01T20:38:10+00:00,1
4728,1913,75,Enex E-Pro Los Dominicos,Las Condes,Metropolitana,920110002,Enerlink Chile SpA,Enerlink,CCS 2,DC,50,(22-50],,0,0,DISPONIBLE,2026-09-01T20:38:10+00:00,2026-08-29T01:26:21.367722+00:00,2026-09-01T18:56:23+00:00,2026-09-01T20:38:10+00:00,1
4731,1915,327,Enex E-Pro Balmaceda Calama,Calama,Antofagasta,920110002,Enerlink Chile SpA,Enerlink,CCS 2,DC,120,(50-150],,0,0,DISPONIBLE,2026-09-01T18:56:23+00:00,2026-08-30T06:43:28.857057+00:00,2026-09-01T18:56:23+00:00,2026-09-01T20:38:10+00:00,1
4732,1915,327,Enex E-Pro Balmaceda Calama,Calama,Antofagasta,920110002,Enerlink Chile SpA,Enerlink,CHAdeMO,DC,50,(22-50],,0,0,DISPONIBLE,2026-09-01T18:56:23+00:00,2026-08-30T06:43:28.857057+00:00,2026-09-01T18:56:23+00:00,2026-09-01T20:38:10+00:00,1
4733,1915,327,Enex E-Pro Balmaceda Calama,Calama,Antofagasta,920110002,Enerlink Chile SpA,Enerlink,Tipo 2,AC,22,(7-22],,0,0,OCUPADO,2026-09-01T18:56:23+00:00,2026-08-30T06:43:28.857057+00:00,2026-09-01T18:56:23+00:00,2026-09-01T20:38:10+00:00,1
4734,1916,327,Enex E-Pro Balmaceda Calama,Calama,Antofagasta,920110002,Enerlink Chile SpA,Enerlink,GB/T DC,DC,120,(50-150],,0,0,DISPONIBLE,2026-09-01T18:56:23+00:00,2026-08-29T18:18:54.981890+00:00,2026-09-01T18:56:23+00:00,2026-09-01T20:38:10+00:00,1
4735,1916,327,Enex E-Pro Balmaceda Calama,Calama,Antofagasta,920110002,Enerlink Chile SpA,Enerlink,GB/T DC,DC,120,(50-150],,0,0,DISPONIBLE,2026-09-01T18:56:23+00:00,2026-08-29T18:18:54.981890+00:00,2026-09-01T18:56:23+00:00,2026-09-01T20:38:10+00:00,1
4736,1917,1228,Enex E-Pro Peñalolén,Penalolén,Metropolitana,920110002,Enerlink Chile SpA,Enerlink,CHAdeMO,DC,50,(22-50],,0,0,DISPONIBLE,2026-09-01T18:56:23+00:00,2026-08-31T13:16:20.023523+00:00,2026-09-01T18:56:23+00:00,2026-09-01T20:38:10+00:00,1
4737,1917,1228,Enex E-Pro Peñalolén,Penalolén,Metropolitana,920110002,Enerlink Chile SpA,Enerlink,CCS 2,DC,50,(22-50],,0,0,NO DISPONIBLE,2026-09-01T18:56:23+00:00,2026-08-31T13:16:20.023523+00:00,2026-09-01T18:56:23+00:00,2026-09-01T20:38:10+00:00,1
4738,1918,1228,Enex E-Pro Peñalolén,Penalolén,Metropolitana,920110002,Enerlink Chile SpA,Enerlink,Tipo 2,AC,22,(7-22],,0,0,NO DISPONIBLE,2026-09-01T18:56:23+00:00,2025-04-28T16:17:29.970638+00:00,2026-09-01T18:56:23+00:00,2026-09-01T20:38:10+00:00,1
4739,1919,468,ALBORADA,La Granja,Metropolitana,995200007,COPEC VOLTEX,Copec Voltex,Tipo 2,AC,22,(7-22],,0,0,DISPONIBLE,2026-09-01T18:56:23+00:00,2026-08-30T00:18:21.728635+00:00,2026-09-01T18:56:23+00:00,2026-09-01T20:38:10+00:00,1
4740,1919,468,ALBORADA,La Granja,Metropolitana,995200007,COPEC VOLTEX,Copec Voltex,Tipo 2,AC,22,(7-22],,0,0,DISPONIBLE,2026-09-01T18:56:23+00:00,2026-08-30T00:18:21.728635+00:00,2026-09-01T18:56:23+00:00,2026-09-01T20:38:10+00:00,1
4741,1920,1229,Enex E-Pro Munita Puerto Montt,Puerto Montt,Los Lagos,920110002,Enerlink Chile SpA,Enerlink,CHAdeMO,DC,50,(22-50],ELECTROLINERA,0,0,DISPONIBLE,2026-09-01T18:56:23+00:00,2026-09-01T14:47:54.610477+00:00,2026-09-01T18:56:23+00:00,2026-09-01T20:38:10+00:00,1
4742,1921,428,CLUB HOUSE,Huechuraba,Metropolitana,995200007,COPEC VOLTEX,Copec Voltex,Tipo 2,AC,22,(7-22],CALLE,0,0,DISPONIBLE,2026-09-01T18:56:23+00:00,2026-09-01T16:43:04.517001+00:00,2026-09-01T18:56:23+00:00,2026-09-01T20:38:10+00:00,1
4743,1921,428,CLUB HOUSE,Huechuraba,Metropolitana,995200007,COPEC VOLTEX,Copec Voltex,Tipo 2,AC,22,(7-22],CALLE,0,0,DISPONIBLE,2026-09-01T18:56:23+00:00,2026-09-01T16:43:04.517001+00:00,2026-09-01T18:56:23+00:00,2026-09-01T20:38:10+00:00,1
4744,1920,1229,Enex E-Pro Munita Puerto Montt,Puerto Montt,Los Lagos,920110002,Enerlink Chile SpA,Enerlink,CCS 2,DC,50,(22-50],ELECTROLINERA,0,0,DISPONIBLE,2026-09-01T20:12:55+00:00,2026-09-01T14:47:54.610477+00:00,2026-09-01T18:56:23+00:00,2026-09-01T20:38:10+00:00,1
4745,1922,1229,Enex E-Pro Munita Puerto Montt,Puerto Montt,Los Lagos,920110002,Enerlink Chile SpA,Enerlink,Tipo 2,AC,22,(7-22],ELECTROLINERA,0,0,NO DISPONIBLE,2026-09-01T18:56:23+00:00,2025-04-28T16:17:34.952823+00:00,2026-09-01T18:56:23+00:00,2026-09-01T20:38:10+00:00,1
4746,1924,304,COPEC VOLTEX EDS 60050 - VITACURA,Vitacura,Metropolitana,995200007,COPEC VOLTEX,Copec Voltex,CCS 2,DC,180,150,,0,0,FUERA DE LINEA,2026-09-01T20:12:55+00:00,2026-09-01T19:57:45.341039+00:00,2026-09-01T18:56:23+00:00,2026-09-01T20:38:10+00:00,1
4747,1924,304,COPEC VOLTEX EDS 60050 - VITACURA,Vitacura,Metropolitana,995200007,COPEC VOLTEX,Copec Voltex,Tipo 2,AC,22,(7-22],,0,0,FUERA DE LINEA,2026-09-01T18:56:23+00:00,2026-09-01T19:57:45.341039+00:00,2026-09-01T18:56:23+00:00,2026-09-01T20:38:10+00:00,1
4748,1924,304,COPEC VOLTEX EDS 60050 - VITACURA,Vitacura,Metropolitana,995200007,COPEC VOLTEX,Copec Voltex,CCS 2,DC,180,150,,0,0,FUERA DE LINEA,2026-09-01T20:12:55+00:00,2026-09-01T19:57:45.341039+00:00,2026-09-01T18:56:23+00:00,2026-09-01T20:38:10+00:00,1
4751,1926,43,Enel X - Espacio Riesco ,Huechuraba,Metropolitana,777415484,ENEL X,Enel,Tipo 2,AC,22,(7-22],OTRO,0,0,DISPONIBLE,2026-09-01T18:56:23+00:00,2026-09-01T17:55:17.229064+00:00,2026-09-01T18:56:23+00:00,2026-09-01T20:38:10+00:00,1
4753,1928,43,Enel X - Espacio Riesco ,Huechuraba,Metropolitana,777415484,ENEL X,Enel,Tipo 2,AC,22,(7-22],OTRO,0,0,DISPONIBLE,2026-09-01T18:56:23+00:00,2026-09-01T15:16:23.941127+00:00,2026-09-01T18:56:23+00:00,2026-09-01T20:38:10+00:00,1
4756,1931,47,Enel X - Mall Barrio Independencia,Independencia,Metropolitana,777415484,ENEL X,Enel,Tipo 2,AC,22,(7-22],CENTRO COMERCIAL,0,0,DISPONIBLE,2026-09-01T18:56:23+00:00,2026-08-31T06:38:55.737594+00:00,2026-09-01T18:56:23+00:00,2026-09-01T20:38:10+00:00,1
4758,1934,47,Enel X - Mall Barrio Independencia,Independencia,Metropolitana,777415484,ENEL X,Enel,Tipo 2,AC,22,(7-22],CENTRO COMERCIAL,0,0,DISPONIBLE,2026-09-01T18:56:23+00:00,2026-09-01T18:41:04.367874+00:00,2026-09-01T18:56:23+00:00,2026-09-01T20:38:10+00:00,1
4761,1936,52,Enel X - Mall Marina Concepcion,Concepción,Biobío,777415484,ENEL X,Enel,Tipo 2,AC,22,(7-22],CENTRO COMERCIAL,0,0,FUERA DE LINEA,2026-09-01T18:56:23+00:00,2025-10-29T23:33:49.614859+00:00,2026-09-01T18:56:23+00:00,2026-09-01T20:38:10+00:00,1
4763,1938,52,Enel X - Mall Marina Concepcion,Concepción,Biobío,777415484,ENEL X,Enel,Tipo 2,AC,22,(7-22],CENTRO COMERCIAL,0,0,FUERA DE LINEA,2026-09-01T18:56:23+00:00,2025-10-29T23:33:49.224662+00:00,2026-09-01T18:56:23+00:00,2026-09-01T20:38:10+00:00,1
4766,1941,393,COPEC VOLTEX EDS 40046 - CONCÓN,Vina del Mar,Valparaíso,995200007,COPEC VOLTEX,Copec Voltex,Tipo 2,AC,22,(7-22],,0,0,FUERA DE LINEA,2026-09-01T18:56:23+00:00,2026-09-01T20:36:17.101904+00:00,2026-09-01T18:56:23+00:00,2026-09-01T20:38:10+00:00,1
4767,1941,393,COPEC VOLTEX EDS 40046 - CONCÓN,Vina del Mar,Valparaíso,995200007,COPEC VOLTEX,Copec Voltex,CCS 2,DC,180,150,,0,0,OCUPADO,2026-09-01T18:56:23+00:00,2026-09-01T20:36:17.101904+00:00,2026-09-01T18:56:23+00:00,2026-09-01T20:38:10+00:00,1
4768,1941,393,COPEC VOLTEX EDS 40046 - CONCÓN,Vina del Mar,Valparaíso,995200007,COPEC VOLTEX,Copec Voltex,CCS 2,DC,180,150,,0,0,OCUPADO,2026-09-01T20:17:59+00:00,2026-09-01T20:36:17.101904+00:00,2026-09-01T18:56:23+00:00,2026-09-01T20:38:10+00:00,1
4772,1944,367,COPEC VOLTEX EDS 20407 - SAN PEDRO DE LA PAZ,San Pedro de la Paz,Biobío,995200007,COPEC VOLTEX,Copec Voltex,CCS 2,DC,180,150,,0,0,DISPONIBLE,2026-09-01T20:28:04+00:00,2026-09-01T20:23:00.816502+00:00,2026-09-01T18:56:23+00:00,2026-09-01T20:38:10+00:00,1
4773,1944,367,COPEC VOLTEX EDS 20407 - SAN PEDRO DE LA PAZ,San Pedro de la Paz,Biobío,995200007,COPEC VOLTEX,Copec Voltex,Tipo 2,AC,22,(7-22],,0,0,FUERA DE LINEA,2026-09-01T18:56:23+00:00,2026-09-01T20:23:00.816502+00:00,2026-09-01T18:56:23+00:00,2026-09-01T20:38:10+00:00,1
4775,1946,411,Enel X Way - Bodega San Francisco,Pudahuel,Metropolitana,777415484,ENEL X,Enel,GB/T DC,DC,150,(50-150],OTRO,0,0,DISPONIBLE,2026-09-01T18:56:23+00:00,2026-09-01T20:36:51.245930+00:00,2026-09-01T18:56:23+00:00,2026-09-01T20:38:10+00:00,1
4776,1946,411,Enel X Way - Bodega San Francisco,Pudahuel,Metropolitana,777415484,ENEL X,Enel,GB/T DC,DC,150,(50-150],OTRO,0,0,OCUPADO,2026-09-01T20:38:10+00:00,2026-09-01T20:36:51.245930+00:00,2026-09-01T18:56:23+00:00,2026-09-01T20:38:10+00:00,1
4777,1948,411,Enel X Way - Bodega San Francisco,Pudahuel,Metropolitana,777415484,ENEL X,Enel,Tipo 2,AC,22,(7-22],OTRO,0,0,DISPONIBLE,2026-09-01T18:56:23+00:00,2026-09-01T15:46:34.959436+00:00,2026-09-01T18:56:23+00:00,2026-09-01T20:38:10+00:00,1
4778,1947,1231,Cargadores públicos mall Alto Las Condes,Las Condes,Metropolitana,764333101,Enerlink Chile SpA,Enerlink,Tipo 2,AC,7,7,CENTRO COMERCIAL,1,1,FUERA DE LINEA,2026-09-01T18:56:23+00:00,2026-05-07T15:45:28.890812+00:00,2026-09-01T18:56:23+00:00,2026-09-01T20:38:10+00:00,1
4779,1950,411,Enel X Way - Bodega San Francisco,Pudahuel,Metropolitana,777415484,ENEL X,Enel,CHAdeMO,DC,50,(22-50],OTRO,0,0,DISPONIBLE,2026-09-01T18:56:23+00:00,2026-09-01T20:34:07.086951+00:00,2026-09-01T18:56:23+00:00,2026-09-01T20:38:10+00:00,1
4780,1950,411,Enel X Way - Bodega San Francisco,Pudahuel,Metropolitana,777415484,ENEL X,Enel,CCS 2,DC,60,(50-150],OTRO,0,0,DISPONIBLE,2026-09-01T20:23:01+00:00,2026-09-01T20:34:07.086951+00:00,2026-09-01T18:56:23+00:00,2026-09-01T20:38:10+00:00,1
4781,1949,1231,Cargadores públicos mall Alto Las Condes,Las Condes,Metropolitana,764333101,Enerlink Chile SpA,Enerlink,Tipo 2,AC,7,7,CENTRO COMERCIAL,1,1,FUERA DE LINEA,2026-09-01T18:56:23+00:00,2026-05-06T17:44:10.745678+00:00,2026-09-01T18:56:23+00:00,2026-09-01T20:38:10+00:00,1
4782,1952,411,Enel X Way - Bodega San Francisco,Pudahuel,Metropolitana,777415484,ENEL X,Enel,CCS 2,DC,150,(50-150],OTRO,0,0,DISPONIBLE,2026-09-01T20:23:01+00:00,2026-09-01T20:21:03.559652+00:00,2026-09-01T18:56:23+00:00,2026-09-01T20:38:10+00:00,1
4783,1952,411,Enel X Way - Bodega San Francisco,Pudahuel,Metropolitana,777415484,ENEL X,Enel,CCS 2,DC,150,(50-150],OTRO,0,0,DISPONIBLE,2026-09-01T20:12:55+00:00,2026-09-01T20:21:03.559652+00:00,2026-09-01T18:56:23+00:00,2026-09-01T20:38:10+00:00,1
4784,1951,1231,Cargadores públicos mall Alto Las Condes,Las Condes,Metropolitana,764333101,Enerlink Chile SpA,Enerlink,Tipo 2,AC,7,7,CENTRO COMERCIAL,1,1,FUERA DE LINEA,2026-09-01T18:56:23+00:00,2026-03-12T13:18:57.662609+00:00,2026-09-01T18:56:23+00:00,2026-09-01T20:38:10+00:00,1
4785,1954,411,Enel X Way - Bodega San Francisco,Pudahuel,Metropolitana,777415484,ENEL X,Enel,CCS 2,DC,150,(50-150],OTRO,0,0,DISPONIBLE,2026-09-01T20:23:01+00:00,2026-09-01T19:36:56.665015+00:00,2026-09-01T18:56:23+00:00,2026-09-01T20:38:10+00:00,1
4786,1954,411,Enel X Way - Bodega San Francisco,Pudahuel,Metropolitana,777415484,ENEL X,Enel,CCS 2,DC,150,(50-150],OTRO,0,0,OCUPADO,2026-09-01T18:56:23+00:00,2026-09-01T19:36:56.665015+00:00,2026-09-01T18:56:23+00:00,2026-09-01T20:38:10+00:00,1
4787,1953,1232,Cargadores públicos mall Costanera Center,Providencia,Metropolitana,764333101,Enerlink Chile SpA,Enerlink,Tipo 2,AC,7,7,CENTRO COMERCIAL,1,1,FUERA DE LINEA,2026-09-01T18:56:23+00:00,2026-08-15T00:49:33.059490+00:00,2026-09-01T18:56:23+00:00,2026-09-01T20:38:10+00:00,1
4788,1955,1232,Cargadores públicos mall Costanera Center,Providencia,Metropolitana,764333101,Enerlink Chile SpA,Enerlink,Tipo 2,AC,7,7,CENTRO COMERCIAL,1,1,FUERA DE LINEA,2026-09-01T18:56:23+00:00,2026-03-11T19:11:22.026559+00:00,2026-09-01T18:56:23+00:00,2026-09-01T20:38:10+00:00,1
4790,1956,452,COPEC VOLTEX EDS 40511 - COPIAPÓ,Copiapó,Atacama,995200007,COPEC VOLTEX,Copec Voltex,CCS 2,DC,180,150,ELECTROLINERA,0,0,DISPONIBLE,2026-09-01T18:56:23+00:00,2026-09-01T13:54:08.625369+00:00,2026-09-01T18:56:23+00:00,2026-09-01T20:38:10+00:00,1
4791,1956,452,COPEC VOLTEX EDS 40511 - COPIAPÓ,Copiapó,Atacama,995200007,COPEC VOLTEX,Copec Voltex,Tipo 2,AC,22,(7-22],ELECTROLINERA,0,0,FUERA DE LINEA,2026-09-01T18:56:23+00:00,2026-09-01T13:54:08.625369+00:00,2026-09-01T18:56:23+00:00,2026-09-01T20:38:10+00:00,1
4792,1957,1232,Cargadores públicos mall Costanera Center,Providencia,Metropolitana,764333101,Enerlink Chile SpA,Enerlink,Tipo 2,AC,7,7,CENTRO COMERCIAL,1,1,FUERA DE LINEA,2026-09-01T18:56:23+00:00,2026-03-11T15:25:57.002142+00:00,2026-09-01T18:56:23+00:00,2026-09-01T20:38:10+00:00,1
4793,1959,415,CARGADOR URBANO PATRONATO,Recoleta,Metropolitana,995200007,COPEC VOLTEX,Copec Voltex,Tipo 2,AC,22,(7-22],,1,1,NO DISPONIBLE,2026-09-01T18:56:23+00:00,2025-11-05T11:24:16.003611+00:00,2026-09-01T18:56:23+00:00,2026-09-01T20:38:10+00:00,1
4794,1959,415,CARGADOR URBANO PATRONATO,Recoleta,Metropolitana,995200007,COPEC VOLTEX,Copec Voltex,Tipo 2,AC,22,(7-22],,1,1,NO DISPONIBLE,2026-09-01T18:56:23+00:00,2025-11-05T11:24:16.003611+00:00,2026-09-01T18:56:23+00:00,2026-09-01T20:38:10+00:00,1
4795,1958,1233,TEMOB - Boulevard Plaza Ñuñoa,Nunoa,Metropolitana,768363129,TE MOBILITY,TE MOBILITY,Tipo 2,AC,7,7,CENTRO COMERCIAL,0,0,FUERA DE LINEA,2026-09-01T18:56:23+00:00,2026-07-12T20:40:14.897471+00:00,2026-09-01T18:56:23+00:00,2026-09-01T20:38:10+00:00,1
4796,1961,467,PLAZA DAGOBERTO GOBOY,La Granja,Metropolitana,995200007,COPEC VOLTEX,Copec Voltex,Tipo 2,AC,22,(7-22],,1,1,NO DISPONIBLE,2026-09-01T18:56:23+00:00,2025-11-05T11:23:33.334000+00:00,2026-09-01T18:56:23+00:00,2026-09-01T20:38:10+00:00,1
4797,1961,467,PLAZA DAGOBERTO GOBOY,La Granja,Metropolitana,995200007,COPEC VOLTEX,Copec Voltex,Tipo 2,AC,22,(7-22],,1,1,NO DISPONIBLE,2026-09-01T18:56:23+00:00,2025-11-05T11:23:33.334000+00:00,2026-09-01T18:56:23+00:00,2026-09-01T20:38:10+00:00,1
4798,1960,1234,ELECTROLINERA ARAMCO GRECIA,Nunoa,Metropolitana,777415484,ENEL X,Enel,CCS 2,DC,60,(50-150],,0,0,FUERA DE LINEA,2026-09-01T18:56:23+00:00,2026-09-01T18:06:44.353837+00:00,2026-09-01T18:56:23+00:00,2026-09-01T20:38:10+00:00,1
4799,1960,1234,ELECTROLINERA ARAMCO GRECIA,Nunoa,Metropolitana,777415484,ENEL X,Enel,CCS 2,DC,60,(50-150],,0,0,FUERA DE LINEA,2026-09-01T18:56:23+00:00,2026-09-01T18:06:44.353837+00:00,2026-09-01T18:56:23+00:00,2026-09-01T20:38:10+00:00,1
4800,1963,398,SAN EUGENIO,Nunoa,Metropolitana,995200007,COPEC VOLTEX,Copec Voltex,Tipo 2,AC,22,(7-22],CALLE,1,1,NO DISPONIBLE,2026-09-01T18:56:23+00:00,2025-09-24T11:51:30.959132+00:00,2026-09-01T18:56:23+00:00,2026-09-01T20:38:10+00:00,1
4801,1963,398,SAN EUGENIO,Nunoa,Metropolitana,995200007,COPEC VOLTEX,Copec Voltex,Tipo 2,AC,22,(7-22],CALLE,1,1,NO DISPONIBLE,2026-09-01T18:56:23+00:00,2025-09-24T11:51:30.959132+00:00,2026-09-01T18:56:23+00:00,2026-09-01T20:38:10+00:00,1
4802,1962,1234,ELECTROLINERA ARAMCO GRECIA,Nunoa,Metropolitana,777415484,ENEL X,Enel,CCS 2,DC,30,(22-50],,0,0,DISPONIBLE,2026-09-01T18:56:23+00:00,2026-09-01T18:16:45.455784+00:00,2026-09-01T18:56:23+00:00,2026-09-01T20:38:10+00:00,1
4804,1964,362,SAVE VOLTEX  EDS COPEC SIERRA GORDA,Sierra Gorda,Antofagasta,995200007,COPEC VOLTEX,Copec Voltex,CCS 2,DC,180,150,,0,0,DISPONIBLE,2026-09-01T20:12:55+00:00,2026-09-01T19:47:51.379008+00:00,2026-09-01T18:56:23+00:00,2026-09-01T20:38:10+00:00,1
4805,1964,362,SAVE VOLTEX  EDS COPEC SIERRA GORDA,Sierra Gorda,Antofagasta,995200007,COPEC VOLTEX,Copec Voltex,Tipo 2,AC,22,(7-22],,0,0,FUERA DE LINEA,2026-09-01T18:56:23+00:00,2026-09-01T19:47:51.379008+00:00,2026-09-01T18:56:23+00:00,2026-09-01T20:38:10+00:00,1
4806,1956,452,COPEC VOLTEX EDS 40511 - COPIAPÓ,Copiapó,Atacama,995200007,COPEC VOLTEX,Copec Voltex,CCS 2,DC,180,150,ELECTROLINERA,0,0,DISPONIBLE,2026-09-01T18:56:23+00:00,2026-09-01T13:54:08.625369+00:00,2026-09-01T18:56:23+00:00,2026-09-01T20:38:10+00:00,1
4807,1944,367,COPEC VOLTEX EDS 20407 - SAN PEDRO DE LA PAZ,San Pedro de la Paz,Biobío,995200007,COPEC VOLTEX,Copec Voltex,CCS 2,DC,180,150,,0,0,DISPONIBLE,2026-09-01T20:12:55+00:00,2026-09-01T20:23:00.816502+00:00,2026-09-01T18:56:23+00:00,2026-09-01T20:38:10+00:00,1
4808,1964,362,SAVE VOLTEX  EDS COPEC SIERRA GORDA,Sierra Gorda,Antofagasta,995200007,COPEC VOLTEX,Copec Voltex,CCS 2,DC,180,150,,0,0,DISPONIBLE,2026-09-01T18:56:23+00:00,2026-09-01T19:47:51.379008+00:00,2026-09-01T18:56:23+00:00,2026-09-01T20:38:10+00:00,1
4809,1965,1235,COPEC VOLTEX SERV P454B-BCO SANTANDER CERRILLOS,Cerrillos,Metropolitana,995200007,COPEC VOLTEX,Copec Voltex,Tipo 2,AC,7.4,7,,1,1,FUERA DE LINEA,2026-09-01T18:56:23+00:00,2026-08-31T19:49:00.255839+00:00,2026-09-01T18:56:23+00:00,2026-09-01T20:38:10+00:00,1
4810,1967,600,SAVE - PEDRO AGUIRRE CERDA FRENTE N°76 LA CISTERNA,La Cisterna,Metropolitana,995200007,COPEC VOLTEX,Copec Voltex,Tipo 2,AC,7.4,7,,0,0,FUERA DE LINEA,2026-09-01T18:56:23+00:00,2026-08-31T19:48:54.608822+00:00,2026-09-01T18:56:23+00:00,2026-09-01T20:38:10+00:00,1
4811,1967,600,SAVE - PEDRO AGUIRRE CERDA FRENTE N°76 LA CISTERNA,La Cisterna,Metropolitana,995200007,COPEC VOLTEX,Copec Voltex,Tipo 2,AC,7.4,7,,0,0,FUERA DE LINEA,2026-09-01T18:56:23+00:00,2026-08-31T19:48:54.608822+00:00,2026-09-01T18:56:23+00:00,2026-09-01T20:38:10+00:00,1
4812,1966,1236,CARGADORES QUILLAYES,La Florida,Metropolitana,769598901,CONSTRUCTORA SIENNA S.A,CONSTRUCTORA SIENNA S.A,Tipo 2,AC,7,7,,0,0,FUERA DE LINEA,2026-09-01T18:56:23+00:00,2026-04-08T21:35:57.359777+00:00,2026-09-01T18:56:23+00:00,2026-09-01T20:38:10+00:00,1
4813,1968,1236,CARGADORES QUILLAYES,La Florida,Metropolitana,769598901,CONSTRUCTORA SIENNA S.A,CONSTRUCTORA SIENNA S.A,Tipo 2,AC,7,7,,0,0,FUERA DE LINEA,2026-09-01T18:56:23+00:00,2026-04-08T21:35:57.359777+00:00,2026-09-01T18:56:23+00:00,2026-09-01T20:38:10+00:00,1
4816,1970,295,Enex E-Pro Vitacura,Vitacura,Metropolitana,920110002,Enerlink Chile SpA,Enerlink,CCS 2,DC,180,150,,0,0,DISPONIBLE,2026-09-01T20:12:55+00:00,2026-09-01T19:40:55.900875+00:00,2026-09-01T18:56:23+00:00,2026-09-01T20:38:10+00:00,1
4817,1970,295,Enex E-Pro Vitacura,Vitacura,Metropolitana,920110002,Enerlink Chile SpA,Enerlink,CCS 2,DC,180,150,,0,0,OCUPADO,2026-09-01T20:17:59+00:00,2026-09-01T19:40:55.900875+00:00,2026-09-01T18:56:23+00:00,2026-09-01T20:38:10+00:00,1
4856,1992,193,Enel X - Zona de descanso Itahue.,Molina,Maule,777415484,ENEL X,Enel,CCS 2,DC,60,(50-150],OTRO,1,1,DISPONIBLE,2026-09-01T18:56:23+00:00,2026-09-01T17:31:47.889297+00:00,2026-09-01T18:56:23+00:00,2026-09-01T20:38:10+00:00,1
4857,1992,193,Enel X - Zona de descanso Itahue.,Molina,Maule,777415484,ENEL X,Enel,CCS 2,DC,60,(50-150],OTRO,1,1,DISPONIBLE,2026-09-01T18:56:23+00:00,2026-09-01T17:31:47.889297+00:00,2026-09-01T18:56:23+00:00,2026-09-01T20:38:10+00:00,1
5099,2119,192,Enel X - Zona de descanso Santa Lucila,Requínoa,Libertador Bernardo OHiggins,777415484,ENEL X,Enel,CCS 2,DC,60,(50-150],,0,0,DISPONIBLE,2026-09-01T18:56:23+00:00,2026-09-01T20:22:00.712857+00:00,2026-09-01T18:56:23+00:00,2026-09-01T20:38:10+00:00,1
5100,2119,192,Enel X - Zona de descanso Santa Lucila,Requínoa,Libertador Bernardo OHiggins,777415484,ENEL X,Enel,CCS 2,DC,60,(50-150],,0,0,OCUPADO,2026-09-01T20:23:01+00:00,2026-09-01T20:22:00.712857+00:00,2026-09-01T18:56:23+00:00,2026-09-01T20:38:10+00:00,1
5140,2140,1237, PLAZA DAGOBERTO GODOY,La Granja,Metropolitana,995200007,COPEC VOLTEX,Copec Voltex,Tipo 2,AC,22,(7-22],,1,1,NO DISPONIBLE,2026-09-01T18:56:23+00:00,2025-11-10T13:27:26.419068+00:00,2026-09-01T18:56:23+00:00,2026-09-01T20:38:10+00:00,1
5141,2140,1237, PLAZA DAGOBERTO GODOY,La Granja,Metropolitana,995200007,COPEC VOLTEX,Copec Voltex,Tipo 2,AC,22,(7-22],,1,1,NO DISPONIBLE,2026-09-01T18:56:23+00:00,2025-11-10T13:27:26.419068+00:00,2026-09-01T18:56:23+00:00,2026-09-01T20:38:10+00:00,1
5144,2141,1238,CARGADOR URBANO PATRONATO,Recoleta,Metropolitana,995200007,COPEC VOLTEX,Copec Voltex,Tipo 2,AC,22,(7-22],,1,1,NO DISPONIBLE,2026-09-01T18:56:23+00:00,2025-11-10T13:27:48.107573+00:00,2026-09-01T18:56:23+00:00,2026-09-01T20:38:10+00:00,1
5145,2141,1238,CARGADOR URBANO PATRONATO,Recoleta,Metropolitana,995200007,COPEC VOLTEX,Copec Voltex,Tipo 2,AC,22,(7-22],,1,1,NO DISPONIBLE,2026-09-01T18:56:23+00:00,2025-11-10T13:27:48.107573+00:00,2026-09-01T18:56:23+00:00,2026-09-01T20:38:10+00:00,1
5146,2143,1239,SAN EUGENIO,Nunoa,Metropolitana,995200007,COPEC VOLTEX,Copec Voltex,CHAdeMO,DC,22,(7-22],,1,1,NO DISPONIBLE,2026-09-01T18:56:23+00:00,2026-01-14T17:08:07.222561+00:00,2026-09-01T18:56:23+00:00,2026-09-01T20:38:10+00:00,1
5147,2143,1239,SAN EUGENIO,Nunoa,Metropolitana,995200007,COPEC VOLTEX,Copec Voltex,Tipo 2,AC,22,(7-22],,1,1,NO DISPONIBLE,2026-09-01T18:56:23+00:00,2026-01-14T17:08:07.222561+00:00,2026-09-01T18:56:23+00:00,2026-09-01T20:38:10+00:00,1
5148,2144,1240,Parque Carlos Droguett,Talagante,Metropolitana,995200007,COPEC VOLTEX,Copec Voltex,Tipo 2,AC,22,(7-22],PLAZA,0,0,NO DISPONIBLE,2026-09-01T18:56:23+00:00,2026-02-11T15:17:28.062954+00:00,2026-09-01T18:56:23+00:00,2026-09-01T20:38:10+00:00,1
5149,2144,1240,Parque Carlos Droguett,Talagante,Metropolitana,995200007,COPEC VOLTEX,Copec Voltex,Tipo 2,AC,22,(7-22],PLAZA,0,0,NO DISPONIBLE,2026-09-01T18:56:23+00:00,2026-02-11T15:17:28.062954+00:00,2026-09-01T18:56:23+00:00,2026-09-01T20:38:10+00:00,1
5670,2418,1241,SAVE - VIÑA VIK HOTEL,San Vicente,Libertador Bernardo OHiggins,995200007,COPEC VOLTEX,Copec Voltex,Tipo 2,AC,7.4,7,,0,0,FUERA DE LINEA,2026-09-01T18:56:23+00:00,2026-04-08T21:35:57.359777+00:00,2026-09-01T18:56:23+00:00,2026-09-01T20:38:10+00:00,1
5671,2419,446,SAVE - AV. EL PARRÓN FRENTE AL N°52 LA CISTERNA,La Cisterna,Metropolitana,995200007,COPEC VOLTEX,Copec Voltex,Tipo 2,AC,22,(7-22],CALLE,0,0,DISPONIBLE,2026-09-01T18:56:23+00:00,2026-08-28T16:33:37.038822+00:00,2026-09-01T18:56:23+00:00,2026-09-01T20:38:10+00:00,1
5672,2419,446,SAVE - AV. EL PARRÓN FRENTE AL N°52 LA CISTERNA,La Cisterna,Metropolitana,995200007,COPEC VOLTEX,Copec Voltex,Tipo 2,AC,22,(7-22],CALLE,0,0,DISPONIBLE,2026-09-01T18:56:23+00:00,2026-08-28T16:33:37.038822+00:00,2026-09-01T18:56:23+00:00,2026-09-01T20:38:10+00:00,1
5753,2462,1242,Enel X - Zona de descanso La Platina,Chimbarongo,Libertador Bernardo OHiggins,777415484,ENEL X,Enel,CCS 2,DC,60,(50-150],,0,0,DISPONIBLE,2026-09-01T18:56:23+00:00,2026-09-01T12:16:06.840163+00:00,2026-09-01T18:56:23+00:00,2026-09-01T20:38:10+00:00,1
5754,2463,73,Enel X - Casino Enjoy Los Andes,Los Andes,Valparaíso,777415484,ENEL X,Enel,Tipo 2,AC,22,(7-22],,0,0,FUERA DE LINEA,2026-09-01T18:56:23+00:00,2026-04-08T21:35:57.359777+00:00,2026-09-01T18:56:23+00:00,2026-09-01T20:38:10+00:00,1
5755,2462,1242,Enel X - Zona de descanso La Platina,Chimbarongo,Libertador Bernardo OHiggins,777415484,ENEL X,Enel,CCS 2,DC,60,(50-150],,0,0,DISPONIBLE,2026-09-01T18:56:23+00:00,2026-09-01T12:16:06.840163+00:00,2026-09-01T18:56:23+00:00,2026-09-01T20:38:10+00:00,1
5756,2464,73,Enel X - Casino Enjoy Los Andes,Los Andes,Valparaíso,777415484,ENEL X,Enel,Tipo 2,AC,22,(7-22],,0,0,FUERA DE LINEA,2026-09-01T18:56:23+00:00,2026-04-08T21:35:57.359777+00:00,2026-09-01T18:56:23+00:00,2026-09-01T20:38:10+00:00,1
6039,2613,1243,Enel X - Hotel NOI,Vitacura,Metropolitana,777415484,ENEL X,Enel,Tipo 2,AC,22,(7-22],,0,0,FUERA DE LINEA,2026-09-01T18:56:23+00:00,2026-04-08T21:35:57.359777+00:00,2026-09-01T18:56:23+00:00,2026-09-01T20:38:10+00:00,1
6040,2614,1243,Enel X - Hotel NOI,Vitacura,Metropolitana,777415484,ENEL X,Enel,Tipo 2,AC,22,(7-22],,0,0,FUERA DE LINEA,2026-09-01T18:56:23+00:00,2026-04-08T21:35:57.359777+00:00,2026-09-01T18:56:23+00:00,2026-09-01T20:38:10+00:00,1
6041,2615,1244,"Enel X, Aramco La Florida",La Florida,Metropolitana,777415484,ENEL X,Enel,CCS 2,DC,60,(50-150],,0,0,OCUPADO,2026-09-01T20:28:04+00:00,2026-09-01T20:23:42.105933+00:00,2026-09-01T18:56:23+00:00,2026-09-01T20:38:10+00:00,1
6042,2615,1244,"Enel X, Aramco La Florida",La Florida,Metropolitana,777415484,ENEL X,Enel,CCS 2,DC,60,(50-150],,0,0,OCUPADO,2026-09-01T20:12:55+00:00,2026-09-01T20:23:42.105933+00:00,2026-09-01T18:56:23+00:00,2026-09-01T20:38:10+00:00,1
6043,2616,1244,"Enel X, Aramco La Florida",La Florida,Metropolitana,777415484,ENEL X,Enel,CCS 2,DC,30,(22-50],,0,0,DISPONIBLE,2026-09-01T20:33:07+00:00,2026-09-01T20:28:40.075088+00:00,2026-09-01T18:56:23+00:00,2026-09-01T20:38:10+00:00,1
6244,2722,1245,Enex E-Pro Los Hornitos,Curacaví,Metropolitana,920110002,Enerlink Chile SpA,Enerlink,Tipo 2,AC,22,(7-22],,0,0,FUERA DE LINEA,2026-09-01T18:56:23+00:00,2026-07-15T11:15:17.857966+00:00,2026-09-01T18:56:23+00:00,2026-09-01T20:38:10+00:00,1
6245,2722,1245,Enex E-Pro Los Hornitos,Curacaví,Metropolitana,920110002,Enerlink Chile SpA,Enerlink,Tipo 2,AC,22,(7-22],,0,0,FUERA DE LINEA,2026-09-01T18:56:23+00:00,2026-07-15T11:15:17.857966+00:00,2026-09-01T18:56:23+00:00,2026-09-01T20:38:10+00:00,1
6535,2878,1247,BALDOMERO LILLO,La Pintana,Metropolitana,995200007,COPEC VOLTEX,Copec Voltex,Tipo 2,AC,22,(7-22],CALLE,0,0,NO DISPONIBLE,2026-09-01T18:56:23+00:00,2025-06-24T06:00:56.269586+00:00,2026-09-01T18:56:23+00:00,2026-09-01T20:38:10+00:00,1
6536,2878,1247,BALDOMERO LILLO,La Pintana,Metropolitana,995200007,COPEC VOLTEX,Copec Voltex,Tipo 2,AC,22,(7-22],CALLE,0,0,NO DISPONIBLE,2026-09-01T18:56:23+00:00,2025-06-24T06:00:56.269586+00:00,2026-09-01T18:56:23+00:00,2026-09-01T20:38:10+00:00,1
6537,2879,1247,BALDOMERO LILLO,La Pintana,Metropolitana,995200007,COPEC VOLTEX,Copec Voltex,Tipo 2,AC,22,(7-22],CALLE,0,0,NO DISPONIBLE,2026-09-01T18:56:23+00:00,2025-06-24T06:00:56.269586+00:00,2026-09-01T18:56:23+00:00,2026-09-01T20:38:10+00:00,1
6538,2879,1247,BALDOMERO LILLO,La Pintana,Metropolitana,995200007,COPEC VOLTEX,Copec Voltex,Tipo 2,AC,22,(7-22],CALLE,0,0,NO DISPONIBLE,2026-09-01T18:56:23+00:00,2025-06-24T06:00:56.269586+00:00,2026-09-01T18:56:23+00:00,2026-09-01T20:38:10+00:00,1
6819,3027,1248,CARGADORES ELECTRICOS PETROBRAS CAMILO HENRIQUEZ ,Puente Alto,Metropolitana,777415484,ENEL X,Enel,CCS 2,DC,60,(50-150],,0,0,FUERA DE LINEA,2026-09-01T18:56:23+00:00,2026-05-07T14:34:29.406468+00:00,2026-09-01T18:56:23+00:00,2026-09-01T20:38:10+00:00,1
6820,3027,1248,CARGADORES ELECTRICOS PETROBRAS CAMILO HENRIQUEZ ,Puente Alto,Metropolitana,777415484,ENEL X,Enel,CHAdeMO,DC,50,(22-50],,0,0,FUERA DE LINEA,2026-09-01T18:56:23+00:00,2026-05-07T14:34:29.406468+00:00,2026-09-01T18:56:23+00:00,2026-09-01T20:38:10+00:00,1
6821,3028,1248,CARGADORES ELECTRICOS PETROBRAS CAMILO HENRIQUEZ ,Puente Alto,Metropolitana,777415484,ENEL X,Enel,Tipo 2,AC,22,(7-22],,0,0,FUERA DE LINEA,2026-09-01T18:56:23+00:00,2026-04-08T21:35:57.359777+00:00,2026-09-01T18:56:23+00:00,2026-09-01T20:38:10+00:00,1
6822,3029,1249,Enel X - EDS Petrobras Pintor Cicarelli,San Joaquín,Metropolitana,777415484,ENEL X,Enel,CCS 2,DC,60,(50-150],,0,0,DISPONIBLE,2026-09-01T20:12:55+00:00,2026-09-01T20:37:02.442835+00:00,2026-09-01T18:56:23+00:00,2026-09-01T20:38:10+00:00,1
6823,3029,1249,Enel X - EDS Petrobras Pintor Cicarelli,San Joaquín,Metropolitana,777415484,ENEL X,Enel,CCS 2,DC,60,(50-150],,0,0,OCUPADO,2026-09-01T20:38:10+00:00,2026-09-01T20:37:02.442835+00:00,2026-09-01T18:56:23+00:00,2026-09-01T20:38:10+00:00,1
6824,3030,1249,Enel X - EDS Petrobras Pintor Cicarelli,San Joaquín,Metropolitana,777415484,ENEL X,Enel,CCS 2,DC,30,(22-50],,0,0,DISPONIBLE,2026-09-01T20:23:01+00:00,2026-09-01T20:26:56.569531+00:00,2026-09-01T18:56:23+00:00,2026-09-01T20:38:10+00:00,1
6825,3031,264,Enel X - EDS Petrobras Abadía,Las Condes,Metropolitana,777415484,ENEL X,Enel,CCS 2,DC,60,(50-150],OTRO,0,0,DISPONIBLE,2026-09-01T20:12:55+00:00,2026-09-01T19:56:55.984591+00:00,2026-09-01T18:56:23+00:00,2026-09-01T20:38:10+00:00,1
6826,3031,264,Enel X - EDS Petrobras Abadía,Las Condes,Metropolitana,777415484,ENEL X,Enel,CCS 2,DC,60,(50-150],OTRO,0,0,DISPONIBLE,2026-09-01T20:12:55+00:00,2026-09-01T19:56:55.984591+00:00,2026-09-01T18:56:23+00:00,2026-09-01T20:38:10+00:00,1
6827,3032,1250,Enel X - EDS Aramco Eliodoro Yañez,Providencia,Metropolitana,777415484,ENEL X,Enel,CCS 2,DC,60,(50-150],,0,0,OCUPADO,2026-09-01T18:56:23+00:00,2026-09-01T18:26:43.949182+00:00,2026-09-01T18:56:23+00:00,2026-09-01T20:38:10+00:00,1
6828,3033,264,Enel X - EDS Petrobras Abadía,Las Condes,Metropolitana,777415484,ENEL X,Enel,CCS 2,DC,30,(22-50],OTRO,0,0,DISPONIBLE,2026-09-01T18:56:23+00:00,2026-09-01T20:01:55.878161+00:00,2026-09-01T18:56:23+00:00,2026-09-01T20:38:10+00:00,1
6829,3032,1250,Enel X - EDS Aramco Eliodoro Yañez,Providencia,Metropolitana,777415484,ENEL X,Enel,CCS 2,DC,60,(50-150],,0,0,OCUPADO,2026-09-01T18:56:23+00:00,2026-09-01T18:26:43.949182+00:00,2026-09-01T18:56:23+00:00,2026-09-01T20:38:10+00:00,1
6830,3034,1250,Enel X - EDS Aramco Eliodoro Yañez,Providencia,Metropolitana,777415484,ENEL X,Enel,CCS 2,DC,60,(50-150],,0,0,OCUPADO,2026-09-01T20:12:55+00:00,2026-09-01T19:06:50.320186+00:00,2026-09-01T18:56:23+00:00,2026-09-01T20:38:10+00:00,1
6831,3034,1250,Enel X - EDS Aramco Eliodoro Yañez,Providencia,Metropolitana,777415484,ENEL X,Enel,CCS 2,DC,60,(50-150],,0,0,OCUPADO,2026-09-01T18:56:23+00:00,2026-09-01T19:06:50.320186+00:00,2026-09-01T18:56:23+00:00,2026-09-01T20:38:10+00:00,1
6837,3038,254,Enel X - EDS Petrobras Isabel La Católica,Las Condes,Metropolitana,777415484,ENEL X,Enel,CCS 2,DC,60,(50-150],OTRO,0,0,DISPONIBLE,2026-09-01T18:56:23+00:00,2026-09-01T19:41:53.428158+00:00,2026-09-01T18:56:23+00:00,2026-09-01T20:38:10+00:00,1
6838,3038,254,Enel X - EDS Petrobras Isabel La Católica,Las Condes,Metropolitana,777415484,ENEL X,Enel,CCS 2,DC,60,(50-150],OTRO,0,0,DISPONIBLE,2026-09-01T20:12:55+00:00,2026-09-01T19:41:53.428158+00:00,2026-09-01T18:56:23+00:00,2026-09-01T20:38:10+00:00,1
6840,3039,254,Enel X - EDS Petrobras Isabel La Católica,Las Condes,Metropolitana,777415484,ENEL X,Enel,CCS 2,DC,30,(22-50],OTRO,0,0,OCUPADO,2026-09-01T20:38:10+00:00,2026-09-01T20:37:01.652256+00:00,2026-09-01T18:56:23+00:00,2026-09-01T20:38:10+00:00,1
7244,3250,1255,Enel X - Centro comercial Marbella Maitencillo,Puchuncaví,Valparaíso,777415484,ENEL X,Enel,CCS 2,DC,150,(50-150],,0,0,DISPONIBLE,2026-09-01T18:56:23+00:00,2026-09-01T12:46:22.213214+00:00,2026-09-01T18:56:23+00:00,2026-09-01T20:38:10+00:00,1
7245,3250,1255,Enel X - Centro comercial Marbella Maitencillo,Puchuncaví,Valparaíso,777415484,ENEL X,Enel,CCS 2,DC,150,(50-150],,0,0,DISPONIBLE,2026-09-01T18:56:23+00:00,2026-09-01T12:46:22.213214+00:00,2026-09-01T18:56:23+00:00,2026-09-01T20:38:10+00:00,1
7255,3261,314,Enel X Way - Petrobras José Arrieta,Penalolén,Metropolitana,777415484,ENEL X,Enel,CCS 2,DC,60,(50-150],HOTEL,0,0,DISPONIBLE,2026-09-01T20:12:55+00:00,2026-09-01T20:22:01.091585+00:00,2026-09-01T18:56:23+00:00,2026-09-01T20:38:10+00:00,1
7256,3261,314,Enel X Way - Petrobras José Arrieta,Penalolén,Metropolitana,777415484,ENEL X,Enel,CHAdeMO,DC,50,(22-50],HOTEL,0,0,DISPONIBLE,2026-09-01T20:23:01+00:00,2026-09-01T20:22:01.091585+00:00,2026-09-01T18:56:23+00:00,2026-09-01T20:38:10+00:00,1
7258,3263,314,Enel X Way - Petrobras José Arrieta,Penalolén,Metropolitana,777415484,ENEL X,Enel,CCS 2,DC,30,(22-50],HOTEL,0,0,DISPONIBLE,2026-09-01T18:56:23+00:00,2026-09-01T05:40:29.628008+00:00,2026-09-01T18:56:23+00:00,2026-09-01T20:38:10+00:00,1
7269,3273,1257,Enel X - EDS Petrobras Los Presidentes,Penalolén,Metropolitana,777415484,ENEL X,Enel,CCS 2,DC,60,(50-150],,0,0,DISPONIBLE,2026-09-01T18:56:23+00:00,2026-09-01T20:01:55.846599+00:00,2026-09-01T18:56:23+00:00,2026-09-01T20:38:10+00:00,1
7270,3273,1257,Enel X - EDS Petrobras Los Presidentes,Penalolén,Metropolitana,777415484,ENEL X,Enel,CCS 2,DC,60,(50-150],,0,0,DISPONIBLE,2026-09-01T18:56:23+00:00,2026-09-01T20:01:55.846599+00:00,2026-09-01T18:56:23+00:00,2026-09-01T20:38:10+00:00,1
7271,3274,1257,Enel X - EDS Petrobras Los Presidentes,Penalolén,Metropolitana,777415484,ENEL X,Enel,CCS 2,DC,30,(22-50],,0,0,DISPONIBLE,2026-09-01T18:56:23+00:00,2026-09-01T20:23:01.996281+00:00,2026-09-01T18:56:23+00:00,2026-09-01T20:38:10+00:00,1
7272,3276,279,Enel X - EDS Petrobras Pajaritos ,Maipú,Metropolitana,777415484,ENEL X,Enel,CCS 2,DC,60,(50-150],OTRO,0,0,OCUPADO,2026-09-01T20:38:10+00:00,2026-09-01T20:37:50.397683+00:00,2026-09-01T18:56:23+00:00,2026-09-01T20:38:10+00:00,1
7273,3276,279,Enel X - EDS Petrobras Pajaritos ,Maipú,Metropolitana,777415484,ENEL X,Enel,CCS 2,DC,60,(50-150],OTRO,0,0,DISPONIBLE,2026-09-01T20:12:55+00:00,2026-09-01T20:37:50.397683+00:00,2026-09-01T18:56:23+00:00,2026-09-01T20:38:10+00:00,1
7276,3277,279,Enel X - EDS Petrobras Pajaritos ,Maipú,Metropolitana,777415484,ENEL X,Enel,CCS 2,DC,30,(22-50],OTRO,0,0,DISPONIBLE,2026-09-01T18:56:23+00:00,2026-09-01T19:56:59.204107+00:00,2026-09-01T18:56:23+00:00,2026-09-01T20:38:10+00:00,1
7315,3298,1258,Enel X - Movicenter Huechuraba,Huechuraba,Metropolitana,777415484,ENEL X,Enel,CCS 2,DC,30,(22-50],,0,0,DISPONIBLE,2026-09-01T20:12:55+00:00,2026-09-01T19:21:51.686889+00:00,2026-09-01T18:56:23+00:00,2026-09-01T20:38:10+00:00,1
7316,3299,1259,Estacion de Servicio Copec NOS,San Bernardo,Metropolitana,995200007,COPEC VOLTEX,Copec Voltex,CCS 2,DC,180,150,,0,0,DISPONIBLE,2026-09-01T18:56:23+00:00,2026-09-01T18:25:50.827570+00:00,2026-09-01T18:56:23+00:00,2026-09-01T20:38:10+00:00,1
7317,3299,1259,Estacion de Servicio Copec NOS,San Bernardo,Metropolitana,995200007,COPEC VOLTEX,Copec Voltex,CCS 2,DC,180,150,,0,0,DISPONIBLE,2026-09-01T18:56:23+00:00,2026-09-01T18:25:50.827570+00:00,2026-09-01T18:56:23+00:00,2026-09-01T20:38:10+00:00,1
7318,3300,1259,Estacion de Servicio Copec NOS,San Bernardo,Metropolitana,995200007,COPEC VOLTEX,Copec Voltex,CCS 2,DC,180,150,,0,0,DISPONIBLE,2026-09-01T20:17:59+00:00,2026-09-01T20:13:02.292846+00:00,2026-09-01T18:56:23+00:00,2026-09-01T20:38:10+00:00,1
7319,3300,1259,Estacion de Servicio Copec NOS,San Bernardo,Metropolitana,995200007,COPEC VOLTEX,Copec Voltex,CCS 2,DC,180,150,,0,0,DISPONIBLE,2026-09-01T18:56:23+00:00,2026-09-01T20:13:02.292846+00:00,2026-09-01T18:56:23+00:00,2026-09-01T20:38:10+00:00,1
7360,3334,1288,COPEC VOLTEX EDS 60220 - ALBERTO LLONA,Maipú,Metropolitana,995200007,COPEC VOLTEX,Copec Voltex,CCS 2,DC,240,150,ELECTROLINERA,0,0,DISPONIBLE,2026-09-01T20:33:07+00:00,2026-09-01T20:29:09.598664+00:00,2026-09-01T18:56:23+00:00,2026-09-01T20:38:10+00:00,1
7361,3334,1288,COPEC VOLTEX EDS 60220 - ALBERTO LLONA,Maipú,Metropolitana,995200007,COPEC VOLTEX,Copec Voltex,CCS 2,DC,240,150,ELECTROLINERA,0,0,OCUPADO,2026-09-01T20:12:55+00:00,2026-09-01T20:29:09.598664+00:00,2026-09-01T18:56:23+00:00,2026-09-01T20:38:10+00:00,1
7362,3335,1256,CHASS - UC Christus Lira 85,Santiago,Metropolitana,775989688,CHASS SPA,Chass,Tipo 2,AC,7,7,EDIFICIO,0,0,DISPONIBLE,2026-09-01T18:56:23+00:00,2025-11-03T17:43:04.426891+00:00,2026-09-01T18:56:23+00:00,2026-09-01T20:38:10+00:00,1
7363,3336,1289,SAVE VOLTEX LA FLORIDA,La Florida,Metropolitana,995200007,COPEC VOLTEX,Copec Voltex,CCS 2,DC,240,150,ELECTROLINERA,0,0,DISPONIBLE,2026-09-01T20:12:55+00:00,2026-09-01T20:33:09.235715+00:00,2026-09-01T18:56:23+00:00,2026-09-01T20:38:10+00:00,1
7364,3337,1256,CHASS - UC Christus Lira 85,Santiago,Metropolitana,775989688,CHASS SPA,Chass,Tipo 2,AC,7,7,EDIFICIO,0,0,DISPONIBLE,2026-09-01T18:56:23+00:00,2025-11-03T17:45:03.390617+00:00,2026-09-01T18:56:23+00:00,2026-09-01T20:38:10+00:00,1
7365,3336,1289,SAVE VOLTEX LA FLORIDA,La Florida,Metropolitana,995200007,COPEC VOLTEX,Copec Voltex,CCS 2,DC,240,150,ELECTROLINERA,0,0,DISPONIBLE,2026-09-01T20:38:10+00:00,2026-09-01T20:33:09.235715+00:00,2026-09-01T18:56:23+00:00,2026-09-01T20:38:10+00:00,1
7366,3338,1256,CHASS - UC Christus Lira 85,Santiago,Metropolitana,775989688,CHASS SPA,Chass,Tipo 2,AC,7,7,EDIFICIO,0,0,DISPONIBLE,2026-09-01T18:56:23+00:00,2025-11-03T17:44:05.933878+00:00,2026-09-01T18:56:23+00:00,2026-09-01T20:38:10+00:00,1
7367,3339,1290,COPEC VOLTEX TUNICHE,Rancagua,Libertador Bernardo OHiggins,995200007,COPEC VOLTEX,Copec Voltex,CCS 2,DC,240,150,ELECTROLINERA,0,0,OCUPADO,2026-09-01T20:23:01+00:00,2026-09-01T20:22:47.194511+00:00,2026-09-01T18:56:23+00:00,2026-09-01T20:38:10+00:00,1
7368,3340,1256,CHASS - UC Christus Lira 85,Santiago,Metropolitana,775989688,CHASS SPA,Chass,Tipo 2,AC,7,7,EDIFICIO,0,0,DISPONIBLE,2026-09-01T18:56:23+00:00,2025-11-03T17:43:27.736364+00:00,2026-09-01T18:56:23+00:00,2026-09-01T20:38:10+00:00,1
7369,3339,1290,COPEC VOLTEX TUNICHE,Rancagua,Libertador Bernardo OHiggins,995200007,COPEC VOLTEX,Copec Voltex,CCS 2,DC,240,150,ELECTROLINERA,0,0,OCUPADO,2026-09-01T20:28:04+00:00,2026-09-01T20:22:47.194511+00:00,2026-09-01T18:56:23+00:00,2026-09-01T20:38:10+00:00,1
7370,3341,1256,CHASS - UC Christus Lira 85,Santiago,Metropolitana,775989688,CHASS SPA,Chass,Tipo 2,AC,7,7,EDIFICIO,0,0,DISPONIBLE,2026-09-01T18:56:23+00:00,2025-11-03T17:43:50.242281+00:00,2026-09-01T18:56:23+00:00,2026-09-01T20:38:10+00:00,1
7372,3343,1256,CHASS - UC Christus Lira 85,Santiago,Metropolitana,775989688,CHASS SPA,Chass,Tipo 2,AC,7,7,EDIFICIO,0,0,DISPONIBLE,2026-09-01T18:56:23+00:00,2025-11-03T17:43:42.668938+00:00,2026-09-01T18:56:23+00:00,2026-09-01T20:38:10+00:00,1
7374,3344,1256,CHASS - UC Christus Lira 85,Santiago,Metropolitana,775989688,CHASS SPA,Chass,Tipo 2,AC,7,7,EDIFICIO,0,0,DISPONIBLE,2026-09-01T18:56:23+00:00,2025-11-03T17:43:20.177233+00:00,2026-09-01T18:56:23+00:00,2026-09-01T20:38:10+00:00,1
7376,3346,1256,CHASS - UC Christus Lira 85,Santiago,Metropolitana,775989688,CHASS SPA,Chass,Tipo 2,AC,7,7,EDIFICIO,0,0,DISPONIBLE,2026-09-01T18:56:23+00:00,2025-11-03T17:42:40.793819+00:00,2026-09-01T18:56:23+00:00,2026-09-01T20:38:10+00:00,1
7378,3347,1256,CHASS - UC Christus Lira 85,Santiago,Metropolitana,775989688,CHASS SPA,Chass,Tipo 2,AC,7,7,EDIFICIO,0,0,DISPONIBLE,2026-09-01T18:56:23+00:00,2025-11-03T17:49:18.797529+00:00,2026-09-01T18:56:23+00:00,2026-09-01T20:38:10+00:00,1
7379,3349,1256,CHASS - UC Christus Lira 85,Santiago,Metropolitana,775989688,CHASS SPA,Chass,Tipo 2,AC,7,7,EDIFICIO,0,0,DISPONIBLE,2026-09-01T18:56:23+00:00,2025-11-03T17:43:13.042104+00:00,2026-09-01T18:56:23+00:00,2026-09-01T20:38:10+00:00,1
7382,3351,1256,CHASS - UC Christus Lira 85,Santiago,Metropolitana,775989688,CHASS SPA,Chass,Tipo 2,AC,7,7,EDIFICIO,0,0,DISPONIBLE,2026-09-01T18:56:23+00:00,2025-11-03T17:43:34.509815+00:00,2026-09-01T18:56:23+00:00,2026-09-01T20:38:10+00:00,1
7385,3353,1256,CHASS - UC Christus Lira 85,Santiago,Metropolitana,775989688,CHASS SPA,Chass,Tipo 2,AC,7,7,EDIFICIO,0,0,DISPONIBLE,2026-09-01T18:56:23+00:00,2025-11-03T17:42:48.309460+00:00,2026-09-01T18:56:23+00:00,2026-09-01T20:38:10+00:00,1
7386,3355,1256,CHASS - UC Christus Lira 85,Santiago,Metropolitana,775989688,CHASS SPA,Chass,Tipo 2,AC,7,7,EDIFICIO,0,0,DISPONIBLE,2026-09-01T18:56:23+00:00,2025-11-03T17:44:54.394132+00:00,2026-09-01T18:56:23+00:00,2026-09-01T20:38:10+00:00,1
7389,3356,1256,CHASS - UC Christus Lira 85,Santiago,Metropolitana,775989688,CHASS SPA,Chass,Tipo 2,AC,7,7,EDIFICIO,0,0,DISPONIBLE,2026-09-01T18:56:23+00:00,2025-11-03T17:44:13.905757+00:00,2026-09-01T18:56:23+00:00,2026-09-01T20:38:10+00:00,1
7390,3358,1256,CHASS - UC Christus Lira 85,Santiago,Metropolitana,775989688,CHASS SPA,Chass,Tipo 2,AC,7,7,EDIFICIO,0,0,DISPONIBLE,2026-09-01T18:56:23+00:00,2025-11-03T17:42:33.001758+00:00,2026-09-01T18:56:23+00:00,2026-09-01T20:38:10+00:00,1
7393,3359,1256,CHASS - UC Christus Lira 85,Santiago,Metropolitana,775989688,CHASS SPA,Chass,Tipo 2,AC,7,7,EDIFICIO,0,0,DISPONIBLE,2026-09-01T18:56:23+00:00,2025-11-03T17:44:37.561071+00:00,2026-09-01T18:56:23+00:00,2026-09-01T20:38:10+00:00,1
7395,3360,1256,CHASS - UC Christus Lira 85,Santiago,Metropolitana,775989688,CHASS SPA,Chass,Tipo 2,AC,7,7,EDIFICIO,0,0,DISPONIBLE,2026-09-01T18:56:23+00:00,2025-11-03T17:42:55.686197+00:00,2026-09-01T18:56:23+00:00,2026-09-01T20:38:10+00:00,1
7397,3362,1256,CHASS - UC Christus Lira 85,Santiago,Metropolitana,775989688,CHASS SPA,Chass,Tipo 2,AC,7,7,EDIFICIO,0,0,DISPONIBLE,2026-09-01T18:56:23+00:00,2025-11-03T17:44:29.797616+00:00,2026-09-01T18:56:23+00:00,2026-09-01T20:38:10+00:00,1
7400,3363,1256,CHASS - UC Christus Lira 85,Santiago,Metropolitana,775989688,CHASS SPA,Chass,Tipo 2,AC,7,7,EDIFICIO,0,0,NO DISPONIBLE,2026-09-01T18:56:23+00:00,2025-11-03T17:43:58.388728+00:00,2026-09-01T18:56:23+00:00,2026-09-01T20:38:10+00:00,1
7401,3365,1256,CHASS - UC Christus Lira 85,Santiago,Metropolitana,775989688,CHASS SPA,Chass,Tipo 2,AC,7,7,EDIFICIO,0,0,DISPONIBLE,2026-09-01T18:56:23+00:00,2025-11-03T17:44:46.709225+00:00,2026-09-01T18:56:23+00:00,2026-09-01T20:38:10+00:00,1
7404,3366,1256,CHASS - UC Christus Lira 85,Santiago,Metropolitana,775989688,CHASS SPA,Chass,CCS 2,DC,60,(50-150],EDIFICIO,0,0,DISPONIBLE,2026-09-01T18:56:23+00:00,2025-11-03T17:44:21.219336+00:00,2026-09-01T18:56:23+00:00,2026-09-01T20:38:10+00:00,1
7405,3366,1256,CHASS - UC Christus Lira 85,Santiago,Metropolitana,775989688,CHASS SPA,Chass,CCS 2,DC,60,(50-150],EDIFICIO,0,0,DISPONIBLE,2026-09-01T18:56:23+00:00,2025-11-03T17:44:21.219336+00:00,2026-09-01T18:56:23+00:00,2026-09-01T20:38:10+00:00,1
7468,3400,1291,COPEC VOLTEX EDS 60001 - PEDRO FONTOVA,Huechuraba,Metropolitana,995200007,COPEC VOLTEX,Copec Voltex,CCS 2,DC,180,150,ELECTROESTACIÓN,0,0,DISPONIBLE,2026-09-01T20:12:55+00:00,2026-09-01T19:55:49.014229+00:00,2026-09-01T18:56:23+00:00,2026-09-01T20:38:10+00:00,1
7469,3400,1291,COPEC VOLTEX EDS 60001 - PEDRO FONTOVA,Huechuraba,Metropolitana,995200007,COPEC VOLTEX,Copec Voltex,CCS 2,DC,180,150,ELECTROESTACIÓN,0,0,DISPONIBLE,2026-09-01T18:56:23+00:00,2026-09-01T19:55:49.014229+00:00,2026-09-01T18:56:23+00:00,2026-09-01T20:38:10+00:00,1
7470,3401,1291,COPEC VOLTEX EDS 60001 - PEDRO FONTOVA,Huechuraba,Metropolitana,995200007,COPEC VOLTEX,Copec Voltex,CCS 2,DC,180,150,ELECTROESTACIÓN,0,0,DISPONIBLE,2026-09-01T20:28:04+00:00,2026-09-01T20:24:37.761289+00:00,2026-09-01T18:56:23+00:00,2026-09-01T20:38:10+00:00,1
7471,3401,1291,COPEC VOLTEX EDS 60001 - PEDRO FONTOVA,Huechuraba,Metropolitana,995200007,COPEC VOLTEX,Copec Voltex,CCS 2,DC,180,150,ELECTROESTACIÓN,0,0,DISPONIBLE,2026-09-01T20:12:55+00:00,2026-09-01T20:24:37.761289+00:00,2026-09-01T18:56:23+00:00,2026-09-01T20:38:10+00:00,1
7472,3402,1292,COPEC VOLTEX EDS 60711 - MACUL,Macul,Metropolitana,995200007,COPEC VOLTEX,Copec Voltex,CCS 2,DC,240,150,ELECTROLINERA,0,0,OCUPADO,2026-09-01T20:28:04+00:00,2026-09-01T20:30:27.887304+00:00,2026-09-01T18:56:23+00:00,2026-09-01T20:38:10+00:00,1
7473,3402,1292,COPEC VOLTEX EDS 60711 - MACUL,Macul,Metropolitana,995200007,COPEC VOLTEX,Copec Voltex,CCS 2,DC,240,150,ELECTROLINERA,0,0,DISPONIBLE,2026-09-01T20:33:07+00:00,2026-09-01T20:30:27.887304+00:00,2026-09-01T18:56:23+00:00,2026-09-01T20:38:10+00:00,1
7674,3508,1293,HUB CENCO LA FLORIDA,La Florida,Metropolitana,995200007,COPEC VOLTEX,Copec Voltex,Tipo 2,AC,7.4,7,CENTRO COMERCIAL,0,1,DISPONIBLE,2026-09-01T18:56:23+00:00,2026-09-01T01:13:00.079188+00:00,2026-09-01T18:56:23+00:00,2026-09-01T20:38:10+00:00,1
7675,3509,1293,HUB CENCO LA FLORIDA,La Florida,Metropolitana,995200007,COPEC VOLTEX,Copec Voltex,Tipo 2,AC,7.4,7,CENTRO COMERCIAL,0,1,DISPONIBLE,2026-09-01T18:56:23+00:00,2026-08-31T00:24:57.195359+00:00,2026-09-01T18:56:23+00:00,2026-09-01T20:38:10+00:00,1
7676,3510,1293,HUB CENCO LA FLORIDA,La Florida,Metropolitana,995200007,COPEC VOLTEX,Copec Voltex,Tipo 2,AC,7.4,7,CENTRO COMERCIAL,0,1,DISPONIBLE,2026-09-01T18:56:23+00:00,2026-08-31T00:36:07.306315+00:00,2026-09-01T18:56:23+00:00,2026-09-01T20:38:10+00:00,1
7677,3511,1293,HUB CENCO LA FLORIDA,La Florida,Metropolitana,995200007,COPEC VOLTEX,Copec Voltex,Tipo 2,AC,7.4,7,CENTRO COMERCIAL,0,1,DISPONIBLE,2026-09-01T18:56:23+00:00,2026-09-01T01:32:00.334333+00:00,2026-09-01T18:56:23+00:00,2026-09-01T20:38:10+00:00,1
7678,3512,1293,HUB CENCO LA FLORIDA,La Florida,Metropolitana,995200007,COPEC VOLTEX,Copec Voltex,Tipo 2,AC,7.4,7,CENTRO COMERCIAL,0,1,DISPONIBLE,2026-09-01T18:56:23+00:00,2026-08-30T02:25:09.005377+00:00,2026-09-01T18:56:23+00:00,2026-09-01T20:38:10+00:00,1
7679,3513,1293,HUB CENCO LA FLORIDA,La Florida,Metropolitana,995200007,COPEC VOLTEX,Copec Voltex,Tipo 2,AC,7.4,7,CENTRO COMERCIAL,0,1,DISPONIBLE,2026-09-01T18:56:23+00:00,2026-08-31T22:10:54.727856+00:00,2026-09-01T18:56:23+00:00,2026-09-01T20:38:10+00:00,1
7680,3514,1293,HUB CENCO LA FLORIDA,La Florida,Metropolitana,995200007,COPEC VOLTEX,Copec Voltex,Tipo 2,AC,7.4,7,CENTRO COMERCIAL,0,1,NO DISPONIBLE,2026-09-01T18:56:23+00:00,2026-04-08T18:58:06.440753+00:00,2026-09-01T18:56:23+00:00,2026-09-01T20:38:10+00:00,1
7681,3515,1293,HUB CENCO LA FLORIDA,La Florida,Metropolitana,995200007,COPEC VOLTEX,Copec Voltex,Tipo 2,AC,7.4,7,CENTRO COMERCIAL,0,1,NO DISPONIBLE,2026-09-01T18:56:23+00:00,2026-04-08T18:58:06.462980+00:00,2026-09-01T18:56:23+00:00,2026-09-01T20:38:10+00:00,1
7682,3516,1293,HUB CENCO LA FLORIDA,La Florida,Metropolitana,995200007,COPEC VOLTEX,Copec Voltex,Tipo 2,AC,7.4,7,CENTRO COMERCIAL,0,1,NO DISPONIBLE,2026-09-01T18:56:23+00:00,2026-04-08T18:58:06.483020+00:00,2026-09-01T18:56:23+00:00,2026-09-01T20:38:10+00:00,1
7683,3517,1293,HUB CENCO LA FLORIDA,La Florida,Metropolitana,995200007,COPEC VOLTEX,Copec Voltex,Tipo 2,AC,7.4,7,CENTRO COMERCIAL,0,1,NO DISPONIBLE,2026-09-01T18:56:23+00:00,2026-04-08T18:58:06.500884+00:00,2026-09-01T18:56:23+00:00,2026-09-01T20:38:10+00:00,1
7684,3518,1293,HUB CENCO LA FLORIDA,La Florida,Metropolitana,995200007,COPEC VOLTEX,Copec Voltex,Tipo 2,AC,7.4,7,CENTRO COMERCIAL,0,1,NO DISPONIBLE,2026-09-01T18:56:23+00:00,2026-04-08T18:58:06.520810+00:00,2026-09-01T18:56:23+00:00,2026-09-01T20:38:10+00:00,1
7685,3519,1293,HUB CENCO LA FLORIDA,La Florida,Metropolitana,995200007,COPEC VOLTEX,Copec Voltex,Tipo 2,AC,7.4,7,CENTRO COMERCIAL,0,1,NO DISPONIBLE,2026-09-01T18:56:23+00:00,2026-04-08T18:58:06.543267+00:00,2026-09-01T18:56:23+00:00,2026-09-01T20:38:10+00:00,1
7686,3520,1293,HUB CENCO LA FLORIDA,La Florida,Metropolitana,995200007,COPEC VOLTEX,Copec Voltex,Tipo 2,AC,7.4,7,CENTRO COMERCIAL,0,1,NO DISPONIBLE,2026-09-01T18:56:23+00:00,2026-04-08T18:58:06.563208+00:00,2026-09-01T18:56:23+00:00,2026-09-01T20:38:10+00:00,1
7687,3521,1293,HUB CENCO LA FLORIDA,La Florida,Metropolitana,995200007,COPEC VOLTEX,Copec Voltex,Tipo 2,AC,7.4,7,CENTRO COMERCIAL,0,1,NO DISPONIBLE,2026-09-01T18:56:23+00:00,2026-04-08T18:58:06.588935+00:00,2026-09-01T18:56:23+00:00,2026-09-01T20:38:10+00:00,1
7688,3522,1293,HUB CENCO LA FLORIDA,La Florida,Metropolitana,995200007,COPEC VOLTEX,Copec Voltex,Tipo 2,AC,7.4,7,CENTRO COMERCIAL,0,1,NO DISPONIBLE,2026-09-01T18:56:23+00:00,2026-04-08T18:58:06.624487+00:00,2026-09-01T18:56:23+00:00,2026-09-01T20:38:10+00:00,1
7689,3523,1293,HUB CENCO LA FLORIDA,La Florida,Metropolitana,995200007,COPEC VOLTEX,Copec Voltex,Tipo 2,AC,7.4,7,CENTRO COMERCIAL,0,1,NO DISPONIBLE,2026-09-01T18:56:23+00:00,2026-04-08T18:58:06.648879+00:00,2026-09-01T18:56:23+00:00,2026-09-01T20:38:10+00:00,1
7690,3524,1293,HUB CENCO LA FLORIDA,La Florida,Metropolitana,995200007,COPEC VOLTEX,Copec Voltex,Tipo 2,AC,7.4,7,CENTRO COMERCIAL,0,1,NO DISPONIBLE,2026-09-01T18:56:23+00:00,2026-04-08T18:58:06.676924+00:00,2026-09-01T18:56:23+00:00,2026-09-01T20:38:10+00:00,1
7691,3525,1293,HUB CENCO LA FLORIDA,La Florida,Metropolitana,995200007,COPEC VOLTEX,Copec Voltex,Tipo 2,AC,7.4,7,CENTRO COMERCIAL,0,1,NO DISPONIBLE,2026-09-01T18:56:23+00:00,2026-04-08T18:58:06.704855+00:00,2026-09-01T18:56:23+00:00,2026-09-01T20:38:10+00:00,1
7692,3526,1293,HUB CENCO LA FLORIDA,La Florida,Metropolitana,995200007,COPEC VOLTEX,Copec Voltex,Tipo 2,AC,7.4,7,CENTRO COMERCIAL,0,1,NO DISPONIBLE,2026-09-01T18:56:23+00:00,2026-04-08T18:58:06.728878+00:00,2026-09-01T18:56:23+00:00,2026-09-01T20:38:10+00:00,1
7693,3527,1293,HUB CENCO LA FLORIDA,La Florida,Metropolitana,995200007,COPEC VOLTEX,Copec Voltex,Tipo 2,AC,7.4,7,CENTRO COMERCIAL,0,1,NO DISPONIBLE,2026-09-01T18:56:23+00:00,2026-04-08T18:58:06.752855+00:00,2026-09-01T18:56:23+00:00,2026-09-01T20:38:10+00:00,1
7694,3528,1293,HUB CENCO LA FLORIDA,La Florida,Metropolitana,995200007,COPEC VOLTEX,Copec Voltex,Tipo 2,AC,7.4,7,CENTRO COMERCIAL,0,1,NO DISPONIBLE,2026-09-01T18:56:23+00:00,2026-04-08T18:58:06.780853+00:00,2026-09-01T18:56:23+00:00,2026-09-01T20:38:10+00:00,1
7695,3529,1293,HUB CENCO LA FLORIDA,La Florida,Metropolitana,995200007,COPEC VOLTEX,Copec Voltex,Tipo 2,AC,7.4,7,CENTRO COMERCIAL,0,1,NO DISPONIBLE,2026-09-01T18:56:23+00:00,2026-04-08T18:58:06.817082+00:00,2026-09-01T18:56:23+00:00,2026-09-01T20:38:10+00:00,1
7696,3530,1293,HUB CENCO LA FLORIDA,La Florida,Metropolitana,995200007,COPEC VOLTEX,Copec Voltex,Tipo 2,AC,7.4,7,CENTRO COMERCIAL,0,1,NO DISPONIBLE,2026-09-01T18:56:23+00:00,2026-04-08T18:58:06.867970+00:00,2026-09-01T18:56:23+00:00,2026-09-01T20:38:10+00:00,1
7697,3531,1293,HUB CENCO LA FLORIDA,La Florida,Metropolitana,995200007,COPEC VOLTEX,Copec Voltex,Tipo 2,AC,7.4,7,CENTRO COMERCIAL,0,1,NO DISPONIBLE,2026-09-01T18:56:23+00:00,2026-04-08T18:58:06.888955+00:00,2026-09-01T18:56:23+00:00,2026-09-01T20:38:10+00:00,1
7698,3532,1293,HUB CENCO LA FLORIDA,La Florida,Metropolitana,995200007,COPEC VOLTEX,Copec Voltex,Tipo 2,AC,7.4,7,CENTRO COMERCIAL,0,1,NO DISPONIBLE,2026-09-01T18:56:23+00:00,2026-04-08T18:58:06.918091+00:00,2026-09-01T18:56:23+00:00,2026-09-01T20:38:10+00:00,1
7699,3533,1293,HUB CENCO LA FLORIDA,La Florida,Metropolitana,995200007,COPEC VOLTEX,Copec Voltex,Tipo 2,AC,7.4,7,CENTRO COMERCIAL,0,1,NO DISPONIBLE,2026-09-01T18:56:23+00:00,2026-04-08T18:58:06.940907+00:00,2026-09-01T18:56:23+00:00,2026-09-01T20:38:10+00:00,1
7700,3534,1293,HUB CENCO LA FLORIDA,La Florida,Metropolitana,995200007,COPEC VOLTEX,Copec Voltex,Tipo 2,AC,7.4,7,CENTRO COMERCIAL,0,1,NO DISPONIBLE,2026-09-01T18:56:23+00:00,2026-04-08T18:58:06.968784+00:00,2026-09-01T18:56:23+00:00,2026-09-01T20:38:10+00:00,1
7701,3535,1293,HUB CENCO LA FLORIDA,La Florida,Metropolitana,995200007,COPEC VOLTEX,Copec Voltex,Tipo 2,AC,7.4,7,CENTRO COMERCIAL,0,1,NO DISPONIBLE,2026-09-01T18:56:23+00:00,2026-04-08T18:58:06.990535+00:00,2026-09-01T18:56:23+00:00,2026-09-01T20:38:10+00:00,1
7702,3536,1293,HUB CENCO LA FLORIDA,La Florida,Metropolitana,995200007,COPEC VOLTEX,Copec Voltex,Tipo 2,AC,7.4,7,CENTRO COMERCIAL,0,1,NO DISPONIBLE,2026-09-01T18:56:23+00:00,2026-04-08T18:58:07.012883+00:00,2026-09-01T18:56:23+00:00,2026-09-01T20:38:10+00:00,1
7703,3537,1293,HUB CENCO LA FLORIDA,La Florida,Metropolitana,995200007,COPEC VOLTEX,Copec Voltex,Tipo 2,AC,7.4,7,CENTRO COMERCIAL,0,1,NO DISPONIBLE,2026-09-01T18:56:23+00:00,2026-04-08T18:58:07.036807+00:00,2026-09-01T18:56:23+00:00,2026-09-01T20:38:10+00:00,1
7704,3538,1293,HUB CENCO LA FLORIDA,La Florida,Metropolitana,995200007,COPEC VOLTEX,Copec Voltex,Tipo 2,AC,7.4,7,CENTRO COMERCIAL,0,1,NO DISPONIBLE,2026-09-01T18:56:23+00:00,2026-04-08T18:58:07.060948+00:00,2026-09-01T18:56:23+00:00,2026-09-01T20:38:10+00:00,1
7705,3539,1293,HUB CENCO LA FLORIDA,La Florida,Metropolitana,995200007,COPEC VOLTEX,Copec Voltex,Tipo 2,AC,7.4,7,CENTRO COMERCIAL,0,1,NO DISPONIBLE,2026-09-01T18:56:23+00:00,2026-04-08T18:58:07.085460+00:00,2026-09-01T18:56:23+00:00,2026-09-01T20:38:10+00:00,1
7706,3540,1293,HUB CENCO LA FLORIDA,La Florida,Metropolitana,995200007,COPEC VOLTEX,Copec Voltex,Tipo 2,AC,7.4,7,CENTRO COMERCIAL,0,1,NO DISPONIBLE,2026-09-01T18:56:23+00:00,2026-04-08T18:58:07.112896+00:00,2026-09-01T18:56:23+00:00,2026-09-01T20:38:10+00:00,1
7707,3541,1293,HUB CENCO LA FLORIDA,La Florida,Metropolitana,995200007,COPEC VOLTEX,Copec Voltex,Tipo 2,AC,7.4,7,CENTRO COMERCIAL,0,1,NO DISPONIBLE,2026-09-01T18:56:23+00:00,2026-04-08T18:58:07.140894+00:00,2026-09-01T18:56:23+00:00,2026-09-01T20:38:10+00:00,1
7708,3542,1293,HUB CENCO LA FLORIDA,La Florida,Metropolitana,995200007,COPEC VOLTEX,Copec Voltex,Tipo 2,AC,7.4,7,CENTRO COMERCIAL,0,1,NO DISPONIBLE,2026-09-01T18:56:23+00:00,2026-04-08T18:58:07.174157+00:00,2026-09-01T18:56:23+00:00,2026-09-01T20:38:10+00:00,1
7709,3543,1293,HUB CENCO LA FLORIDA,La Florida,Metropolitana,995200007,COPEC VOLTEX,Copec Voltex,Tipo 2,AC,7.4,7,CENTRO COMERCIAL,0,1,NO DISPONIBLE,2026-09-01T18:56:23+00:00,2026-04-08T18:58:07.201847+00:00,2026-09-01T18:56:23+00:00,2026-09-01T20:38:10+00:00,1
7710,3544,1293,HUB CENCO LA FLORIDA,La Florida,Metropolitana,995200007,COPEC VOLTEX,Copec Voltex,Tipo 2,AC,7.4,7,CENTRO COMERCIAL,0,1,NO DISPONIBLE,2026-09-01T18:56:23+00:00,2026-04-08T18:58:07.236944+00:00,2026-09-01T18:56:23+00:00,2026-09-01T20:38:10+00:00,1
7711,3545,1293,HUB CENCO LA FLORIDA,La Florida,Metropolitana,995200007,COPEC VOLTEX,Copec Voltex,Tipo 2,AC,7.4,7,CENTRO COMERCIAL,0,1,NO DISPONIBLE,2026-09-01T18:56:23+00:00,2026-04-08T18:58:07.264791+00:00,2026-09-01T18:56:23+00:00,2026-09-01T20:38:10+00:00,1
7712,3546,1293,HUB CENCO LA FLORIDA,La Florida,Metropolitana,995200007,COPEC VOLTEX,Copec Voltex,Tipo 2,AC,7.4,7,CENTRO COMERCIAL,0,1,NO DISPONIBLE,2026-09-01T18:56:23+00:00,2026-04-08T18:58:07.296945+00:00,2026-09-01T18:56:23+00:00,2026-09-01T20:38:10+00:00,1
7713,3547,1293,HUB CENCO LA FLORIDA,La Florida,Metropolitana,995200007,COPEC VOLTEX,Copec Voltex,Tipo 2,AC,7.4,7,CENTRO COMERCIAL,0,1,NO DISPONIBLE,2026-09-01T18:56:23+00:00,2026-04-08T18:58:07.323044+00:00,2026-09-01T18:56:23+00:00,2026-09-01T20:38:10+00:00,1
7714,3548,1293,HUB CENCO LA FLORIDA,La Florida,Metropolitana,995200007,COPEC VOLTEX,Copec Voltex,Tipo 2,AC,7.4,7,CENTRO COMERCIAL,0,1,NO DISPONIBLE,2026-09-01T18:56:23+00:00,2026-04-08T18:58:07.356870+00:00,2026-09-01T18:56:23+00:00,2026-09-01T20:38:10+00:00,1
7715,3549,1293,HUB CENCO LA FLORIDA,La Florida,Metropolitana,995200007,COPEC VOLTEX,Copec Voltex,Tipo 2,AC,7.4,7,CENTRO COMERCIAL,0,1,NO DISPONIBLE,2026-09-01T18:56:23+00:00,2026-04-08T18:58:07.388858+00:00,2026-09-01T18:56:23+00:00,2026-09-01T20:38:10+00:00,1
7716,3550,1293,HUB CENCO LA FLORIDA,La Florida,Metropolitana,995200007,COPEC VOLTEX,Copec Voltex,Tipo 2,AC,7.4,7,CENTRO COMERCIAL,0,1,NO DISPONIBLE,2026-09-01T18:56:23+00:00,2026-04-08T18:58:07.415858+00:00,2026-09-01T18:56:23+00:00,2026-09-01T20:38:10+00:00,1
7717,3551,1293,HUB CENCO LA FLORIDA,La Florida,Metropolitana,995200007,COPEC VOLTEX,Copec Voltex,Tipo 2,AC,7.4,7,CENTRO COMERCIAL,0,1,NO DISPONIBLE,2026-09-01T18:56:23+00:00,2026-04-08T18:58:07.444871+00:00,2026-09-01T18:56:23+00:00,2026-09-01T20:38:10+00:00,1
7718,3552,1293,HUB CENCO LA FLORIDA,La Florida,Metropolitana,995200007,COPEC VOLTEX,Copec Voltex,Tipo 2,AC,7.4,7,CENTRO COMERCIAL,0,1,NO DISPONIBLE,2026-09-01T18:56:23+00:00,2026-04-08T18:58:07.479723+00:00,2026-09-01T18:56:23+00:00,2026-09-01T20:38:10+00:00,1
7719,3553,1293,HUB CENCO LA FLORIDA,La Florida,Metropolitana,995200007,COPEC VOLTEX,Copec Voltex,Tipo 2,AC,7.4,7,CENTRO COMERCIAL,0,1,NO DISPONIBLE,2026-09-01T18:56:23+00:00,2026-04-08T18:58:07.508819+00:00,2026-09-01T18:56:23+00:00,2026-09-01T20:38:10+00:00,1
7720,3554,1293,HUB CENCO LA FLORIDA,La Florida,Metropolitana,995200007,COPEC VOLTEX,Copec Voltex,Tipo 2,AC,7.4,7,CENTRO COMERCIAL,0,1,NO DISPONIBLE,2026-09-01T18:56:23+00:00,2026-04-08T18:58:07.540815+00:00,2026-09-01T18:56:23+00:00,2026-09-01T20:38:10+00:00,1
7721,3555,1293,HUB CENCO LA FLORIDA,La Florida,Metropolitana,995200007,COPEC VOLTEX,Copec Voltex,Tipo 2,AC,7.4,7,CENTRO COMERCIAL,0,1,NO DISPONIBLE,2026-09-01T18:56:23+00:00,2026-04-08T18:58:07.580955+00:00,2026-09-01T18:56:23+00:00,2026-09-01T20:38:10+00:00,1
7722,3556,1293,HUB CENCO LA FLORIDA,La Florida,Metropolitana,995200007,COPEC VOLTEX,Copec Voltex,Tipo 2,AC,7.4,7,CENTRO COMERCIAL,0,1,NO DISPONIBLE,2026-09-01T18:56:23+00:00,2026-04-08T18:58:07.612907+00:00,2026-09-01T18:56:23+00:00,2026-09-01T20:38:10+00:00,1
7723,3557,1293,HUB CENCO LA FLORIDA,La Florida,Metropolitana,995200007,COPEC VOLTEX,Copec Voltex,Tipo 2,AC,7.4,7,CENTRO COMERCIAL,0,1,NO DISPONIBLE,2026-09-01T18:56:23+00:00,2026-04-08T18:58:07.653856+00:00,2026-09-01T18:56:23+00:00,2026-09-01T20:38:10+00:00,1
7724,3558,1293,HUB CENCO LA FLORIDA,La Florida,Metropolitana,995200007,COPEC VOLTEX,Copec Voltex,Tipo 2,AC,7.4,7,CENTRO COMERCIAL,0,1,NO DISPONIBLE,2026-09-01T18:56:23+00:00,2026-04-08T18:58:07.693183+00:00,2026-09-01T18:56:23+00:00,2026-09-01T20:38:10+00:00,1
7725,3559,1293,HUB CENCO LA FLORIDA,La Florida,Metropolitana,995200007,COPEC VOLTEX,Copec Voltex,Tipo 2,AC,7.4,7,CENTRO COMERCIAL,0,1,NO DISPONIBLE,2026-09-01T18:56:23+00:00,2026-04-08T18:58:07.725072+00:00,2026-09-01T18:56:23+00:00,2026-09-01T20:38:10+00:00,1
7726,3560,1293,HUB CENCO LA FLORIDA,La Florida,Metropolitana,995200007,COPEC VOLTEX,Copec Voltex,Tipo 2,AC,7.4,7,CENTRO COMERCIAL,0,1,NO DISPONIBLE,2026-09-01T18:56:23+00:00,2026-04-08T18:58:07.754740+00:00,2026-09-01T18:56:23+00:00,2026-09-01T20:38:10+00:00,1
7727,3561,1293,HUB CENCO LA FLORIDA,La Florida,Metropolitana,995200007,COPEC VOLTEX,Copec Voltex,Tipo 2,AC,7.4,7,CENTRO COMERCIAL,0,1,NO DISPONIBLE,2026-09-01T18:56:23+00:00,2026-04-08T18:58:07.787297+00:00,2026-09-01T18:56:23+00:00,2026-09-01T20:38:10+00:00,1
7728,3562,1293,HUB CENCO LA FLORIDA,La Florida,Metropolitana,995200007,COPEC VOLTEX,Copec Voltex,Tipo 2,AC,7.4,7,CENTRO COMERCIAL,0,1,NO DISPONIBLE,2026-09-01T18:56:23+00:00,2026-04-08T18:58:07.825110+00:00,2026-09-01T18:56:23+00:00,2026-09-01T20:38:10+00:00,1
7729,3563,1293,HUB CENCO LA FLORIDA,La Florida,Metropolitana,995200007,COPEC VOLTEX,Copec Voltex,Tipo 2,AC,7.4,7,CENTRO COMERCIAL,0,1,NO DISPONIBLE,2026-09-01T18:56:23+00:00,2026-04-08T18:58:07.861028+00:00,2026-09-01T18:56:23+00:00,2026-09-01T20:38:10+00:00,1
7730,3564,1293,HUB CENCO LA FLORIDA,La Florida,Metropolitana,995200007,COPEC VOLTEX,Copec Voltex,Tipo 2,AC,7.4,7,CENTRO COMERCIAL,0,1,NO DISPONIBLE,2026-09-01T18:56:23+00:00,2026-04-08T18:58:07.896969+00:00,2026-09-01T18:56:23+00:00,2026-09-01T20:38:10+00:00,1
7731,3565,1293,HUB CENCO LA FLORIDA,La Florida,Metropolitana,995200007,COPEC VOLTEX,Copec Voltex,Tipo 2,AC,7.4,7,CENTRO COMERCIAL,0,1,NO DISPONIBLE,2026-09-01T18:56:23+00:00,2026-04-08T18:58:07.928963+00:00,2026-09-01T18:56:23+00:00,2026-09-01T20:38:10+00:00,1
7732,3566,1293,HUB CENCO LA FLORIDA,La Florida,Metropolitana,995200007,COPEC VOLTEX,Copec Voltex,Tipo 2,AC,7.4,7,CENTRO COMERCIAL,0,1,NO DISPONIBLE,2026-09-01T18:56:23+00:00,2026-04-08T18:58:07.956850+00:00,2026-09-01T18:56:23+00:00,2026-09-01T20:38:10+00:00,1
7733,3567,1293,HUB CENCO LA FLORIDA,La Florida,Metropolitana,995200007,COPEC VOLTEX,Copec Voltex,Tipo 2,AC,7.4,7,CENTRO COMERCIAL,0,1,NO DISPONIBLE,2026-09-01T18:56:23+00:00,2026-04-08T18:58:07.988947+00:00,2026-09-01T18:56:23+00:00,2026-09-01T20:38:10+00:00,1
7734,3568,1293,HUB CENCO LA FLORIDA,La Florida,Metropolitana,995200007,COPEC VOLTEX,Copec Voltex,Tipo 2,AC,7.4,7,CENTRO COMERCIAL,0,1,NO DISPONIBLE,2026-09-01T18:56:23+00:00,2026-04-08T18:58:08.028850+00:00,2026-09-01T18:56:23+00:00,2026-09-01T20:38:10+00:00,1
7735,3569,1293,HUB CENCO LA FLORIDA,La Florida,Metropolitana,995200007,COPEC VOLTEX,Copec Voltex,Tipo 2,AC,7.4,7,CENTRO COMERCIAL,0,1,NO DISPONIBLE,2026-09-01T18:56:23+00:00,2026-04-08T18:58:08.061264+00:00,2026-09-01T18:56:23+00:00,2026-09-01T20:38:10+00:00,1
7736,3570,1293,HUB CENCO LA FLORIDA,La Florida,Metropolitana,995200007,COPEC VOLTEX,Copec Voltex,Tipo 2,AC,7.4,7,CENTRO COMERCIAL,0,1,NO DISPONIBLE,2026-09-01T18:56:23+00:00,2026-04-08T18:58:08.091576+00:00,2026-09-01T18:56:23+00:00,2026-09-01T20:38:10+00:00,1
7737,3571,1293,HUB CENCO LA FLORIDA,La Florida,Metropolitana,995200007,COPEC VOLTEX,Copec Voltex,Tipo 2,AC,7.4,7,CENTRO COMERCIAL,0,1,NO DISPONIBLE,2026-09-01T18:56:23+00:00,2026-04-08T18:58:08.120851+00:00,2026-09-01T18:56:23+00:00,2026-09-01T20:38:10+00:00,1
7738,3572,1293,HUB CENCO LA FLORIDA,La Florida,Metropolitana,995200007,COPEC VOLTEX,Copec Voltex,Tipo 2,AC,7.4,7,CENTRO COMERCIAL,0,1,NO DISPONIBLE,2026-09-01T18:56:23+00:00,2026-04-08T18:58:08.148902+00:00,2026-09-01T18:56:23+00:00,2026-09-01T20:38:10+00:00,1
7739,3573,1293,HUB CENCO LA FLORIDA,La Florida,Metropolitana,995200007,COPEC VOLTEX,Copec Voltex,Tipo 2,AC,7.4,7,CENTRO COMERCIAL,0,1,NO DISPONIBLE,2026-09-01T18:56:23+00:00,2026-04-08T18:58:08.176724+00:00,2026-09-01T18:56:23+00:00,2026-09-01T20:38:10+00:00,1
7740,3574,1293,HUB CENCO LA FLORIDA,La Florida,Metropolitana,995200007,COPEC VOLTEX,Copec Voltex,Tipo 2,AC,7.4,7,CENTRO COMERCIAL,0,1,NO DISPONIBLE,2026-09-01T18:56:23+00:00,2026-04-08T18:58:08.208876+00:00,2026-09-01T18:56:23+00:00,2026-09-01T20:38:10+00:00,1
7741,3575,1293,HUB CENCO LA FLORIDA,La Florida,Metropolitana,995200007,COPEC VOLTEX,Copec Voltex,Tipo 2,AC,7.4,7,CENTRO COMERCIAL,0,1,NO DISPONIBLE,2026-09-01T18:56:23+00:00,2026-04-08T18:58:08.240797+00:00,2026-09-01T18:56:23+00:00,2026-09-01T20:38:10+00:00,1
7742,3576,1293,HUB CENCO LA FLORIDA,La Florida,Metropolitana,995200007,COPEC VOLTEX,Copec Voltex,Tipo 2,AC,7.4,7,CENTRO COMERCIAL,0,1,NO DISPONIBLE,2026-09-01T18:56:23+00:00,2026-04-08T18:58:08.276611+00:00,2026-09-01T18:56:23+00:00,2026-09-01T20:38:10+00:00,1
7743,3577,1293,HUB CENCO LA FLORIDA,La Florida,Metropolitana,995200007,COPEC VOLTEX,Copec Voltex,Tipo 2,AC,7.4,7,CENTRO COMERCIAL,0,1,NO DISPONIBLE,2026-09-01T18:56:23+00:00,2026-04-08T18:58:08.308733+00:00,2026-09-01T18:56:23+00:00,2026-09-01T20:38:10+00:00,1
7744,3578,1293,HUB CENCO LA FLORIDA,La Florida,Metropolitana,995200007,COPEC VOLTEX,Copec Voltex,Tipo 2,AC,7.4,7,CENTRO COMERCIAL,0,1,NO DISPONIBLE,2026-09-01T18:56:23+00:00,2026-04-08T18:58:08.364898+00:00,2026-09-01T18:56:23+00:00,2026-09-01T20:38:10+00:00,1
7745,3579,1293,HUB CENCO LA FLORIDA,La Florida,Metropolitana,995200007,COPEC VOLTEX,Copec Voltex,Tipo 2,AC,7.4,7,CENTRO COMERCIAL,0,1,NO DISPONIBLE,2026-09-01T18:56:23+00:00,2026-04-08T18:58:08.407977+00:00,2026-09-01T18:56:23+00:00,2026-09-01T20:38:10+00:00,1
7746,3580,1293,HUB CENCO LA FLORIDA,La Florida,Metropolitana,995200007,COPEC VOLTEX,Copec Voltex,Tipo 2,AC,7.4,7,CENTRO COMERCIAL,0,1,NO DISPONIBLE,2026-09-01T18:56:23+00:00,2026-04-08T18:58:08.448887+00:00,2026-09-01T18:56:23+00:00,2026-09-01T20:38:10+00:00,1
7747,3581,1293,HUB CENCO LA FLORIDA,La Florida,Metropolitana,995200007,COPEC VOLTEX,Copec Voltex,Tipo 2,AC,7.4,7,CENTRO COMERCIAL,0,1,NO DISPONIBLE,2026-09-01T18:56:23+00:00,2026-04-08T18:58:08.488353+00:00,2026-09-01T18:56:23+00:00,2026-09-01T20:38:10+00:00,1
7748,3582,1293,HUB CENCO LA FLORIDA,La Florida,Metropolitana,995200007,COPEC VOLTEX,Copec Voltex,Tipo 2,AC,7.4,7,CENTRO COMERCIAL,0,1,NO DISPONIBLE,2026-09-01T18:56:23+00:00,2026-04-08T18:58:08.532907+00:00,2026-09-01T18:56:23+00:00,2026-09-01T20:38:10+00:00,1
7749,3583,1293,HUB CENCO LA FLORIDA,La Florida,Metropolitana,995200007,COPEC VOLTEX,Copec Voltex,Tipo 2,AC,7.4,7,CENTRO COMERCIAL,0,1,NO DISPONIBLE,2026-09-01T18:56:23+00:00,2026-04-08T18:58:08.567512+00:00,2026-09-01T18:56:23+00:00,2026-09-01T20:38:10+00:00,1
7750,3584,1293,HUB CENCO LA FLORIDA,La Florida,Metropolitana,995200007,COPEC VOLTEX,Copec Voltex,Tipo 2,AC,7.4,7,CENTRO COMERCIAL,0,1,NO DISPONIBLE,2026-09-01T18:56:23+00:00,2026-04-08T18:58:08.608849+00:00,2026-09-01T18:56:23+00:00,2026-09-01T20:38:10+00:00,1
7751,3585,1293,HUB CENCO LA FLORIDA,La Florida,Metropolitana,995200007,COPEC VOLTEX,Copec Voltex,Tipo 2,AC,7.4,7,CENTRO COMERCIAL,0,1,NO DISPONIBLE,2026-09-01T18:56:23+00:00,2026-04-08T18:58:08.656839+00:00,2026-09-01T18:56:23+00:00,2026-09-01T20:38:10+00:00,1
7752,3586,1293,HUB CENCO LA FLORIDA,La Florida,Metropolitana,995200007,COPEC VOLTEX,Copec Voltex,Tipo 2,AC,7.4,7,CENTRO COMERCIAL,0,1,NO DISPONIBLE,2026-09-01T18:56:23+00:00,2026-04-08T18:58:08.690696+00:00,2026-09-01T18:56:23+00:00,2026-09-01T20:38:10+00:00,1
7753,3587,1293,HUB CENCO LA FLORIDA,La Florida,Metropolitana,995200007,COPEC VOLTEX,Copec Voltex,Tipo 2,AC,7.4,7,CENTRO COMERCIAL,0,1,NO DISPONIBLE,2026-09-01T18:56:23+00:00,2026-04-08T18:58:08.736810+00:00,2026-09-01T18:56:23+00:00,2026-09-01T20:38:10+00:00,1
7754,3588,1293,HUB CENCO LA FLORIDA,La Florida,Metropolitana,995200007,COPEC VOLTEX,Copec Voltex,Tipo 2,AC,7.4,7,CENTRO COMERCIAL,0,1,NO DISPONIBLE,2026-09-01T18:56:23+00:00,2026-04-08T18:58:08.768933+00:00,2026-09-01T18:56:23+00:00,2026-09-01T20:38:10+00:00,1
7755,3589,1293,HUB CENCO LA FLORIDA,La Florida,Metropolitana,995200007,COPEC VOLTEX,Copec Voltex,Tipo 2,AC,7.4,7,CENTRO COMERCIAL,0,1,NO DISPONIBLE,2026-09-01T18:56:23+00:00,2026-04-08T18:58:08.837947+00:00,2026-09-01T18:56:23+00:00,2026-09-01T20:38:10+00:00,1
7756,3590,1293,HUB CENCO LA FLORIDA,La Florida,Metropolitana,995200007,COPEC VOLTEX,Copec Voltex,Tipo 2,AC,7.4,7,CENTRO COMERCIAL,0,1,NO DISPONIBLE,2026-09-01T18:56:23+00:00,2026-04-08T18:58:08.871902+00:00,2026-09-01T18:56:23+00:00,2026-09-01T20:38:10+00:00,1
7757,3591,1293,HUB CENCO LA FLORIDA,La Florida,Metropolitana,995200007,COPEC VOLTEX,Copec Voltex,Tipo 2,AC,7.4,7,CENTRO COMERCIAL,0,1,NO DISPONIBLE,2026-09-01T18:56:23+00:00,2026-04-08T18:58:08.914250+00:00,2026-09-01T18:56:23+00:00,2026-09-01T20:38:10+00:00,1
7758,3592,1293,HUB CENCO LA FLORIDA,La Florida,Metropolitana,995200007,COPEC VOLTEX,Copec Voltex,Tipo 2,AC,7.4,7,CENTRO COMERCIAL,0,1,NO DISPONIBLE,2026-09-01T18:56:23+00:00,2026-04-08T18:58:08.952650+00:00,2026-09-01T18:56:23+00:00,2026-09-01T20:38:10+00:00,1
7759,3593,1293,HUB CENCO LA FLORIDA,La Florida,Metropolitana,995200007,COPEC VOLTEX,Copec Voltex,Tipo 2,AC,7.4,7,CENTRO COMERCIAL,0,1,NO DISPONIBLE,2026-09-01T18:56:23+00:00,2026-04-08T18:58:08.989422+00:00,2026-09-01T18:56:23+00:00,2026-09-01T20:38:10+00:00,1
7760,3594,1293,HUB CENCO LA FLORIDA,La Florida,Metropolitana,995200007,COPEC VOLTEX,Copec Voltex,Tipo 2,AC,7.4,7,CENTRO COMERCIAL,0,1,NO DISPONIBLE,2026-09-01T18:56:23+00:00,2026-04-08T18:58:09.028774+00:00,2026-09-01T18:56:23+00:00,2026-09-01T20:38:10+00:00,1
7761,3595,1293,HUB CENCO LA FLORIDA,La Florida,Metropolitana,995200007,COPEC VOLTEX,Copec Voltex,Tipo 2,AC,7.4,7,CENTRO COMERCIAL,0,1,NO DISPONIBLE,2026-09-01T18:56:23+00:00,2026-04-08T18:58:09.068867+00:00,2026-09-01T18:56:23+00:00,2026-09-01T20:38:10+00:00,1
7762,3596,1293,HUB CENCO LA FLORIDA,La Florida,Metropolitana,995200007,COPEC VOLTEX,Copec Voltex,Tipo 2,AC,7.4,7,CENTRO COMERCIAL,0,1,NO DISPONIBLE,2026-09-01T18:56:23+00:00,2026-04-08T18:58:09.116829+00:00,2026-09-01T18:56:23+00:00,2026-09-01T20:38:10+00:00,1
7763,3597,1293,HUB CENCO LA FLORIDA,La Florida,Metropolitana,995200007,COPEC VOLTEX,Copec Voltex,Tipo 2,AC,7.4,7,CENTRO COMERCIAL,0,1,NO DISPONIBLE,2026-09-01T18:56:23+00:00,2026-04-08T18:58:09.252978+00:00,2026-09-01T18:56:23+00:00,2026-09-01T20:38:10+00:00,1
7764,3598,1293,HUB CENCO LA FLORIDA,La Florida,Metropolitana,995200007,COPEC VOLTEX,Copec Voltex,Tipo 2,AC,7.4,7,CENTRO COMERCIAL,0,1,NO DISPONIBLE,2026-09-01T18:56:23+00:00,2026-04-08T18:58:09.288742+00:00,2026-09-01T18:56:23+00:00,2026-09-01T20:38:10+00:00,1
7765,3599,1293,HUB CENCO LA FLORIDA,La Florida,Metropolitana,995200007,COPEC VOLTEX,Copec Voltex,Tipo 2,AC,7.4,7,CENTRO COMERCIAL,0,1,NO DISPONIBLE,2026-09-01T18:56:23+00:00,2026-04-08T18:58:09.329056+00:00,2026-09-01T18:56:23+00:00,2026-09-01T20:38:10+00:00,1
7766,3600,1293,HUB CENCO LA FLORIDA,La Florida,Metropolitana,995200007,COPEC VOLTEX,Copec Voltex,Tipo 2,AC,7.4,7,CENTRO COMERCIAL,0,1,NO DISPONIBLE,2026-09-01T18:56:23+00:00,2026-04-08T18:58:09.373870+00:00,2026-09-01T18:56:23+00:00,2026-09-01T20:38:10+00:00,1
7767,3601,1293,HUB CENCO LA FLORIDA,La Florida,Metropolitana,995200007,COPEC VOLTEX,Copec Voltex,Tipo 2,AC,7.4,7,CENTRO COMERCIAL,0,1,NO DISPONIBLE,2026-09-01T18:56:23+00:00,2026-04-08T18:58:09.416979+00:00,2026-09-01T18:56:23+00:00,2026-09-01T20:38:10+00:00,1
7768,3602,1293,HUB CENCO LA FLORIDA,La Florida,Metropolitana,995200007,COPEC VOLTEX,Copec Voltex,Tipo 2,AC,7.4,7,CENTRO COMERCIAL,0,0,NO DISPONIBLE,2026-09-01T18:56:23+00:00,2025-08-14T06:02:20.622303+00:00,2026-09-01T18:56:23+00:00,2026-09-01T20:38:10+00:00,1
7769,3603,1293,HUB CENCO LA FLORIDA,La Florida,Metropolitana,995200007,COPEC VOLTEX,Copec Voltex,Tipo 2,AC,7.4,7,CENTRO COMERCIAL,0,0,NO DISPONIBLE,2026-09-01T18:56:23+00:00,2025-08-14T06:02:20.622303+00:00,2026-09-01T18:56:23+00:00,2026-09-01T20:38:10+00:00,1
7770,3604,1293,HUB CENCO LA FLORIDA,La Florida,Metropolitana,995200007,COPEC VOLTEX,Copec Voltex,Tipo 2,AC,7.4,7,CENTRO COMERCIAL,0,0,NO DISPONIBLE,2026-09-01T18:56:23+00:00,2025-08-14T06:02:20.622303+00:00,2026-09-01T18:56:23+00:00,2026-09-01T20:38:10+00:00,1
7771,3605,1293,HUB CENCO LA FLORIDA,La Florida,Metropolitana,995200007,COPEC VOLTEX,Copec Voltex,Tipo 2,AC,7.4,7,CENTRO COMERCIAL,0,0,NO DISPONIBLE,2026-09-01T18:56:23+00:00,2025-08-14T06:02:20.622303+00:00,2026-09-01T18:56:23+00:00,2026-09-01T20:38:10+00:00,1
7772,3606,1293,HUB CENCO LA FLORIDA,La Florida,Metropolitana,995200007,COPEC VOLTEX,Copec Voltex,Tipo 2,AC,7.4,7,CENTRO COMERCIAL,0,0,NO DISPONIBLE,2026-09-01T18:56:23+00:00,2025-08-14T06:02:20.622303+00:00,2026-09-01T18:56:23+00:00,2026-09-01T20:38:10+00:00,1
7773,3607,1293,HUB CENCO LA FLORIDA,La Florida,Metropolitana,995200007,COPEC VOLTEX,Copec Voltex,Tipo 2,AC,7.4,7,CENTRO COMERCIAL,0,0,NO DISPONIBLE,2026-09-01T18:56:23+00:00,2025-08-14T06:02:20.622303+00:00,2026-09-01T18:56:23+00:00,2026-09-01T20:38:10+00:00,1
7774,3608,1294,SAVE VOLTEX SAN PABLO EDS 60077,Quinta Normal,Metropolitana,995200007,COPEC VOLTEX,Copec Voltex,CCS 2,DC,240,150,ELECTROLINERA,0,0,DISPONIBLE,2026-09-01T20:23:01+00:00,2026-09-01T20:18:28.586872+00:00,2026-09-01T18:56:23+00:00,2026-09-01T20:38:10+00:00,1
7775,3608,1294,SAVE VOLTEX SAN PABLO EDS 60077,Quinta Normal,Metropolitana,995200007,COPEC VOLTEX,Copec Voltex,CCS 2,DC,240,150,ELECTROLINERA,0,0,DISPONIBLE,2026-09-01T18:56:23+00:00,2026-09-01T20:18:28.586872+00:00,2026-09-01T18:56:23+00:00,2026-09-01T20:38:10+00:00,1
8016,3735,1295,SAVE VOLTEX LA SERENA ,La Serena,Coquimbo,995200007,COPEC VOLTEX,Copec Voltex,CCS 2,DC,180,150,ELECTROLINERA,0,0,OCUPADO,2026-09-01T20:33:07+00:00,2026-09-01T20:29:41.193241+00:00,2026-09-01T18:56:23+00:00,2026-09-01T20:38:10+00:00,1
8017,3735,1295,SAVE VOLTEX LA SERENA ,La Serena,Coquimbo,995200007,COPEC VOLTEX,Copec Voltex,CCS 2,DC,180,150,ELECTROLINERA,0,0,DISPONIBLE,2026-09-01T18:56:23+00:00,2026-09-01T20:29:41.193241+00:00,2026-09-01T18:56:23+00:00,2026-09-01T20:38:10+00:00,1
8018,3736,1295,SAVE VOLTEX LA SERENA ,La Serena,Coquimbo,995200007,COPEC VOLTEX,Copec Voltex,CCS 2,DC,180,150,ELECTROLINERA,0,0,DISPONIBLE,2026-09-01T18:56:23+00:00,2026-09-01T20:09:58.641932+00:00,2026-09-01T18:56:23+00:00,2026-09-01T20:38:10+00:00,1
8019,3736,1295,SAVE VOLTEX LA SERENA ,La Serena,Coquimbo,995200007,COPEC VOLTEX,Copec Voltex,CCS 2,DC,180,150,ELECTROLINERA,0,0,DISPONIBLE,2026-09-01T18:56:23+00:00,2026-09-01T20:09:58.641932+00:00,2026-09-01T18:56:23+00:00,2026-09-01T20:38:10+00:00,1
8100,3779,1296,ENEL X - PARQUE ARAUCO,Las Condes,Metropolitana,777415484,ENEL X,Enel,CCS 2,DC,30,(22-50],OTRO,0,0,OCUPADO,2026-09-01T18:56:23+00:00,2026-09-01T19:56:58.470735+00:00,2026-09-01T18:56:23+00:00,2026-09-01T20:38:10+00:00,1
8101,3780,1296,ENEL X - PARQUE ARAUCO,Las Condes,Metropolitana,777415484,ENEL X,Enel,CCS 2,DC,30,(22-50],OTRO,0,0,DISPONIBLE,2026-09-01T18:56:23+00:00,2026-09-01T17:46:43.620357+00:00,2026-09-01T18:56:23+00:00,2026-09-01T20:38:10+00:00,1
8102,3781,1296,ENEL X - PARQUE ARAUCO,Las Condes,Metropolitana,777415484,ENEL X,Enel,CCS 2,DC,30,(22-50],OTRO,0,0,OCUPADO,2026-09-01T20:33:07+00:00,2026-09-01T20:37:04.463037+00:00,2026-09-01T18:56:23+00:00,2026-09-01T20:38:10+00:00,1
8103,3782,1296,ENEL X - PARQUE ARAUCO,Las Condes,Metropolitana,777415484,ENEL X,Enel,CCS 2,DC,30,(22-50],OTRO,0,0,DISPONIBLE,2026-09-01T18:56:23+00:00,2026-09-01T14:56:26.634003+00:00,2026-09-01T18:56:23+00:00,2026-09-01T20:38:10+00:00,1
8104,3783,1296,ENEL X - PARQUE ARAUCO,Las Condes,Metropolitana,777415484,ENEL X,Enel,Tipo 2,AC,22,(7-22],OTRO,0,0,FUERA DE LINEA,2026-09-01T18:56:23+00:00,2026-05-26T19:50:01.145703+00:00,2026-09-01T18:56:23+00:00,2026-09-01T20:38:10+00:00,1
8105,3784,1296,ENEL X - PARQUE ARAUCO,Las Condes,Metropolitana,777415484,ENEL X,Enel,Tipo 2,AC,22,(7-22],OTRO,0,0,FUERA DE LINEA,2026-09-01T18:56:23+00:00,2026-05-26T20:08:22.677827+00:00,2026-09-01T18:56:23+00:00,2026-09-01T20:38:10+00:00,1
8106,3785,1296,ENEL X - PARQUE ARAUCO,Las Condes,Metropolitana,777415484,ENEL X,Enel,Tipo 2,AC,22,(7-22],OTRO,0,0,DISPONIBLE,2026-09-01T18:56:23+00:00,2025-10-22T18:29:21.270063+00:00,2026-09-01T18:56:23+00:00,2026-09-01T20:38:10+00:00,1
8107,3786,1296,ENEL X - PARQUE ARAUCO,Las Condes,Metropolitana,777415484,ENEL X,Enel,Tipo 2,AC,22,(7-22],OTRO,0,0,FUERA DE LINEA,2026-09-01T18:56:23+00:00,2026-09-01T04:07:42.929118+00:00,2026-09-01T18:56:23+00:00,2026-09-01T20:38:10+00:00,1
8108,3787,1296,ENEL X - PARQUE ARAUCO,Las Condes,Metropolitana,777415484,ENEL X,Enel,Favor actualizar valor,AC,150,(50-150],OTRO,0,0,DISPONIBLE,2026-09-01T18:56:23+00:00,2026-09-01T20:18:10.333214+00:00,2026-09-01T18:56:23+00:00,2026-09-01T20:38:10+00:00,1
8109,3787,1296,ENEL X - PARQUE ARAUCO,Las Condes,Metropolitana,777415484,ENEL X,Enel,Favor actualizar valor,AC,150,(50-150],OTRO,0,0,DISPONIBLE,2026-09-01T18:56:23+00:00,2026-09-01T20:18:10.333214+00:00,2026-09-01T18:56:23+00:00,2026-09-01T20:38:10+00:00,1
8110,3788,1297,COPEC VOLTEX EDS 20019 - PAICAVI,Concepción,Biobío,995200007,COPEC VOLTEX,Copec Voltex,CCS 2,DC,180,150,ELECTROLINERA,0,0,DISPONIBLE,2026-09-01T20:12:55+00:00,2026-09-01T19:44:09.331655+00:00,2026-09-01T18:56:23+00:00,2026-09-01T20:38:10+00:00,1
8111,3788,1297,COPEC VOLTEX EDS 20019 - PAICAVI,Concepción,Biobío,995200007,COPEC VOLTEX,Copec Voltex,CCS 2,DC,180,150,ELECTROLINERA,0,0,DISPONIBLE,2026-09-01T20:12:55+00:00,2026-09-01T19:44:09.331655+00:00,2026-09-01T18:56:23+00:00,2026-09-01T20:38:10+00:00,1
8112,3789,1297,COPEC VOLTEX EDS 20019 - PAICAVI,Concepción,Biobío,995200007,COPEC VOLTEX,Copec Voltex,CCS 2,DC,180,150,ELECTROLINERA,0,0,OCUPADO,2026-09-01T20:23:01+00:00,2026-09-01T20:20:11.710950+00:00,2026-09-01T18:56:23+00:00,2026-09-01T20:38:10+00:00,1
8113,3789,1297,COPEC VOLTEX EDS 20019 - PAICAVI,Concepción,Biobío,995200007,COPEC VOLTEX,Copec Voltex,CCS 2,DC,180,150,ELECTROLINERA,0,0,OCUPADO,2026-09-01T20:12:55+00:00,2026-09-01T20:20:11.710950+00:00,2026-09-01T18:56:23+00:00,2026-09-01T20:38:10+00:00,1
8154,3811,1298,IRVE Strip Center Padre Hurtado,Las Condes,Metropolitana,777415484,ENEL X,Enel,CCS 2,DC,60,(50-150],,0,0,DISPONIBLE,2026-09-01T20:17:59+00:00,2026-09-01T20:22:02.945759+00:00,2026-09-01T18:56:23+00:00,2026-09-01T20:38:10+00:00,1
8155,3811,1298,IRVE Strip Center Padre Hurtado,Las Condes,Metropolitana,777415484,ENEL X,Enel,CCS 2,DC,60,(50-150],,0,0,OCUPADO,2026-09-01T20:23:01+00:00,2026-09-01T20:22:02.945759+00:00,2026-09-01T18:56:23+00:00,2026-09-01T20:38:10+00:00,1
8156,3812,1299,IRVE Tottus Catedral,Santiago,Metropolitana,777415484,ENEL X,Enel,CCS 2,DC,60,(50-150],ELECTROLINERA,0,0,DISPONIBLE,2026-09-01T18:56:23+00:00,2026-09-01T19:41:52.912244+00:00,2026-09-01T18:56:23+00:00,2026-09-01T20:38:10+00:00,1
8157,3812,1299,IRVE Tottus Catedral,Santiago,Metropolitana,777415484,ENEL X,Enel,CCS 2,DC,60,(50-150],ELECTROLINERA,0,0,DISPONIBLE,2026-09-01T18:56:23+00:00,2026-09-01T19:41:52.912244+00:00,2026-09-01T18:56:23+00:00,2026-09-01T20:38:10+00:00,1
8158,3813,1299,IRVE Tottus Catedral,Santiago,Metropolitana,777415484,ENEL X,Enel,CCS 2,DC,60,(50-150],ELECTROLINERA,0,0,DISPONIBLE,2026-09-01T18:56:23+00:00,2026-09-01T19:51:54.913779+00:00,2026-09-01T18:56:23+00:00,2026-09-01T20:38:10+00:00,1
8159,3813,1299,IRVE Tottus Catedral,Santiago,Metropolitana,777415484,ENEL X,Enel,CCS 2,DC,60,(50-150],ELECTROLINERA,0,0,DISPONIBLE,2026-09-01T18:56:23+00:00,2026-09-01T19:51:54.913779+00:00,2026-09-01T18:56:23+00:00,2026-09-01T20:38:10+00:00,1
8163,3816,260,IRVE Tottus La Cisterna,La Cisterna,Metropolitana,777415484,ENEL X,Enel,CCS 2,DC,60,(50-150],CENTRO COMERCIAL,0,0,DISPONIBLE,2026-09-01T20:23:01+00:00,2026-09-01T20:22:00.612599+00:00,2026-09-01T18:56:23+00:00,2026-09-01T20:38:10+00:00,1
8164,3816,260,IRVE Tottus La Cisterna,La Cisterna,Metropolitana,777415484,ENEL X,Enel,CCS 2,DC,60,(50-150],CENTRO COMERCIAL,0,0,OCUPADO,2026-09-01T20:38:10+00:00,2026-09-01T20:22:00.612599+00:00,2026-09-01T18:56:23+00:00,2026-09-01T20:38:10+00:00,1
8178,3824,268,IRVE Petrobras Príncipe de Gales,La Reina,Metropolitana,777415484,ENEL X,Enel,Tipo 2,AC,22,(7-22],OTRO,0,0,DISPONIBLE,2026-09-01T18:56:23+00:00,2026-09-01T04:09:24.653166+00:00,2026-09-01T18:56:23+00:00,2026-09-01T20:38:10+00:00,1
8181,3825,268,IRVE Petrobras Príncipe de Gales,La Reina,Metropolitana,777415484,ENEL X,Enel,CCS 2,DC,60,(50-150],OTRO,0,0,DISPONIBLE,2026-09-01T18:56:23+00:00,2026-09-01T16:51:38.538742+00:00,2026-09-01T18:56:23+00:00,2026-09-01T20:38:10+00:00,1
8182,3825,268,IRVE Petrobras Príncipe de Gales,La Reina,Metropolitana,777415484,ENEL X,Enel,CCS 2,DC,60,(50-150],OTRO,0,0,DISPONIBLE,2026-09-01T18:56:23+00:00,2026-09-01T16:51:38.538742+00:00,2026-09-01T18:56:23+00:00,2026-09-01T20:38:10+00:00,1
8191,3830,267,Enel X Way - CARGADOR ESPACIO URBANO SAN MIGUEL ,San Miguel,Metropolitana,777415484,ENEL X,Enel,CCS 2,DC,60,(50-150],CENTRO COMERCIAL,0,0,NO DISPONIBLE,2026-09-01T20:33:07+00:00,2026-09-01T20:30:17.412028+00:00,2026-09-01T18:56:23+00:00,2026-09-01T20:38:10+00:00,1
8192,3830,267,Enel X Way - CARGADOR ESPACIO URBANO SAN MIGUEL ,San Miguel,Metropolitana,777415484,ENEL X,Enel,CCS 2,DC,60,(50-150],CENTRO COMERCIAL,0,0,FUERA DE LINEA,2026-09-01T18:56:23+00:00,2026-09-01T20:30:17.412028+00:00,2026-09-01T18:56:23+00:00,2026-09-01T20:38:10+00:00,1
8288,3882,423,CORPORACION MUNICIPAL DE DEPORTES DE COLINA,Colina,Metropolitana,995200007,COPEC VOLTEX,Copec Voltex,Tipo 2,AC,22,(7-22],CALLE,0,0,DISPONIBLE,2026-09-01T18:56:23+00:00,2026-08-31T13:47:23.147662+00:00,2026-09-01T18:56:23+00:00,2026-09-01T20:38:10+00:00,1
8290,3882,423,CORPORACION MUNICIPAL DE DEPORTES DE COLINA,Colina,Metropolitana,995200007,COPEC VOLTEX,Copec Voltex,Tipo 2,AC,22,(7-22],CALLE,0,0,DISPONIBLE,2026-09-01T18:56:23+00:00,2026-08-31T13:47:23.147662+00:00,2026-09-01T18:56:23+00:00,2026-09-01T20:38:10+00:00,1
8609,4050,1300,SAVE VOLTEX BILBAO EDS 60419,Providencia,Metropolitana,995200007,COPEC VOLTEX,Copec Voltex,CCS 2,DC,240,150,ELECTROLINERA,0,0,OCUPADO,2026-09-01T20:12:55+00:00,2026-09-01T20:27:06.852137+00:00,2026-09-01T18:56:23+00:00,2026-09-01T20:38:10+00:00,1
8610,4050,1300,SAVE VOLTEX BILBAO EDS 60419,Providencia,Metropolitana,995200007,COPEC VOLTEX,Copec Voltex,CCS 2,DC,240,150,ELECTROLINERA,0,0,OCUPADO,2026-09-01T18:56:23+00:00,2026-09-01T20:27:06.852137+00:00,2026-09-01T18:56:23+00:00,2026-09-01T20:38:10+00:00,1
8651,4072,1301,Edelaysen Coyhaique,Coyhaique,Aysén del General Carlos Ibáñez del Campo,882726002,Edelaysen,Edelaysen,Tipo 2,AC,22,(7-22],,0,0,FUERA DE LINEA,2026-09-01T18:56:23+00:00,2026-04-08T21:35:57.359777+00:00,2026-09-01T18:56:23+00:00,2026-09-01T20:38:10+00:00,1
8652,4072,1301,Edelaysen Coyhaique,Coyhaique,Aysén del General Carlos Ibáñez del Campo,882726002,Edelaysen,Edelaysen,Tipo 2,AC,22,(7-22],,0,0,FUERA DE LINEA,2026-09-01T18:56:23+00:00,2026-04-08T21:35:57.359777+00:00,2026-09-01T18:56:23+00:00,2026-09-01T20:38:10+00:00,1
8653,4073,1302,Omnium,Las Condes,Metropolitana,777415484,ENEL MOBILITY CHILE SPA,Enel,Tipo 2,AC,22,(7-22],,0,0,FUERA DE LINEA,2026-09-01T18:56:23+00:00,2026-04-08T21:35:57.359777+00:00,2026-09-01T18:56:23+00:00,2026-09-01T20:38:10+00:00,1
8654,4073,1302,Omnium,Las Condes,Metropolitana,777415484,ENEL MOBILITY CHILE SPA,Enel,Tipo 2,AC,22,(7-22],,0,0,FUERA DE LINEA,2026-09-01T18:56:23+00:00,2026-04-08T21:35:57.359777+00:00,2026-09-01T18:56:23+00:00,2026-09-01T20:38:10+00:00,1
8655,4074,1303,edificio Deja Vu,Providencia,Metropolitana,765584256,inmobiliaria miguel claro s.a,inmobiliaria miguel claro s.a,Tipo 2,AC,22,(7-22],,0,0,FUERA DE LINEA,2026-09-01T18:56:23+00:00,2026-04-08T21:35:57.359777+00:00,2026-09-01T18:56:23+00:00,2026-09-01T20:38:10+00:00,1
8656,4075,1303,edificio Deja Vu,Providencia,Metropolitana,765584256,inmobiliaria miguel claro s.a,inmobiliaria miguel claro s.a,Tipo 2,AC,22,(7-22],,0,0,FUERA DE LINEA,2026-09-01T18:56:23+00:00,2026-04-08T21:35:57.359777+00:00,2026-09-01T18:56:23+00:00,2026-09-01T20:38:10+00:00,1
8657,4076,1304,EB Box public Line,Las Condes,Metropolitana,690704005,ILUSTRE MUNICIPALIDAD DE LAS CONDES,ILUSTRE MUNICIPALIDAD DE LAS CONDES,Tipo 2,AC,22,(7-22],,0,0,FUERA DE LINEA,2026-09-01T18:56:23+00:00,2026-04-08T21:35:57.359777+00:00,2026-09-01T18:56:23+00:00,2026-09-01T20:38:10+00:00,1
8658,4076,1304,EB Box public Line,Las Condes,Metropolitana,690704005,ILUSTRE MUNICIPALIDAD DE LAS CONDES,ILUSTRE MUNICIPALIDAD DE LAS CONDES,Tipo 2,AC,22,(7-22],,0,0,FUERA DE LINEA,2026-09-01T18:56:23+00:00,2026-04-08T21:35:57.359777+00:00,2026-09-01T18:56:23+00:00,2026-09-01T20:38:10+00:00,1
8659,4077,1305,Shell Placilla,Valparaíso,Valparaíso,920110002,Enerlink Chile SpA,Enerlink,Tipo 2,AC,42,(22-50],,0,0,NO DISPONIBLE,2026-09-01T18:56:23+00:00,2026-09-01T15:37:55.682330+00:00,2026-09-01T18:56:23+00:00,2026-09-01T20:38:10+00:00,1
8660,4077,1305,Shell Placilla,Valparaíso,Valparaíso,920110002,Enerlink Chile SpA,Enerlink,CHAdeMO,DC,50,(22-50],,0,0,DISPONIBLE,2026-09-01T18:56:23+00:00,2026-09-01T15:37:55.682330+00:00,2026-09-01T18:56:23+00:00,2026-09-01T20:38:10+00:00,1
8661,4077,1305,Shell Placilla,Valparaíso,Valparaíso,920110002,Enerlink Chile SpA,Enerlink,CCS 2,DC,50,(22-50],,0,0,DISPONIBLE,2026-09-01T18:56:23+00:00,2026-09-01T15:37:55.682330+00:00,2026-09-01T18:56:23+00:00,2026-09-01T20:38:10+00:00,1
8662,4078,1306,Plaza Vicuña Mackena,Coquimbo,Coquimbo,764113217,COMPAÑIA GENERAL DE ELECTRICIDAD S.A.,COMPAÑIA GENERAL DE ELECTRICIDAD S.A.,Tipo 1,AC,7,7,,0,0,FUERA DE LINEA,2026-09-01T18:56:23+00:00,2026-04-08T21:35:57.359777+00:00,2026-09-01T18:56:23+00:00,2026-09-01T20:38:10+00:00,1
8663,4079,1306,Plaza Vicuña Mackena,Coquimbo,Coquimbo,764113217,COMPAÑIA GENERAL DE ELECTRICIDAD S.A.,COMPAÑIA GENERAL DE ELECTRICIDAD S.A.,Tipo 2,AC,7,7,,0,0,FUERA DE LINEA,2026-09-01T18:56:23+00:00,2026-04-08T21:35:57.359777+00:00,2026-09-01T18:56:23+00:00,2026-09-01T20:38:10+00:00,1
8664,4080,1307,Saesa Osorno,Osorno,Los Lagos,760731625,Sociedad Austral de Electricidad S.A,Saesa,Tipo 2,AC,22,(7-22],,1,1,FUERA DE LINEA,2026-09-01T18:56:23+00:00,2026-04-22T15:04:06.871477+00:00,2026-09-01T18:56:23+00:00,2026-09-01T20:38:10+00:00,1
8665,4080,1307,Saesa Osorno,Osorno,Los Lagos,760731625,Sociedad Austral de Electricidad S.A,Saesa,Tipo 2,AC,22,(7-22],,1,1,FUERA DE LINEA,2026-09-01T18:56:23+00:00,2026-04-22T15:04:06.871477+00:00,2026-09-01T18:56:23+00:00,2026-09-01T20:38:10+00:00,1
8666,4081,1308,Plaza España,Concepción,Biobío,764113217,COMPAÑIA GENERAL DE ELECTRICIDAD S.A.,COMPAÑIA GENERAL DE ELECTRICIDAD S.A.,Tipo 1,AC,7,7,,0,0,FUERA DE LINEA,2026-09-01T18:56:23+00:00,2026-04-08T21:35:57.359777+00:00,2026-09-01T18:56:23+00:00,2026-09-01T20:38:10+00:00,1
8667,4082,1308,Plaza España,Concepción,Biobío,764113217,COMPAÑIA GENERAL DE ELECTRICIDAD S.A.,COMPAÑIA GENERAL DE ELECTRICIDAD S.A.,Tipo 2,AC,7,7,,0,0,FUERA DE LINEA,2026-09-01T18:56:23+00:00,2026-04-08T21:35:57.359777+00:00,2026-09-01T18:56:23+00:00,2026-09-01T20:38:10+00:00,1
8668,4083,1309,Concepción,Concepción,Biobío,968005707,CHILECTRA S.A.,CHILECTRA S.A.,Tipo 2,AC,22,(7-22],,0,0,FUERA DE LINEA,2026-09-01T18:56:23+00:00,2026-04-08T21:35:57.359777+00:00,2026-09-01T18:56:23+00:00,2026-09-01T20:38:10+00:00,1
8669,4083,1309,Concepción,Concepción,Biobío,968005707,CHILECTRA S.A.,CHILECTRA S.A.,Tipo 2,AC,22,(7-22],,0,0,FUERA DE LINEA,2026-09-01T18:56:23+00:00,2026-04-08T21:35:57.359777+00:00,2026-09-01T18:56:23+00:00,2026-09-01T20:38:10+00:00,1
8670,4084,1310,Saesa Valdivia,Valdivia,De los Ríos,760731625,Sociedad Austral de Electricidad S.A,Saesa,Tipo 2,AC,22,(7-22],,1,1,FUERA DE LINEA,2026-09-01T18:56:23+00:00,2026-04-22T15:04:52.688813+00:00,2026-09-01T18:56:23+00:00,2026-09-01T20:38:10+00:00,1
8671,4084,1310,Saesa Valdivia,Valdivia,De los Ríos,760731625,Sociedad Austral de Electricidad S.A,Saesa,Tipo 2,AC,22,(7-22],,1,1,FUERA DE LINEA,2026-09-01T18:56:23+00:00,2026-04-22T15:04:52.688813+00:00,2026-09-01T18:56:23+00:00,2026-09-01T20:38:10+00:00,1
8672,4085,1311,Bodegas SF,Pudahuel,Metropolitana,760988200,Bodegas San Francisco Ltda.,Bodegas San Francisco Ltda.,Tipo 2,AC,22,(7-22],,1,1,FUERA DE LINEA,2026-09-01T18:56:23+00:00,2026-08-11T20:05:48.830103+00:00,2026-09-01T18:56:23+00:00,2026-09-01T20:38:10+00:00,1
8673,4085,1311,Bodegas SF,Pudahuel,Metropolitana,760988200,Bodegas San Francisco Ltda.,Bodegas San Francisco Ltda.,Tipo 2,AC,22,(7-22],,1,1,FUERA DE LINEA,2026-09-01T18:56:23+00:00,2026-08-11T20:05:48.830103+00:00,2026-09-01T18:56:23+00:00,2026-09-01T20:38:10+00:00,1
8674,4086,1312,Mall Plaza Los Domínicos,Las Condes,Metropolitana,768820902,PLAZA CORDILLERA S.A.,PLAZA CORDILLERA S.A.,Tipo 2,AC,7,7,,0,0,FUERA DE LINEA,2026-09-01T18:56:23+00:00,2026-04-08T21:35:57.359777+00:00,2026-09-01T18:56:23+00:00,2026-09-01T20:38:10+00:00,1
8675,4087,1313,Copec Av Libertad 501,Vina del Mar,Valparaíso,995200007,COPEC VOLTEX,Copec Voltex,Tipo 2,AC,50,(22-50],ELECTROLINERA,0,0,NO DISPONIBLE,2026-09-01T18:56:23+00:00,2026-07-02T17:38:09.203089+00:00,2026-09-01T18:56:23+00:00,2026-09-01T20:38:10+00:00,1
8676,4087,1313,Copec Av Libertad 501,Vina del Mar,Valparaíso,995200007,COPEC VOLTEX,Copec Voltex,CHAdeMO,DC,50,(22-50],ELECTROLINERA,0,0,NO DISPONIBLE,2026-09-01T18:56:23+00:00,2026-07-02T17:38:09.203089+00:00,2026-09-01T18:56:23+00:00,2026-09-01T20:38:10+00:00,1
8677,4087,1313,Copec Av Libertad 501,Vina del Mar,Valparaíso,995200007,COPEC VOLTEX,Copec Voltex,CCS 2,DC,50,(22-50],ELECTROLINERA,0,0,NO DISPONIBLE,2026-09-01T18:56:23+00:00,2026-07-02T17:38:09.203089+00:00,2026-09-01T18:56:23+00:00,2026-09-01T20:38:10+00:00,1
8678,4088,1314,Mac Iver,Santiago,Metropolitana,968005707,CHILECTRA S.A.,CHILECTRA S.A.,Tipo 2,AC,22,(7-22],,1,1,FUERA DE LINEA,2026-09-01T18:56:23+00:00,2026-06-08T15:57:55.570361+00:00,2026-09-01T18:56:23+00:00,2026-09-01T20:38:10+00:00,1
8679,4088,1314,Mac Iver,Santiago,Metropolitana,968005707,CHILECTRA S.A.,CHILECTRA S.A.,Tipo 2,AC,22,(7-22],,1,1,FUERA DE LINEA,2026-09-01T18:56:23+00:00,2026-06-08T15:57:55.570361+00:00,2026-09-01T18:56:23+00:00,2026-09-01T20:38:10+00:00,1
8680,4089,1315,Moneda,Santiago,Metropolitana,777415484,ENEL MOBILITY CHILE SPA,Enel,Tipo 2,AC,22,(7-22],,1,1,FUERA DE LINEA,2026-09-01T18:56:23+00:00,2026-06-08T15:45:53.002121+00:00,2026-09-01T18:56:23+00:00,2026-09-01T20:38:10+00:00,1
8681,4089,1315,Moneda,Santiago,Metropolitana,777415484,ENEL MOBILITY CHILE SPA,Enel,Tipo 2,AC,22,(7-22],,1,1,FUERA DE LINEA,2026-09-01T18:56:23+00:00,2026-06-08T15:45:53.002121+00:00,2026-09-01T18:56:23+00:00,2026-09-01T20:38:10+00:00,1
8682,4090,1316,"Copec Costanera Norte, Pudahuel",Pudahuel,Metropolitana,995200007,COPEC VOLTEX,Copec Voltex,Tipo 2,AC,22,(7-22],,0,0,OCUPADO,2026-09-01T20:33:07+00:00,2026-09-01T20:29:28.090556+00:00,2026-09-01T18:56:23+00:00,2026-09-01T20:38:10+00:00,1
8683,4090,1316,"Copec Costanera Norte, Pudahuel",Pudahuel,Metropolitana,995200007,COPEC VOLTEX,Copec Voltex,CHAdeMO,DC,50,(22-50],,0,0,DISPONIBLE,2026-09-01T20:33:07+00:00,2026-09-01T20:29:28.090556+00:00,2026-09-01T18:56:23+00:00,2026-09-01T20:38:10+00:00,1
8684,4090,1316,"Copec Costanera Norte, Pudahuel",Pudahuel,Metropolitana,995200007,COPEC VOLTEX,Copec Voltex,CCS 2,DC,50,(22-50],,0,0,DISPONIBLE,2026-09-01T20:33:07+00:00,2026-09-01T20:29:28.090556+00:00,2026-09-01T18:56:23+00:00,2026-09-01T20:38:10+00:00,1
8685,4091,1317,"Copec Costanera Norte, Vitacura",Vitacura,Metropolitana,995200007,COPEC VOLTEX,Copec Voltex,Tipo 2,AC,22,(7-22],ELECTROLINERA,0,0,NO DISPONIBLE,2026-09-01T18:56:23+00:00,2026-05-05T22:01:31.913311+00:00,2026-09-01T18:56:23+00:00,2026-09-01T20:38:10+00:00,1
8686,4091,1317,"Copec Costanera Norte, Vitacura",Vitacura,Metropolitana,995200007,COPEC VOLTEX,Copec Voltex,CHAdeMO,DC,50,(22-50],ELECTROLINERA,0,0,NO DISPONIBLE,2026-09-01T18:56:23+00:00,2026-05-05T22:01:31.913311+00:00,2026-09-01T18:56:23+00:00,2026-09-01T20:38:10+00:00,1
8687,4091,1317,"Copec Costanera Norte, Vitacura",Vitacura,Metropolitana,995200007,COPEC VOLTEX,Copec Voltex,CCS 2,DC,50,(22-50],ELECTROLINERA,0,0,NO DISPONIBLE,2026-09-01T18:56:23+00:00,2026-05-05T22:01:31.913311+00:00,2026-09-01T18:56:23+00:00,2026-09-01T20:38:10+00:00,1
8688,4092,1318,Petrobras Vitacura con Vespucio,Vitacura,Metropolitana,,Sin Operador Informado,Sin Operador Informado,Tipo 2,AC,50,(22-50],,1,1,FUERA DE LINEA,2026-09-01T18:56:23+00:00,2026-06-08T15:40:19.586607+00:00,2026-09-01T18:56:23+00:00,2026-09-01T20:38:10+00:00,1
8689,4092,1318,Petrobras Vitacura con Vespucio,Vitacura,Metropolitana,,Sin Operador Informado,Sin Operador Informado,CHAdeMO,DC,50,(22-50],,1,1,FUERA DE LINEA,2026-09-01T18:56:23+00:00,2026-06-08T15:40:19.586607+00:00,2026-09-01T18:56:23+00:00,2026-09-01T20:38:10+00:00,1
8690,4092,1318,Petrobras Vitacura con Vespucio,Vitacura,Metropolitana,,Sin Operador Informado,Sin Operador Informado,CCS 2,DC,50,(22-50],,1,1,FUERA DE LINEA,2026-09-01T18:56:23+00:00,2026-06-08T15:40:19.586607+00:00,2026-09-01T18:56:23+00:00,2026-09-01T20:38:10+00:00,1
8713,4093,1321,Resort Olmué Rosa Agustina,Olmue,Valparaíso,773274304,Admin. de Turism Rosa Agustina,Admin. de Turism Rosa Agustina,Tipo 2,AC,22,(7-22],,0,0,FUERA DE LINEA,2026-09-01T18:56:23+00:00,2026-04-08T21:35:57.359777+00:00,2026-09-01T18:56:23+00:00,2026-09-01T20:38:10+00:00,1
8714,4094,1322,ELECTROLINERA ZONA FRANCA,Punta Arenas,Magallanes y de la Antartica Chilena,786480701,Rentas Inmobiliarias Limitada,Rentas Inmobiliarias Limitada,CCS 2,DC,22.5,(22-50],,0,0,FUERA DE LINEA,2026-09-01T18:56:23+00:00,2026-04-08T21:35:57.359777+00:00,2026-09-01T18:56:23+00:00,2026-09-01T20:38:10+00:00,1
8715,4095,346,Enel X Way - Rojas Magallanes,La Florida,Metropolitana,777415484,ENEL X,Enel,CHAdeMO,DC,50,(22-50],,0,0,DISPONIBLE,2026-09-01T18:56:23+00:00,2026-09-01T20:26:55.808749+00:00,2026-09-01T18:56:23+00:00,2026-09-01T20:38:10+00:00,1
8716,4095,346,Enel X Way - Rojas Magallanes,La Florida,Metropolitana,777415484,ENEL X,Enel,CCS 2,DC,60,(50-150],,0,0,DISPONIBLE,2026-09-01T20:33:07+00:00,2026-09-01T20:26:55.808749+00:00,2026-09-01T18:56:23+00:00,2026-09-01T20:38:10+00:00,1
8717,4096,346,Enel X Way - Rojas Magallanes,La Florida,Metropolitana,777415484,ENEL X,Enel,CCS 2,DC,30,(22-50],,0,0,DISPONIBLE,2026-09-01T18:56:23+00:00,2026-09-01T14:21:24.021824+00:00,2026-09-01T18:56:23+00:00,2026-09-01T20:38:10+00:00,1
8718,4097,1323,Enel XWay ELECTROLINERA ARAMCO CONCHA Y TORO,Puente Alto,Metropolitana,777415484,ENEL X,Enel,CCS 2,DC,30,(22-50],,1,1,FUERA DE LINEA,2026-09-01T18:56:23+00:00,2026-08-13T19:22:57.083553+00:00,2026-09-01T18:56:23+00:00,2026-09-01T20:38:10+00:00,1
8721,4099,1324,Enel X Way - ARAMCO 14 de La Fama,Independencia,Metropolitana,777415484,ENEL X,Enel,CCS 2,DC,30,(22-50],,1,1,FUERA DE LINEA,2026-09-01T18:56:23+00:00,2026-08-13T19:21:43.325348+00:00,2026-09-01T18:56:23+00:00,2026-09-01T20:38:10+00:00,1
8724,4101,1325,Enel X - EDS Aramco Melipilla,Melipilla,Metropolitana,777415484,ENEL X,Enel,CCS 2,DC,60,(50-150],,0,0,FUERA DE LINEA,2026-09-01T18:56:23+00:00,2026-06-11T03:05:41.523617+00:00,2026-09-01T18:56:23+00:00,2026-09-01T20:38:10+00:00,1
8725,4101,1325,Enel X - EDS Aramco Melipilla,Melipilla,Metropolitana,777415484,ENEL X,Enel,CHAdeMO,DC,50,(22-50],,0,0,FUERA DE LINEA,2026-09-01T18:56:23+00:00,2026-06-11T03:05:41.523617+00:00,2026-09-01T18:56:23+00:00,2026-09-01T20:38:10+00:00,1
8726,4102,1325,Enel X - EDS Aramco Melipilla,Melipilla,Metropolitana,777415484,ENEL X,Enel,Tipo 2,AC,22,(7-22],,0,0,FUERA DE LINEA,2026-09-01T18:56:23+00:00,2026-04-08T21:35:57.359777+00:00,2026-09-01T18:56:23+00:00,2026-09-01T20:38:10+00:00,1
8727,4103,1326,Cargador publico Enex File 169,Las Condes,Metropolitana,920110002,Enerlink Chile SpA,Enerlink,CCS 2,DC,70,(50-150],OTRO,0,0,DISPONIBLE,2026-09-01T20:12:55+00:00,2026-09-01T19:45:08.670190+00:00,2026-09-01T18:56:23+00:00,2026-09-01T20:38:10+00:00,1
8728,4103,1326,Cargador publico Enex File 169,Las Condes,Metropolitana,920110002,Enerlink Chile SpA,Enerlink,GB/T DC,DC,70,(50-150],OTRO,0,0,OCUPADO,2026-09-01T20:38:10+00:00,2026-09-01T19:45:08.670190+00:00,2026-09-01T18:56:23+00:00,2026-09-01T20:38:10+00:00,1
8729,4104,1327,VOLTEX COPEC CONSISTORIAL,Penalolén,Metropolitana,995200007,COPEC VOLTEX,Copec Voltex,CCS 2,DC,180,150,ELECTROESTACIÓN,0,0,OCUPADO,2026-09-01T20:12:55+00:00,2026-09-01T19:29:43.962683+00:00,2026-09-01T18:56:23+00:00,2026-09-01T20:38:10+00:00,1
8730,4104,1327,VOLTEX COPEC CONSISTORIAL,Penalolén,Metropolitana,995200007,COPEC VOLTEX,Copec Voltex,CCS 2,DC,180,150,ELECTROESTACIÓN,0,0,DISPONIBLE,2026-09-01T18:56:23+00:00,2026-09-01T19:29:43.962683+00:00,2026-09-01T18:56:23+00:00,2026-09-01T20:38:10+00:00,1
8731,4105,1327,VOLTEX COPEC CONSISTORIAL,Penalolén,Metropolitana,995200007,COPEC VOLTEX,Copec Voltex,CCS 2,DC,180,150,ELECTROESTACIÓN,0,0,DISPONIBLE,2026-09-01T20:23:01+00:00,2026-09-01T20:22:06.946714+00:00,2026-09-01T18:56:23+00:00,2026-09-01T20:38:10+00:00,1
8732,4105,1327,VOLTEX COPEC CONSISTORIAL,Penalolén,Metropolitana,995200007,COPEC VOLTEX,Copec Voltex,CCS 2,DC,180,150,ELECTROESTACIÓN,0,0,DISPONIBLE,2026-09-01T20:17:59+00:00,2026-09-01T20:22:06.946714+00:00,2026-09-01T18:56:23+00:00,2026-09-01T20:38:10+00:00,1
8733,4106,1328,Cargador publico Enex File 130,Recoleta,Metropolitana,920110002,Enerlink Chile SpA,Enerlink,CCS 2,DC,70,(50-150],,0,0,OCUPADO,2026-09-01T18:56:23+00:00,2026-09-01T20:15:13.073131+00:00,2026-09-01T18:56:23+00:00,2026-09-01T20:38:10+00:00,1
8734,4106,1328,Cargador publico Enex File 130,Recoleta,Metropolitana,920110002,Enerlink Chile SpA,Enerlink,GB/T DC,DC,70,(50-150],,0,0,OCUPADO,2026-09-01T20:17:59+00:00,2026-09-01T20:15:13.073131+00:00,2026-09-01T18:56:23+00:00,2026-09-01T20:38:10+00:00,1
8735,4107,1329,IRVE Tottus Vicuña Mackena,Santiago,Metropolitana,777415484,ENEL X,Enel,CCS 2,DC,60,(50-150],,0,0,FUERA DE LINEA,2026-09-01T18:56:23+00:00,2026-04-08T21:35:57.359777+00:00,2026-09-01T18:56:23+00:00,2026-09-01T20:38:10+00:00,1
8736,4107,1329,IRVE Tottus Vicuña Mackena,Santiago,Metropolitana,777415484,ENEL X,Enel,CCS 2,DC,60,(50-150],,0,0,FUERA DE LINEA,2026-09-01T18:56:23+00:00,2026-04-08T21:35:57.359777+00:00,2026-09-01T18:56:23+00:00,2026-09-01T20:38:10+00:00,1
8737,4109,234,Enel X Way - ISA Intervial Los Lagartos,Mostazal,Libertador Bernardo OHiggins,777415484,ENEL X,Enel,CCS 2,DC,60,(50-150],OTRO,0,0,DISPONIBLE,2026-09-01T18:56:23+00:00,2026-09-01T14:06:23.899194+00:00,2026-09-01T18:56:23+00:00,2026-09-01T20:38:10+00:00,1
8738,4109,234,Enel X Way - ISA Intervial Los Lagartos,Mostazal,Libertador Bernardo OHiggins,777415484,ENEL X,Enel,CHAdeMO,DC,50,(22-50],OTRO,0,0,DISPONIBLE,2026-09-01T18:56:23+00:00,2026-09-01T14:06:23.899194+00:00,2026-09-01T18:56:23+00:00,2026-09-01T20:38:10+00:00,1
8739,4108,1329,IRVE Tottus Vicuña Mackena,Santiago,Metropolitana,777415484,ENEL X,Enel,CCS 2,DC,30,(22-50],,0,0,FUERA DE LINEA,2026-09-01T18:56:23+00:00,2026-04-08T21:35:57.359777+00:00,2026-09-01T18:56:23+00:00,2026-09-01T20:38:10+00:00,1
8740,4110,234,Enel X Way - ISA Intervial Los Lagartos,Mostazal,Libertador Bernardo OHiggins,777415484,ENEL X,Enel,CCS 2,DC,30,(22-50],OTRO,0,0,DISPONIBLE,2026-09-01T18:56:23+00:00,2026-09-01T18:16:45.577148+00:00,2026-09-01T18:56:23+00:00,2026-09-01T20:38:10+00:00,1
8741,4111,1330,Enel X  - Petrobras Luis Pasteur,Vitacura,Metropolitana,777415484,ENEL MOBILITY CHILE SPA,Enel,CCS 2,DC,60,(50-150],,1,1,FUERA DE LINEA,2026-09-01T18:56:23+00:00,2026-08-13T19:20:01.890383+00:00,2026-09-01T18:56:23+00:00,2026-09-01T20:38:10+00:00,1
8742,4111,1330,Enel X  - Petrobras Luis Pasteur,Vitacura,Metropolitana,777415484,ENEL MOBILITY CHILE SPA,Enel,CHAdeMO,DC,50,(22-50],,1,1,FUERA DE LINEA,2026-09-01T18:56:23+00:00,2026-08-13T19:20:01.890383+00:00,2026-09-01T18:56:23+00:00,2026-09-01T20:38:10+00:00,1
8747,4114,1331,SAVE VOLTEX BILBAO EDS 60419,Providencia,Metropolitana,995200007,COPEC VOLTEX,Copec Voltex,CCS 2,DC,240,150,,0,0,OCUPADO,2026-09-01T18:56:23+00:00,2026-06-15T21:16:51.195851+00:00,2026-09-01T18:56:23+00:00,2026-09-01T20:38:10+00:00,1
8748,4114,1331,SAVE VOLTEX BILBAO EDS 60419,Providencia,Metropolitana,995200007,COPEC VOLTEX,Copec Voltex,CCS 2,DC,240,150,,0,0,DISPONIBLE,2026-09-01T18:56:23+00:00,2026-06-15T21:16:51.195851+00:00,2026-09-01T18:56:23+00:00,2026-09-01T20:38:10+00:00,1
8749,4115,1332,Electrolinera Curauma,Valparaíso,Valparaíso,777373021,NEXE SPA,Nexe,CCS 2,DC,300,150,,0,0,FUERA DE LINEA,2026-09-01T18:56:23+00:00,2026-08-27T14:42:05.607803+00:00,2026-09-01T18:56:23+00:00,2026-09-01T20:38:10+00:00,1
8750,4115,1332,Electrolinera Curauma,Valparaíso,Valparaíso,777373021,NEXE SPA,Nexe,CCS 2,DC,300,150,,0,0,FUERA DE LINEA,2026-09-01T18:56:23+00:00,2026-08-27T14:42:05.607803+00:00,2026-09-01T18:56:23+00:00,2026-09-01T20:38:10+00:00,1
8751,4115,1332,Electrolinera Curauma,Valparaíso,Valparaíso,777373021,NEXE SPA,Nexe,CCS 2,DC,300,150,,0,0,FUERA DE LINEA,2026-09-01T18:56:23+00:00,2026-08-27T14:42:05.607803+00:00,2026-09-01T18:56:23+00:00,2026-09-01T20:38:10+00:00,1
8752,4115,1332,Electrolinera Curauma,Valparaíso,Valparaíso,777373021,NEXE SPA,Nexe,CCS 2,DC,300,150,,0,0,FUERA DE LINEA,2026-09-01T18:56:23+00:00,2026-08-27T14:42:05.607803+00:00,2026-09-01T18:56:23+00:00,2026-09-01T20:38:10+00:00,1
8753,4115,1332,Electrolinera Curauma,Valparaíso,Valparaíso,777373021,NEXE SPA,Nexe,Tipo 2,AC,22,(7-22],,0,0,FUERA DE LINEA,2026-09-01T18:56:23+00:00,2026-08-27T14:42:05.607803+00:00,2026-09-01T18:56:23+00:00,2026-09-01T20:38:10+00:00,1
8785,4123,1333,Enel X - MCdonald´s San Antonio,San Antonio,Valparaíso,777415484,ENEL X,Enel,CCS 2,DC,30,(22-50],,0,0,NO DISPONIBLE,2026-09-01T18:56:23+00:00,2026-08-27T06:17:58.475977+00:00,2026-09-01T18:56:23+00:00,2026-09-01T20:38:10+00:00,1
8786,4124,1333,Enel X - MCdonald´s San Antonio,San Antonio,Valparaíso,777415484,ENEL X,Enel,CCS 2,DC,30,(22-50],,0,0,NO DISPONIBLE,2026-09-01T18:56:23+00:00,2026-08-24T13:20:22.489903+00:00,2026-09-01T18:56:23+00:00,2026-09-01T20:38:10+00:00,1
8787,4125,1333,Enel X - MCdonald´s San Antonio,San Antonio,Valparaíso,777415484,ENEL X,Enel,CCS 2,DC,30,(22-50],,0,0,NO DISPONIBLE,2026-09-01T18:56:23+00:00,2026-08-25T14:42:11.637918+00:00,2026-09-01T18:56:23+00:00,2026-09-01T20:38:10+00:00,1
8788,4126,1334,COPEC VOLTEX EDS 40390 - LOS VILOS ORIENTE,Los Vilos,Coquimbo,995200007,COPEC VOLTEX,Copec Voltex,CCS 2,DC,400,150,ELECTROLINERA,0,0,DISPONIBLE,2026-09-01T18:56:23+00:00,2026-09-01T20:16:17.410113+00:00,2026-09-01T18:56:23+00:00,2026-09-01T20:38:10+00:00,1
8789,4126,1334,COPEC VOLTEX EDS 40390 - LOS VILOS ORIENTE,Los Vilos,Coquimbo,995200007,COPEC VOLTEX,Copec Voltex,CCS 2,DC,400,150,ELECTROLINERA,0,0,DISPONIBLE,2026-09-01T20:17:59+00:00,2026-09-01T20:16:17.410113+00:00,2026-09-01T18:56:23+00:00,2026-09-01T20:38:10+00:00,1
8790,4126,1334,COPEC VOLTEX EDS 40390 - LOS VILOS ORIENTE,Los Vilos,Coquimbo,995200007,COPEC VOLTEX,Copec Voltex,CCS 2,DC,400,150,ELECTROLINERA,0,0,DISPONIBLE,2026-09-01T18:56:23+00:00,2026-09-01T20:16:17.410113+00:00,2026-09-01T18:56:23+00:00,2026-09-01T20:38:10+00:00,1
8791,4126,1334,COPEC VOLTEX EDS 40390 - LOS VILOS ORIENTE,Los Vilos,Coquimbo,995200007,COPEC VOLTEX,Copec Voltex,CCS 2,DC,400,150,ELECTROLINERA,0,0,FUERA DE LINEA,2026-09-01T18:56:23+00:00,2026-09-01T20:16:17.410113+00:00,2026-09-01T18:56:23+00:00,2026-09-01T20:38:10+00:00,1
8792,4127,1335,Cargador Eléctrico Copec Quillota,Quillota,Valparaíso,995200007,COPEC VOLTEX,Copec Voltex,CCS 2,DC,240,150,ELECTROLINERA,0,0,DISPONIBLE,2026-09-01T18:56:23+00:00,2026-09-01T19:55:50.370011+00:00,2026-09-01T18:56:23+00:00,2026-09-01T20:38:10+00:00,1
8793,4127,1335,Cargador Eléctrico Copec Quillota,Quillota,Valparaíso,995200007,COPEC VOLTEX,Copec Voltex,CCS 2,DC,240,150,ELECTROLINERA,0,0,OCUPADO,2026-09-01T20:12:55+00:00,2026-09-01T19:55:50.370011+00:00,2026-09-01T18:56:23+00:00,2026-09-01T20:38:10+00:00,1
8794,4128,1336,Cargador Electrico Copec Talca,Talca,Maule,995200007,COPEC VOLTEX,Copec Voltex,CCS 2,DC,240,150,ELECTROLINERA,0,0,DISPONIBLE,2026-09-01T18:56:23+00:00,2026-09-01T19:56:22.969073+00:00,2026-09-01T18:56:23+00:00,2026-09-01T20:38:10+00:00,1
8795,4128,1336,Cargador Electrico Copec Talca,Talca,Maule,995200007,COPEC VOLTEX,Copec Voltex,CCS 2,DC,240,150,ELECTROLINERA,0,0,DISPONIBLE,2026-09-01T18:56:23+00:00,2026-09-01T19:56:22.969073+00:00,2026-09-01T18:56:23+00:00,2026-09-01T20:38:10+00:00,1
8796,4129,1337,SAVE VOLTEX PIEDRA ROJA  EDS 60070,Colina,Metropolitana,995200007,COPEC S.A.,Copec Voltex,CCS 2,DC,180,150,,1,1,FUERA DE LINEA,2026-09-01T18:56:23+00:00,2026-06-08T15:44:54.050056+00:00,2026-09-01T18:56:23+00:00,2026-09-01T20:38:10+00:00,1
8797,4129,1337,SAVE VOLTEX PIEDRA ROJA  EDS 60070,Colina,Metropolitana,995200007,COPEC S.A.,Copec Voltex,CCS 2,DC,180,150,,1,1,FUERA DE LINEA,2026-09-01T18:56:23+00:00,2026-06-08T15:44:54.050056+00:00,2026-09-01T18:56:23+00:00,2026-09-01T20:38:10+00:00,1
8800,4131,1338,COPEC VOLTEX EDS 40055 - LOS VILOS PONIENTE,Los Vilos,Coquimbo,995200007,COPEC VOLTEX,Copec Voltex,CCS 2,DC,400,150,ELECTROLINERA,0,0,FUERA DE LINEA,2026-09-01T18:56:23+00:00,2026-08-31T19:48:41.229056+00:00,2026-09-01T18:56:23+00:00,2026-09-01T20:38:10+00:00,1
8801,4131,1338,COPEC VOLTEX EDS 40055 - LOS VILOS PONIENTE,Los Vilos,Coquimbo,995200007,COPEC VOLTEX,Copec Voltex,CCS 2,DC,400,150,ELECTROLINERA,0,0,FUERA DE LINEA,2026-09-01T18:56:23+00:00,2026-08-31T19:48:41.229056+00:00,2026-09-01T18:56:23+00:00,2026-09-01T20:38:10+00:00,1
8802,4131,1338,COPEC VOLTEX EDS 40055 - LOS VILOS PONIENTE,Los Vilos,Coquimbo,995200007,COPEC VOLTEX,Copec Voltex,CCS 2,DC,400,150,ELECTROLINERA,0,0,FUERA DE LINEA,2026-09-01T18:56:23+00:00,2026-08-31T19:48:41.229056+00:00,2026-09-01T18:56:23+00:00,2026-09-01T20:38:10+00:00,1
8803,4131,1338,COPEC VOLTEX EDS 40055 - LOS VILOS PONIENTE,Los Vilos,Coquimbo,995200007,COPEC VOLTEX,Copec Voltex,CCS 2,DC,400,150,ELECTROLINERA,0,0,FUERA DE LINEA,2026-09-01T18:56:23+00:00,2026-08-31T19:48:41.229056+00:00,2026-09-01T18:56:23+00:00,2026-09-01T20:38:10+00:00,1
8804,4132,1339,MALL PLAZA COPIAPO,Copiapó,Atacama,995200007,COPEC VOLTEX,Copec Voltex,Tipo 2,AC,7.4,7,,0,0,FUERA DE LINEA,2026-09-01T18:56:23+00:00,2026-08-31T19:39:33.224356+00:00,2026-09-01T18:56:23+00:00,2026-09-01T20:38:10+00:00,1
8805,4133,1339,MALL PLAZA COPIAPO,Copiapó,Atacama,995200007,COPEC VOLTEX,Copec Voltex,Tipo 2,AC,7.4,7,,0,0,FUERA DE LINEA,2026-09-01T18:56:23+00:00,2026-08-31T19:39:33.241588+00:00,2026-09-01T18:56:23+00:00,2026-09-01T20:38:10+00:00,1
8806,4134,1339,MALL PLAZA COPIAPO,Copiapó,Atacama,995200007,COPEC VOLTEX,Copec Voltex,Tipo 2,AC,7.4,7,,0,0,FUERA DE LINEA,2026-09-01T18:56:23+00:00,2026-08-31T19:39:33.251865+00:00,2026-09-01T18:56:23+00:00,2026-09-01T20:38:10+00:00,1
8807,4135,1340,COPEC VOLTEX EDS 60000 - QUILIN,Penalolén,Metropolitana,995200007,COPEC S.A.,Copec Voltex,CCS 2,DC,120,(50-150],,0,0,FUERA DE LINEA,2026-09-01T18:56:23+00:00,2026-07-22T12:55:46.741355+00:00,2026-09-01T18:56:23+00:00,2026-09-01T20:38:10+00:00,1
8808,4135,1340,COPEC VOLTEX EDS 60000 - QUILIN,Penalolén,Metropolitana,995200007,COPEC S.A.,Copec Voltex,Favor actualizar valor,AC,100,(50-150],,0,0,FUERA DE LINEA,2026-09-01T18:56:23+00:00,2026-07-22T12:55:46.741355+00:00,2026-09-01T18:56:23+00:00,2026-09-01T20:38:10+00:00,1
8809,4135,1340,COPEC VOLTEX EDS 60000 - QUILIN,Penalolén,Metropolitana,995200007,COPEC S.A.,Copec Voltex,Tipo 2,AC,22,(7-22],,0,0,FUERA DE LINEA,2026-09-01T18:56:23+00:00,2026-07-22T12:55:46.741355+00:00,2026-09-01T18:56:23+00:00,2026-09-01T20:38:10+00:00,1
8810,4136,1341,VOLTEX PADRE AGUIRRE CORREA,Colina,Metropolitana,995200007,COPEC VOLTEX,Copec Voltex,Tipo 2,AC,7.4,7,,0,0,FUERA DE LINEA,2026-09-01T18:56:23+00:00,2026-09-01T12:57:29.597965+00:00,2026-09-01T18:56:23+00:00,2026-09-01T20:38:10+00:00,1
8811,4136,1341,VOLTEX PADRE AGUIRRE CORREA,Colina,Metropolitana,995200007,COPEC VOLTEX,Copec Voltex,Tipo 2,AC,7.4,7,,0,0,FUERA DE LINEA,2026-09-01T18:56:23+00:00,2026-09-01T12:57:29.597965+00:00,2026-09-01T18:56:23+00:00,2026-09-01T20:38:10+00:00,1
8812,4137,1342,Enel X - EDS Aramco Ciudad Satelite ,Maipú,Metropolitana,777415484,ENEL X,Enel,CHAdeMO,DC,70,(50-150],,0,0,DISPONIBLE,2026-09-01T18:56:23+00:00,2026-09-01T16:41:37.922204+00:00,2026-09-01T18:56:23+00:00,2026-09-01T20:38:10+00:00,1
8813,4137,1342,Enel X - EDS Aramco Ciudad Satelite ,Maipú,Metropolitana,777415484,ENEL X,Enel,CCS 2,DC,70,(50-150],,0,0,DISPONIBLE,2026-09-01T18:56:23+00:00,2026-09-01T16:41:37.922204+00:00,2026-09-01T18:56:23+00:00,2026-09-01T20:38:10+00:00,1
8814,4138,1342,Enel X - EDS Aramco Ciudad Satelite ,Maipú,Metropolitana,777415484,ENEL X,Enel,CCS 2,DC,30,(22-50],,0,0,DISPONIBLE,2026-09-01T18:56:23+00:00,2026-09-01T08:05:46.216985+00:00,2026-09-01T18:56:23+00:00,2026-09-01T20:38:10+00:00,1
8815,4139,1343,COPEC VOLTEX EDS MONTERILLA,Teno,Maule,995200007,COPEC S.A.,Copec Voltex,CCS 2,DC,500,150,,1,1,FUERA DE LINEA,2026-09-01T18:56:23+00:00,2026-06-08T15:41:27.780437+00:00,2026-09-01T18:56:23+00:00,2026-09-01T20:38:10+00:00,1
8816,4139,1343,COPEC VOLTEX EDS MONTERILLA,Teno,Maule,995200007,COPEC S.A.,Copec Voltex,CCS 2,DC,500,150,,1,1,FUERA DE LINEA,2026-09-01T18:56:23+00:00,2026-06-08T15:41:27.780437+00:00,2026-09-01T18:56:23+00:00,2026-09-01T20:38:10+00:00,1
8817,4139,1343,COPEC VOLTEX EDS MONTERILLA,Teno,Maule,995200007,COPEC S.A.,Copec Voltex,CCS 2,DC,500,150,,1,1,FUERA DE LINEA,2026-09-01T18:56:23+00:00,2026-06-08T15:41:27.780437+00:00,2026-09-01T18:56:23+00:00,2026-09-01T20:38:10+00:00,1
8818,4139,1343,COPEC VOLTEX EDS MONTERILLA,Teno,Maule,995200007,COPEC S.A.,Copec Voltex,CCS 2,DC,500,150,,1,1,FUERA DE LINEA,2026-09-01T18:56:23+00:00,2026-06-08T15:41:27.780437+00:00,2026-09-01T18:56:23+00:00,2026-09-01T20:38:10+00:00,1
8819,4140,1230,HUB DE CARGA RANCAGUA,Rancagua,Libertador Bernardo OHiggins,775989688,CHASS SPA,Chass,Tipo 2,AC,22,(7-22],CENTRO COMERCIAL,0,0,DISPONIBLE,2026-09-01T18:56:23+00:00,2026-08-18T21:35:30.096646+00:00,2026-09-01T18:56:23+00:00,2026-09-01T20:38:10+00:00,1
8820,4141,1230,HUB DE CARGA RANCAGUA,Rancagua,Libertador Bernardo OHiggins,775989688,CHASS SPA,Chass,Tipo 2,AC,22,(7-22],CENTRO COMERCIAL,0,0,DISPONIBLE,2026-09-01T18:56:23+00:00,2026-08-18T21:59:31.406628+00:00,2026-09-01T18:56:23+00:00,2026-09-01T20:38:10+00:00,1
8821,4142,1230,HUB DE CARGA RANCAGUA,Rancagua,Libertador Bernardo OHiggins,775989688,CHASS SPA,Chass,Tipo 2,AC,22,(7-22],CENTRO COMERCIAL,0,0,DISPONIBLE,2026-09-01T18:56:23+00:00,2026-08-18T21:55:29.981073+00:00,2026-09-01T18:56:23+00:00,2026-09-01T20:38:10+00:00,1
8822,4143,1230,HUB DE CARGA RANCAGUA,Rancagua,Libertador Bernardo OHiggins,775989688,CHASS SPA,Chass,Tipo 2,AC,22,(7-22],CENTRO COMERCIAL,0,0,DISPONIBLE,2026-09-01T18:56:23+00:00,2026-08-23T17:27:26.642296+00:00,2026-09-01T18:56:23+00:00,2026-09-01T20:38:10+00:00,1
8823,4144,1230,HUB DE CARGA RANCAGUA,Rancagua,Libertador Bernardo OHiggins,775989688,CHASS SPA,Chass,Tipo 2,AC,22,(7-22],CENTRO COMERCIAL,0,0,DISPONIBLE,2026-09-01T18:56:23+00:00,2026-08-18T21:57:35.481205+00:00,2026-09-01T18:56:23+00:00,2026-09-01T20:38:10+00:00,1
8824,4145,1230,HUB DE CARGA RANCAGUA,Rancagua,Libertador Bernardo OHiggins,775989688,CHASS SPA,Chass,Tipo 2,AC,22,(7-22],CENTRO COMERCIAL,0,0,DISPONIBLE,2026-09-01T18:56:23+00:00,2026-08-23T17:43:29.650455+00:00,2026-09-01T18:56:23+00:00,2026-09-01T20:38:10+00:00,1
8825,4146,1230,HUB DE CARGA RANCAGUA,Rancagua,Libertador Bernardo OHiggins,775989688,CHASS SPA,Chass,Tipo 2,AC,22,(7-22],CENTRO COMERCIAL,0,0,DISPONIBLE,2026-09-01T18:56:23+00:00,2026-08-23T17:34:02.937888+00:00,2026-09-01T18:56:23+00:00,2026-09-01T20:38:10+00:00,1
8826,4147,1230,HUB DE CARGA RANCAGUA,Rancagua,Libertador Bernardo OHiggins,775989688,CHASS SPA,Chass,Tipo 2,AC,22,(7-22],CENTRO COMERCIAL,0,0,DISPONIBLE,2026-09-01T18:56:23+00:00,2026-08-23T17:36:16.123755+00:00,2026-09-01T18:56:23+00:00,2026-09-01T20:38:10+00:00,1
8827,4148,1230,HUB DE CARGA RANCAGUA,Rancagua,Libertador Bernardo OHiggins,775989688,CHASS SPA,Chass,Tipo 2,AC,22,(7-22],CENTRO COMERCIAL,0,0,DISPONIBLE,2026-09-01T18:56:23+00:00,2026-08-23T17:35:08.248402+00:00,2026-09-01T18:56:23+00:00,2026-09-01T20:38:10+00:00,1
8828,4149,1230,HUB DE CARGA RANCAGUA,Rancagua,Libertador Bernardo OHiggins,775989688,CHASS SPA,Chass,Tipo 2,AC,22,(7-22],CENTRO COMERCIAL,0,0,DISPONIBLE,2026-09-01T18:56:23+00:00,2026-08-23T17:37:22.888950+00:00,2026-09-01T18:56:23+00:00,2026-09-01T20:38:10+00:00,1
8829,4150,1230,HUB DE CARGA RANCAGUA,Rancagua,Libertador Bernardo OHiggins,775989688,CHASS SPA,Chass,Tipo 2,AC,22,(7-22],CENTRO COMERCIAL,0,0,DISPONIBLE,2026-09-01T18:56:23+00:00,2026-08-23T17:48:50.102140+00:00,2026-09-01T18:56:23+00:00,2026-09-01T20:38:10+00:00,1
8830,4151,1230,HUB DE CARGA RANCAGUA,Rancagua,Libertador Bernardo OHiggins,775989688,CHASS SPA,Chass,Tipo 2,AC,22,(7-22],CENTRO COMERCIAL,0,0,DISPONIBLE,2026-09-01T18:56:23+00:00,2026-08-18T21:56:32.439381+00:00,2026-09-01T18:56:23+00:00,2026-09-01T20:38:10+00:00,1
8831,4152,1230,HUB DE CARGA RANCAGUA,Rancagua,Libertador Bernardo OHiggins,775989688,CHASS SPA,Chass,Tipo 2,AC,22,(7-22],CENTRO COMERCIAL,0,0,DISPONIBLE,2026-09-01T18:56:23+00:00,2026-08-18T21:54:27.849644+00:00,2026-09-01T18:56:23+00:00,2026-09-01T20:38:10+00:00,1
8832,4153,1230,HUB DE CARGA RANCAGUA,Rancagua,Libertador Bernardo OHiggins,775989688,CHASS SPA,Chass,Tipo 2,AC,22,(7-22],CENTRO COMERCIAL,0,0,DISPONIBLE,2026-09-01T18:56:23+00:00,2026-08-23T17:48:50.034837+00:00,2026-09-01T18:56:23+00:00,2026-09-01T20:38:10+00:00,1
8833,4154,1006,VOLTEX PLAZA FLORENCIA,Pedro Aguirre Cerda,Metropolitana,995200007,COPEC VOLTEX,Copec Voltex,Tipo 2,AC,7.4,7,,0,0,FUERA DE LINEA,2026-09-01T18:56:23+00:00,2026-09-01T12:57:22.553104+00:00,2026-09-01T18:56:23+00:00,2026-09-01T20:38:10+00:00,1
8834,4154,1006,VOLTEX PLAZA FLORENCIA,Pedro Aguirre Cerda,Metropolitana,995200007,COPEC VOLTEX,Copec Voltex,Tipo 2,AC,7.4,7,,0,0,FUERA DE LINEA,2026-09-01T18:56:23+00:00,2026-09-01T12:57:22.553104+00:00,2026-09-01T18:56:23+00:00,2026-09-01T20:38:10+00:00,1
8839,4157,417,CARGADOR URBANO PIRQUE,Pirque,Metropolitana,995200007,COPEC VOLTEX,Copec Voltex,Tipo 2,AC,7.4,7,OTRO,0,0,DISPONIBLE,2026-09-01T18:56:23+00:00,2026-08-31T19:49:19.138054+00:00,2026-09-01T18:56:23+00:00,2026-09-01T20:38:10+00:00,1
8840,4157,417,CARGADOR URBANO PIRQUE,Pirque,Metropolitana,995200007,COPEC VOLTEX,Copec Voltex,Tipo 2,AC,7.4,7,OTRO,0,0,DISPONIBLE,2026-09-01T18:56:23+00:00,2026-08-31T19:49:19.138054+00:00,2026-09-01T18:56:23+00:00,2026-09-01T20:38:10+00:00,1
8841,4158,305,Enel X - EDS Aramco Domingo Santa Maria,Renca,Metropolitana,777415484,ENEL X,Enel,CCS 2,DC,60,(50-150],,0,0,DISPONIBLE,2026-09-01T18:56:23+00:00,2026-09-01T19:26:51.903922+00:00,2026-09-01T18:56:23+00:00,2026-09-01T20:38:10+00:00,1
8842,4158,305,Enel X - EDS Aramco Domingo Santa Maria,Renca,Metropolitana,777415484,ENEL X,Enel,CHAdeMO,DC,50,(22-50],,0,0,OCUPADO,2026-09-01T18:56:23+00:00,2026-09-01T19:26:51.903922+00:00,2026-09-01T18:56:23+00:00,2026-09-01T20:38:10+00:00,1
8843,4159,305,Enel X - EDS Aramco Domingo Santa Maria,Renca,Metropolitana,777415484,ENEL X,Enel,CCS 2,DC,30,(22-50],,0,0,NO DISPONIBLE,2026-09-01T20:12:55+00:00,2026-09-01T19:21:51.482908+00:00,2026-09-01T18:56:23+00:00,2026-09-01T20:38:10+00:00,1
8844,4160,291,Enel X - EDS Aramco Chicureo,Colina,Metropolitana,777415484,ENEL X,Enel,CHAdeMO,DC,60,(50-150],,0,0,OCUPADO,2026-09-01T20:17:59+00:00,2026-09-01T20:01:59.576042+00:00,2026-09-01T18:56:23+00:00,2026-09-01T20:38:10+00:00,1
8845,4160,291,Enel X - EDS Aramco Chicureo,Colina,Metropolitana,777415484,ENEL X,Enel,CCS 2,DC,50,(22-50],,0,0,DISPONIBLE,2026-09-01T20:12:55+00:00,2026-09-01T20:01:59.576042+00:00,2026-09-01T18:56:23+00:00,2026-09-01T20:38:10+00:00,1
8846,4161,291,Enel X - EDS Aramco Chicureo,Colina,Metropolitana,777415484,ENEL X,Enel,CCS 2,DC,30,(22-50],,0,0,DISPONIBLE,2026-09-01T18:56:23+00:00,2026-09-01T04:09:52.744556+00:00,2026-09-01T18:56:23+00:00,2026-09-01T20:38:10+00:00,1
8847,4162,298,Enel X - EDS Aramco Vespucio / Camberra,Conchalí,Metropolitana,777415484,ENEL X,Enel,CHAdeMO,DC,60,(50-150],,0,0,FUERA DE LINEA,2026-09-01T18:56:23+00:00,2026-09-01T02:06:31.731641+00:00,2026-09-01T18:56:23+00:00,2026-09-01T20:38:10+00:00,1
8848,4162,298,Enel X - EDS Aramco Vespucio / Camberra,Conchalí,Metropolitana,777415484,ENEL X,Enel,CCS 2,DC,50,(22-50],,0,0,FUERA DE LINEA,2026-09-01T18:56:23+00:00,2026-09-01T02:06:31.731641+00:00,2026-09-01T18:56:23+00:00,2026-09-01T20:38:10+00:00,1
8849,4163,298,Enel X - EDS Aramco Vespucio / Camberra,Conchalí,Metropolitana,777415484,ENEL X,Enel,CCS 2,DC,30,(22-50],,0,0,NO DISPONIBLE,2026-09-01T18:56:23+00:00,2026-08-31T17:16:06.659461+00:00,2026-09-01T18:56:23+00:00,2026-09-01T20:38:10+00:00,1
8850,4164,321,Enel X - EDS Aramco Gladys Marin ,Estación Central,Metropolitana,777415484,ENEL X,Enel,CHAdeMO,DC,60,(50-150],,0,0,DISPONIBLE,2026-09-01T18:56:23+00:00,2026-04-07T14:15:27.474984+00:00,2026-09-01T18:56:23+00:00,2026-09-01T20:38:10+00:00,1
8851,4164,321,Enel X - EDS Aramco Gladys Marin ,Estación Central,Metropolitana,777415484,ENEL X,Enel,CCS 2,DC,50,(22-50],,0,0,DISPONIBLE,2026-09-01T20:12:55+00:00,2026-04-07T14:15:27.474984+00:00,2026-09-01T18:56:23+00:00,2026-09-01T20:38:10+00:00,1
8852,4165,321,Enel X - EDS Aramco Gladys Marin ,Estación Central,Metropolitana,777415484,ENEL X,Enel,CCS 2,DC,30,(22-50],,0,0,DISPONIBLE,2026-09-01T18:56:23+00:00,2026-09-01T18:11:50.794728+00:00,2026-09-01T18:56:23+00:00,2026-09-01T20:38:10+00:00,1
8853,4166,317,Enel X - EDS Aramco Quilicura ,Quilicura,Metropolitana,777415484,ENEL X,Enel,CCS 2,DC,60,(50-150],OTRO,0,0,DISPONIBLE,2026-09-01T20:12:55+00:00,2026-09-01T19:11:51.777523+00:00,2026-09-01T18:56:23+00:00,2026-09-01T20:38:10+00:00,1
8854,4166,317,Enel X - EDS Aramco Quilicura ,Quilicura,Metropolitana,777415484,ENEL X,Enel,CHAdeMO,DC,50,(22-50],OTRO,0,0,DISPONIBLE,2026-09-01T20:12:55+00:00,2026-09-01T19:11:51.777523+00:00,2026-09-01T18:56:23+00:00,2026-09-01T20:38:10+00:00,1
8855,4167,317,Enel X - EDS Aramco Quilicura ,Quilicura,Metropolitana,777415484,ENEL X,Enel,CCS 2,DC,30,(22-50],OTRO,0,0,DISPONIBLE,2026-09-01T18:56:23+00:00,2026-09-01T17:36:38.561468+00:00,2026-09-01T18:56:23+00:00,2026-09-01T20:38:10+00:00,1
8856,4168,375,VOLTEX LOS TRAPENSES,Lo Barnechea,Metropolitana,995200007,COPEC VOLTEX,Copec Voltex,CCS 2,DC,180,150,,0,0,OCUPADO,2026-09-01T20:12:55+00:00,2026-09-01T20:04:26.262846+00:00,2026-09-01T18:56:23+00:00,2026-09-01T20:38:10+00:00,1
8857,4168,375,VOLTEX LOS TRAPENSES,Lo Barnechea,Metropolitana,995200007,COPEC VOLTEX,Copec Voltex,CCS 2,DC,180,150,,0,0,OCUPADO,2026-09-01T20:12:55+00:00,2026-09-01T20:04:26.262846+00:00,2026-09-01T18:56:23+00:00,2026-09-01T20:38:10+00:00,1
8858,4169,637,Cargador Gasco Cueto,Santiago,Metropolitana,965687408,Enerlink Chile SpA,Enerlink,CCS 2,DC,60,(50-150],ELECTROLINERA,0,0,DISPONIBLE,2026-09-01T20:12:55+00:00,2026-09-01T20:08:07.569605+00:00,2026-09-01T18:56:23+00:00,2026-09-01T20:38:10+00:00,1
8859,4169,637,Cargador Gasco Cueto,Santiago,Metropolitana,965687408,Enerlink Chile SpA,Enerlink,GB/T DC,DC,60,(50-150],ELECTROLINERA,0,0,OCUPADO,2026-09-01T18:56:23+00:00,2026-09-01T20:08:07.569605+00:00,2026-09-01T18:56:23+00:00,2026-09-01T20:38:10+00:00,1
8860,4170,637,Cargador Gasco Cueto,Santiago,Metropolitana,965687408,Enerlink Chile SpA,Enerlink,CCS 2,DC,120,(50-150],ELECTROLINERA,0,0,OCUPADO,2026-09-01T20:33:07+00:00,2026-09-01T20:28:11.433053+00:00,2026-09-01T18:56:23+00:00,2026-09-01T20:38:10+00:00,1
8861,4170,637,Cargador Gasco Cueto,Santiago,Metropolitana,965687408,Enerlink Chile SpA,Enerlink,GB/T DC,DC,120,(50-150],ELECTROLINERA,0,0,OCUPADO,2026-09-01T20:33:07+00:00,2026-09-01T20:28:11.433053+00:00,2026-09-01T18:56:23+00:00,2026-09-01T20:38:10+00:00,1
8862,4171,24,Enel X - Municipalidad de Pucón,Pucón,La Araucanía,777415484,ENEL X,Enel,CCS 2,DC,60,(50-150],OTRO,0,0,DISPONIBLE,2026-09-01T18:56:23+00:00,2026-09-01T16:21:40.155729+00:00,2026-09-01T18:56:23+00:00,2026-09-01T20:38:10+00:00,1
8863,4171,24,Enel X - Municipalidad de Pucón,Pucón,La Araucanía,777415484,ENEL X,Enel,CCS 2,DC,60,(50-150],OTRO,0,0,OCUPADO,2026-09-01T18:56:23+00:00,2026-09-01T16:21:40.155729+00:00,2026-09-01T18:56:23+00:00,2026-09-01T20:38:10+00:00,1
8864,4172,30,Enel X - Municipalidad de Villarrica,Villarrica,La Araucanía,777415484,ENEL X,Enel,CCS 2,DC,60,(50-150],OTRO,0,0,DISPONIBLE,2026-09-01T18:56:23+00:00,2026-09-01T13:26:17.513442+00:00,2026-09-01T18:56:23+00:00,2026-09-01T20:38:10+00:00,1
8865,4172,30,Enel X - Municipalidad de Villarrica,Villarrica,La Araucanía,777415484,ENEL X,Enel,CCS 2,DC,60,(50-150],OTRO,0,0,DISPONIBLE,2026-09-01T18:56:23+00:00,2026-09-01T13:26:17.513442+00:00,2026-09-01T18:56:23+00:00,2026-09-01T20:38:10+00:00,1
8878,4192,1354,McDonald's Macul,Macul,Metropolitana,777415484,ENEL X,Enel,CCS 2,DC,30,(22-50],,0,0,DISPONIBLE,2026-09-01T18:56:23+00:00,2026-09-01T16:31:43.669365+00:00,2026-09-01T18:56:23+00:00,2026-09-01T20:38:10+00:00,1
8879,4193,1354,McDonald's Macul,Macul,Metropolitana,777415484,ENEL X,Enel,CCS 2,DC,30,(22-50],,0,0,DISPONIBLE,2026-09-01T18:56:23+00:00,2026-09-01T18:21:41.007933+00:00,2026-09-01T18:56:23+00:00,2026-09-01T20:38:10+00:00,1
8880,4194,1355,"Enel X, Strip Center Manuel Montt",Nunoa,Metropolitana,777415484,ENEL X,Enel,Tipo 2,AC,22,(7-22],,0,0,FUERA DE LINEA,2026-09-01T18:56:23+00:00,2026-04-08T21:35:57.359777+00:00,2026-09-01T18:56:23+00:00,2026-09-01T20:38:10+00:00,1
8881,4195,1355,"Enel X, Strip Center Manuel Montt",Nunoa,Metropolitana,777415484,ENEL X,Enel,Tipo 2,AC,22,(7-22],,0,0,FUERA DE LINEA,2026-09-01T18:56:23+00:00,2026-06-11T03:08:58.290359+00:00,2026-09-01T18:56:23+00:00,2026-09-01T20:38:10+00:00,1
8882,4196,1355,"Enel X, Strip Center Manuel Montt",Nunoa,Metropolitana,777415484,ENEL X,Enel,Tipo 2,AC,22,(7-22],,0,0,FUERA DE LINEA,2026-09-01T18:56:23+00:00,2026-04-08T21:35:57.359777+00:00,2026-09-01T18:56:23+00:00,2026-09-01T20:38:10+00:00,1
8883,4197,1355,"Enel X, Strip Center Manuel Montt",Nunoa,Metropolitana,777415484,ENEL X,Enel,Tipo 2,AC,22,(7-22],,0,0,FUERA DE LINEA,2026-09-01T18:56:23+00:00,2026-04-08T21:35:57.359777+00:00,2026-09-01T18:56:23+00:00,2026-09-01T20:38:10+00:00,1
8884,4198,1355,"Enel X, Strip Center Manuel Montt",Nunoa,Metropolitana,777415484,ENEL X,Enel,Tipo 2,AC,22,(7-22],,0,0,FUERA DE LINEA,2026-09-01T18:56:23+00:00,2026-04-08T21:35:57.359777+00:00,2026-09-01T18:56:23+00:00,2026-09-01T20:38:10+00:00,1
8885,4199,1355,"Enel X, Strip Center Manuel Montt",Nunoa,Metropolitana,777415484,ENEL X,Enel,Tipo 2,AC,22,(7-22],,0,0,FUERA DE LINEA,2026-09-01T18:56:23+00:00,2026-04-08T21:35:57.359777+00:00,2026-09-01T18:56:23+00:00,2026-09-01T20:38:10+00:00,1
8886,4200,1355,"Enel X, Strip Center Manuel Montt",Nunoa,Metropolitana,777415484,ENEL X,Enel,Tipo 2,AC,22,(7-22],,0,0,FUERA DE LINEA,2026-09-01T18:56:23+00:00,2026-04-08T21:35:57.359777+00:00,2026-09-01T18:56:23+00:00,2026-09-01T20:38:10+00:00,1
8887,4201,1355,"Enel X, Strip Center Manuel Montt",Nunoa,Metropolitana,777415484,ENEL X,Enel,Tipo 2,AC,22,(7-22],,0,0,FUERA DE LINEA,2026-09-01T18:56:23+00:00,2026-04-08T21:35:57.359777+00:00,2026-09-01T18:56:23+00:00,2026-09-01T20:38:10+00:00,1
8888,4202,1355,"Enel X, Strip Center Manuel Montt",Nunoa,Metropolitana,777415484,ENEL X,Enel,Tipo 2,AC,22,(7-22],,0,0,FUERA DE LINEA,2026-09-01T18:56:23+00:00,2026-04-08T21:35:57.359777+00:00,2026-09-01T18:56:23+00:00,2026-09-01T20:38:10+00:00,1
8889,4203,1355,"Enel X, Strip Center Manuel Montt",Nunoa,Metropolitana,777415484,ENEL X,Enel,Tipo 2,AC,22,(7-22],,0,0,FUERA DE LINEA,2026-09-01T18:56:23+00:00,2026-04-08T21:35:57.359777+00:00,2026-09-01T18:56:23+00:00,2026-09-01T20:38:10+00:00,1
8890,4204,1355,"Enel X, Strip Center Manuel Montt",Nunoa,Metropolitana,777415484,ENEL X,Enel,CCS 2,DC,150,(50-150],,0,0,FUERA DE LINEA,2026-09-01T18:56:23+00:00,2026-04-08T21:35:57.359777+00:00,2026-09-01T18:56:23+00:00,2026-09-01T20:38:10+00:00,1
8891,4204,1355,"Enel X, Strip Center Manuel Montt",Nunoa,Metropolitana,777415484,ENEL X,Enel,CCS 2,DC,150,(50-150],,0,0,FUERA DE LINEA,2026-09-01T18:56:23+00:00,2026-04-08T21:35:57.359777+00:00,2026-09-01T18:56:23+00:00,2026-09-01T20:38:10+00:00,1
8892,4205,1355,"Enel X, Strip Center Manuel Montt",Nunoa,Metropolitana,777415484,ENEL X,Enel,CCS 2,DC,150,(50-150],,0,0,FUERA DE LINEA,2026-09-01T18:56:23+00:00,2026-04-08T21:35:57.359777+00:00,2026-09-01T18:56:23+00:00,2026-09-01T20:38:10+00:00,1
8893,4205,1355,"Enel X, Strip Center Manuel Montt",Nunoa,Metropolitana,777415484,ENEL X,Enel,CCS 2,DC,150,(50-150],,0,0,FUERA DE LINEA,2026-09-01T18:56:23+00:00,2026-04-08T21:35:57.359777+00:00,2026-09-01T18:56:23+00:00,2026-09-01T20:38:10+00:00,1
8894,4206,1356,Enel X-McDonald's Bilbao ,Providencia,Metropolitana,777415484,ENEL X,Enel,CCS 2,DC,30,(22-50],,0,0,FUERA DE LINEA,2026-09-01T18:56:23+00:00,2026-09-01T04:09:53.284505+00:00,2026-09-01T18:56:23+00:00,2026-09-01T20:38:10+00:00,1
8895,4207,1356,Enel X-McDonald's Bilbao ,Providencia,Metropolitana,777415484,ENEL X,Enel,CCS 2,DC,30,(22-50],,0,0,FUERA DE LINEA,2026-09-01T18:56:23+00:00,2026-09-01T04:09:54.005040+00:00,2026-09-01T18:56:23+00:00,2026-09-01T20:38:10+00:00,1
8896,4208,1357,Enel X - IRVE Estadio Claro Arena,Las Condes,Metropolitana,777415484,ENEL X,Enel,Tipo 2,AC,22,(7-22],,0,0,FUERA DE LINEA,2026-09-01T18:56:23+00:00,2026-04-08T21:35:57.359777+00:00,2026-09-01T18:56:23+00:00,2026-09-01T20:38:10+00:00,1
8897,4209,1357,Enel X - IRVE Estadio Claro Arena,Las Condes,Metropolitana,777415484,ENEL X,Enel,Tipo 2,AC,22,(7-22],,0,0,FUERA DE LINEA,2026-09-01T18:56:23+00:00,2026-04-08T21:35:57.359777+00:00,2026-09-01T18:56:23+00:00,2026-09-01T20:38:10+00:00,1
8898,4210,1357,Enel X - IRVE Estadio Claro Arena,Las Condes,Metropolitana,777415484,ENEL X,Enel,Tipo 2,AC,22,(7-22],,0,0,FUERA DE LINEA,2026-09-01T18:56:23+00:00,2026-04-08T21:35:57.359777+00:00,2026-09-01T18:56:23+00:00,2026-09-01T20:38:10+00:00,1
8899,4211,1357,Enel X - IRVE Estadio Claro Arena,Las Condes,Metropolitana,777415484,ENEL X,Enel,Tipo 2,AC,22,(7-22],,0,0,FUERA DE LINEA,2026-09-01T18:56:23+00:00,2026-04-08T21:35:57.359777+00:00,2026-09-01T18:56:23+00:00,2026-09-01T20:38:10+00:00,1
8900,4212,1357,Enel X - IRVE Estadio Claro Arena,Las Condes,Metropolitana,777415484,ENEL X,Enel,Tipo 2,AC,22,(7-22],,0,0,FUERA DE LINEA,2026-09-01T18:56:23+00:00,2026-04-08T21:35:57.359777+00:00,2026-09-01T18:56:23+00:00,2026-09-01T20:38:10+00:00,1
8901,4213,1357,Enel X - IRVE Estadio Claro Arena,Las Condes,Metropolitana,777415484,ENEL X,Enel,Tipo 2,AC,22,(7-22],,0,0,FUERA DE LINEA,2026-09-01T18:56:23+00:00,2026-04-08T21:35:57.359777+00:00,2026-09-01T18:56:23+00:00,2026-09-01T20:38:10+00:00,1
8902,4214,1357,Enel X - IRVE Estadio Claro Arena,Las Condes,Metropolitana,777415484,ENEL X,Enel,Tipo 2,AC,22,(7-22],,0,0,FUERA DE LINEA,2026-09-01T18:56:23+00:00,2026-04-08T21:35:57.359777+00:00,2026-09-01T18:56:23+00:00,2026-09-01T20:38:10+00:00,1
8903,4215,1357,Enel X - IRVE Estadio Claro Arena,Las Condes,Metropolitana,777415484,ENEL X,Enel,Tipo 2,AC,22,(7-22],,0,0,FUERA DE LINEA,2026-09-01T18:56:23+00:00,2026-04-08T21:35:57.359777+00:00,2026-09-01T18:56:23+00:00,2026-09-01T20:38:10+00:00,1
8911,4225,1387,VOLTEX CARGADOR ELECTRICO BASCUÑAN,Santiago,Metropolitana,995200007,COPEC VOLTEX,Copec Voltex,CCS 2,DC,240,150,,1,1,FUERA DE LINEA,2026-09-01T18:56:23+00:00,2026-04-20T15:21:00.103796+00:00,2026-09-01T18:56:23+00:00,2026-09-01T20:38:10+00:00,1
8912,4225,1387,VOLTEX CARGADOR ELECTRICO BASCUÑAN,Santiago,Metropolitana,995200007,COPEC VOLTEX,Copec Voltex,CCS 2,DC,240,150,,1,1,FUERA DE LINEA,2026-09-01T18:56:23+00:00,2026-04-20T15:21:00.103796+00:00,2026-09-01T18:56:23+00:00,2026-09-01T20:38:10+00:00,1
8913,4226,1388,Cargador Eléctrico Copec Ovalle,Ovalle,Coquimbo,995200007,COPEC VOLTEX,Copec Voltex,CCS 2,DC,240,150,ELECTROLINERA,0,0,DISPONIBLE,2026-09-01T18:56:23+00:00,2026-09-01T18:43:04.392817+00:00,2026-09-01T18:56:23+00:00,2026-09-01T20:38:10+00:00,1
8914,4226,1388,Cargador Eléctrico Copec Ovalle,Ovalle,Coquimbo,995200007,COPEC VOLTEX,Copec Voltex,CCS 2,DC,240,150,ELECTROLINERA,0,0,DISPONIBLE,2026-09-01T18:56:23+00:00,2026-09-01T18:43:04.392817+00:00,2026-09-01T18:56:23+00:00,2026-09-01T20:38:10+00:00,1
8915,4227,1389,COPEC VOLTEX EDS 40560 - LLAY LLAY,Llaillay,Valparaíso,995200007,COPEC VOLTEX,Copec Voltex,CCS 2,DC,500,150,,0,0,DISPONIBLE,2026-09-01T18:56:23+00:00,2026-09-01T12:50:02.881997+00:00,2026-09-01T18:56:23+00:00,2026-09-01T20:38:10+00:00,1
8916,4227,1389,COPEC VOLTEX EDS 40560 - LLAY LLAY,Llaillay,Valparaíso,995200007,COPEC VOLTEX,Copec Voltex,CCS 2,DC,500,150,,0,0,DISPONIBLE,2026-09-01T18:56:23+00:00,2026-09-01T12:50:02.881997+00:00,2026-09-01T18:56:23+00:00,2026-09-01T20:38:10+00:00,1
8917,4227,1389,COPEC VOLTEX EDS 40560 - LLAY LLAY,Llaillay,Valparaíso,995200007,COPEC VOLTEX,Copec Voltex,CCS 2,DC,500,150,,0,0,DISPONIBLE,2026-09-01T18:56:23+00:00,2026-09-01T12:50:02.881997+00:00,2026-09-01T18:56:23+00:00,2026-09-01T20:38:10+00:00,1
8918,4227,1389,COPEC VOLTEX EDS 40560 - LLAY LLAY,Llaillay,Valparaíso,995200007,COPEC VOLTEX,Copec Voltex,CCS 2,DC,500,150,,0,0,DISPONIBLE,2026-09-01T18:56:23+00:00,2026-09-01T12:50:02.881997+00:00,2026-09-01T18:56:23+00:00,2026-09-01T20:38:10+00:00,1
8944,4258,1420,COPEC VOLTEX_HUB MALL CENCO EL LLANO,San Miguel,Metropolitana,995200007,COPEC VOLTEX,Copec Voltex,Tipo 2,AC,7.4,7,CENTRO COMERCIAL,0,1,FUERA DE LINEA,2026-09-01T18:56:23+00:00,2026-08-31T19:39:23.879688+00:00,2026-09-01T18:56:23+00:00,2026-09-01T20:38:10+00:00,1
8945,4259,1420,COPEC VOLTEX_HUB MALL CENCO EL LLANO,San Miguel,Metropolitana,995200007,COPEC VOLTEX,Copec Voltex,Tipo 2,AC,7.4,7,CENTRO COMERCIAL,0,1,FUERA DE LINEA,2026-09-01T18:56:23+00:00,2026-08-31T19:39:23.901442+00:00,2026-09-01T18:56:23+00:00,2026-09-01T20:38:10+00:00,1
8946,4260,1420,COPEC VOLTEX_HUB MALL CENCO EL LLANO,San Miguel,Metropolitana,995200007,COPEC VOLTEX,Copec Voltex,Tipo 2,AC,7.4,7,CENTRO COMERCIAL,0,1,FUERA DE LINEA,2026-09-01T18:56:23+00:00,2026-08-31T19:39:23.916115+00:00,2026-09-01T18:56:23+00:00,2026-09-01T20:38:10+00:00,1
8947,4261,1420,COPEC VOLTEX_HUB MALL CENCO EL LLANO,San Miguel,Metropolitana,995200007,COPEC VOLTEX,Copec Voltex,Tipo 2,AC,7.4,7,CENTRO COMERCIAL,0,1,FUERA DE LINEA,2026-09-01T18:56:23+00:00,2026-08-31T19:39:23.926624+00:00,2026-09-01T18:56:23+00:00,2026-09-01T20:38:10+00:00,1
8948,4262,1420,COPEC VOLTEX_HUB MALL CENCO EL LLANO,San Miguel,Metropolitana,995200007,COPEC VOLTEX,Copec Voltex,Tipo 2,AC,7.4,7,CENTRO COMERCIAL,0,1,FUERA DE LINEA,2026-09-01T18:56:23+00:00,2026-08-31T19:39:23.937220+00:00,2026-09-01T18:56:23+00:00,2026-09-01T20:38:10+00:00,1
8949,4263,1420,COPEC VOLTEX_HUB MALL CENCO EL LLANO,San Miguel,Metropolitana,995200007,COPEC VOLTEX,Copec Voltex,Tipo 2,AC,7.4,7,CENTRO COMERCIAL,0,1,FUERA DE LINEA,2026-09-01T18:56:23+00:00,2026-08-31T19:39:23.947840+00:00,2026-09-01T18:56:23+00:00,2026-09-01T20:38:10+00:00,1
8950,4264,1420,COPEC VOLTEX_HUB MALL CENCO EL LLANO,San Miguel,Metropolitana,995200007,COPEC VOLTEX,Copec Voltex,Tipo 2,AC,7.4,7,CENTRO COMERCIAL,0,1,FUERA DE LINEA,2026-09-01T18:56:23+00:00,2026-08-31T19:39:23.959623+00:00,2026-09-01T18:56:23+00:00,2026-09-01T20:38:10+00:00,1
8951,4265,1420,COPEC VOLTEX_HUB MALL CENCO EL LLANO,San Miguel,Metropolitana,995200007,COPEC VOLTEX,Copec Voltex,Tipo 2,AC,7.4,7,CENTRO COMERCIAL,0,1,FUERA DE LINEA,2026-09-01T18:56:23+00:00,2026-08-31T19:39:23.970752+00:00,2026-09-01T18:56:23+00:00,2026-09-01T20:38:10+00:00,1
8952,4266,1420,COPEC VOLTEX_HUB MALL CENCO EL LLANO,San Miguel,Metropolitana,995200007,COPEC VOLTEX,Copec Voltex,Tipo 2,AC,7.4,7,CENTRO COMERCIAL,0,1,FUERA DE LINEA,2026-09-01T18:56:23+00:00,2026-08-31T19:39:23.981672+00:00,2026-09-01T18:56:23+00:00,2026-09-01T20:38:10+00:00,1
8953,4267,1420,COPEC VOLTEX_HUB MALL CENCO EL LLANO,San Miguel,Metropolitana,995200007,COPEC VOLTEX,Copec Voltex,Tipo 2,AC,7.4,7,CENTRO COMERCIAL,0,1,FUERA DE LINEA,2026-09-01T18:56:23+00:00,2026-08-31T19:39:23.992988+00:00,2026-09-01T18:56:23+00:00,2026-09-01T20:38:10+00:00,1
8954,4268,1420,COPEC VOLTEX_HUB MALL CENCO EL LLANO,San Miguel,Metropolitana,995200007,COPEC VOLTEX,Copec Voltex,Tipo 2,AC,7.4,7,CENTRO COMERCIAL,0,1,FUERA DE LINEA,2026-09-01T18:56:23+00:00,2026-08-31T19:39:24.005497+00:00,2026-09-01T18:56:23+00:00,2026-09-01T20:38:10+00:00,1
8955,4269,1420,COPEC VOLTEX_HUB MALL CENCO EL LLANO,San Miguel,Metropolitana,995200007,COPEC VOLTEX,Copec Voltex,Tipo 2,AC,7.4,7,CENTRO COMERCIAL,0,1,FUERA DE LINEA,2026-09-01T18:56:23+00:00,2026-08-31T19:39:24.017321+00:00,2026-09-01T18:56:23+00:00,2026-09-01T20:38:10+00:00,1
8956,4270,1420,COPEC VOLTEX_HUB MALL CENCO EL LLANO,San Miguel,Metropolitana,995200007,COPEC VOLTEX,Copec Voltex,Tipo 2,AC,7.4,7,CENTRO COMERCIAL,0,1,FUERA DE LINEA,2026-09-01T18:56:23+00:00,2026-08-31T19:39:24.029022+00:00,2026-09-01T18:56:23+00:00,2026-09-01T20:38:10+00:00,1
8957,4271,1420,COPEC VOLTEX_HUB MALL CENCO EL LLANO,San Miguel,Metropolitana,995200007,COPEC VOLTEX,Copec Voltex,Tipo 2,AC,7.4,7,CENTRO COMERCIAL,0,1,FUERA DE LINEA,2026-09-01T18:56:23+00:00,2026-08-31T19:39:24.041428+00:00,2026-09-01T18:56:23+00:00,2026-09-01T20:38:10+00:00,1
8958,4272,1420,COPEC VOLTEX_HUB MALL CENCO EL LLANO,San Miguel,Metropolitana,995200007,COPEC VOLTEX,Copec Voltex,Tipo 2,AC,7.4,7,CENTRO COMERCIAL,0,1,FUERA DE LINEA,2026-09-01T18:56:23+00:00,2026-08-31T19:39:24.053523+00:00,2026-09-01T18:56:23+00:00,2026-09-01T20:38:10+00:00,1
8959,4273,1420,COPEC VOLTEX_HUB MALL CENCO EL LLANO,San Miguel,Metropolitana,995200007,COPEC VOLTEX,Copec Voltex,Tipo 2,AC,7.4,7,CENTRO COMERCIAL,0,1,FUERA DE LINEA,2026-09-01T18:56:23+00:00,2026-08-31T19:39:24.066108+00:00,2026-09-01T18:56:23+00:00,2026-09-01T20:38:10+00:00,1
8960,4274,1420,COPEC VOLTEX_HUB MALL CENCO EL LLANO,San Miguel,Metropolitana,995200007,COPEC VOLTEX,Copec Voltex,Tipo 2,AC,7.4,7,CENTRO COMERCIAL,0,1,FUERA DE LINEA,2026-09-01T18:56:23+00:00,2026-08-31T19:39:24.078876+00:00,2026-09-01T18:56:23+00:00,2026-09-01T20:38:10+00:00,1
8961,4275,1420,COPEC VOLTEX_HUB MALL CENCO EL LLANO,San Miguel,Metropolitana,995200007,COPEC VOLTEX,Copec Voltex,Tipo 2,AC,7.4,7,CENTRO COMERCIAL,0,1,FUERA DE LINEA,2026-09-01T18:56:23+00:00,2026-08-31T19:39:24.091934+00:00,2026-09-01T18:56:23+00:00,2026-09-01T20:38:10+00:00,1
8962,4276,1420,COPEC VOLTEX_HUB MALL CENCO EL LLANO,San Miguel,Metropolitana,995200007,COPEC VOLTEX,Copec Voltex,Tipo 2,AC,7.4,7,CENTRO COMERCIAL,0,1,FUERA DE LINEA,2026-09-01T18:56:23+00:00,2026-08-31T19:39:24.105417+00:00,2026-09-01T18:56:23+00:00,2026-09-01T20:38:10+00:00,1
8963,4277,1420,COPEC VOLTEX_HUB MALL CENCO EL LLANO,San Miguel,Metropolitana,995200007,COPEC VOLTEX,Copec Voltex,Tipo 2,AC,7.4,7,CENTRO COMERCIAL,0,1,FUERA DE LINEA,2026-09-01T18:56:23+00:00,2026-08-31T19:39:24.119767+00:00,2026-09-01T18:56:23+00:00,2026-09-01T20:38:10+00:00,1
8964,4278,1420,COPEC VOLTEX_HUB MALL CENCO EL LLANO,San Miguel,Metropolitana,995200007,COPEC VOLTEX,Copec Voltex,Tipo 2,AC,7.4,7,CENTRO COMERCIAL,0,1,FUERA DE LINEA,2026-09-01T18:56:23+00:00,2026-08-31T19:39:24.133539+00:00,2026-09-01T18:56:23+00:00,2026-09-01T20:38:10+00:00,1
8965,4279,1420,COPEC VOLTEX_HUB MALL CENCO EL LLANO,San Miguel,Metropolitana,995200007,COPEC VOLTEX,Copec Voltex,Tipo 2,AC,7.4,7,CENTRO COMERCIAL,0,1,FUERA DE LINEA,2026-09-01T18:56:23+00:00,2026-08-31T19:39:24.148738+00:00,2026-09-01T18:56:23+00:00,2026-09-01T20:38:10+00:00,1
8966,4280,1420,COPEC VOLTEX_HUB MALL CENCO EL LLANO,San Miguel,Metropolitana,995200007,COPEC VOLTEX,Copec Voltex,Tipo 2,AC,7.4,7,CENTRO COMERCIAL,0,1,FUERA DE LINEA,2026-09-01T18:56:23+00:00,2026-08-31T19:39:24.164086+00:00,2026-09-01T18:56:23+00:00,2026-09-01T20:38:10+00:00,1
8967,4281,1420,COPEC VOLTEX_HUB MALL CENCO EL LLANO,San Miguel,Metropolitana,995200007,COPEC VOLTEX,Copec Voltex,Tipo 2,AC,7.4,7,CENTRO COMERCIAL,0,1,FUERA DE LINEA,2026-09-01T18:56:23+00:00,2026-08-31T19:39:24.179291+00:00,2026-09-01T18:56:23+00:00,2026-09-01T20:38:10+00:00,1
8968,4282,1420,COPEC VOLTEX_HUB MALL CENCO EL LLANO,San Miguel,Metropolitana,995200007,COPEC VOLTEX,Copec Voltex,Tipo 2,AC,7.4,7,CENTRO COMERCIAL,0,1,FUERA DE LINEA,2026-09-01T18:56:23+00:00,2026-08-31T19:39:24.194070+00:00,2026-09-01T18:56:23+00:00,2026-09-01T20:38:10+00:00,1
8969,4283,1420,COPEC VOLTEX_HUB MALL CENCO EL LLANO,San Miguel,Metropolitana,995200007,COPEC VOLTEX,Copec Voltex,Tipo 2,AC,7.4,7,CENTRO COMERCIAL,0,1,FUERA DE LINEA,2026-09-01T18:56:23+00:00,2026-08-31T19:39:24.208828+00:00,2026-09-01T18:56:23+00:00,2026-09-01T20:38:10+00:00,1
8970,4284,1420,COPEC VOLTEX_HUB MALL CENCO EL LLANO,San Miguel,Metropolitana,995200007,COPEC VOLTEX,Copec Voltex,Tipo 2,AC,7.4,7,CENTRO COMERCIAL,0,1,FUERA DE LINEA,2026-09-01T18:56:23+00:00,2026-08-31T19:39:24.224234+00:00,2026-09-01T18:56:23+00:00,2026-09-01T20:38:10+00:00,1
8971,4285,1420,COPEC VOLTEX_HUB MALL CENCO EL LLANO,San Miguel,Metropolitana,995200007,COPEC VOLTEX,Copec Voltex,Tipo 2,AC,7.4,7,CENTRO COMERCIAL,0,1,FUERA DE LINEA,2026-09-01T18:56:23+00:00,2026-08-31T19:39:24.239262+00:00,2026-09-01T18:56:23+00:00,2026-09-01T20:38:10+00:00,1
8972,4286,1420,COPEC VOLTEX_HUB MALL CENCO EL LLANO,San Miguel,Metropolitana,995200007,COPEC VOLTEX,Copec Voltex,Tipo 2,AC,7.4,7,CENTRO COMERCIAL,0,1,FUERA DE LINEA,2026-09-01T18:56:23+00:00,2026-08-31T19:39:24.255370+00:00,2026-09-01T18:56:23+00:00,2026-09-01T20:38:10+00:00,1
8973,4287,1420,COPEC VOLTEX_HUB MALL CENCO EL LLANO,San Miguel,Metropolitana,995200007,COPEC VOLTEX,Copec Voltex,Tipo 2,AC,7.4,7,CENTRO COMERCIAL,0,1,FUERA DE LINEA,2026-09-01T18:56:23+00:00,2026-08-31T19:39:24.271060+00:00,2026-09-01T18:56:23+00:00,2026-09-01T20:38:10+00:00,1
8974,4288,1420,COPEC VOLTEX_HUB MALL CENCO EL LLANO,San Miguel,Metropolitana,995200007,COPEC VOLTEX,Copec Voltex,Tipo 2,AC,7.4,7,CENTRO COMERCIAL,0,1,FUERA DE LINEA,2026-09-01T18:56:23+00:00,2026-08-31T19:39:24.288870+00:00,2026-09-01T18:56:23+00:00,2026-09-01T20:38:10+00:00,1
8975,4289,1420,COPEC VOLTEX_HUB MALL CENCO EL LLANO,San Miguel,Metropolitana,995200007,COPEC VOLTEX,Copec Voltex,Tipo 2,AC,7.4,7,CENTRO COMERCIAL,0,1,FUERA DE LINEA,2026-09-01T18:56:23+00:00,2026-08-31T19:39:24.305804+00:00,2026-09-01T18:56:23+00:00,2026-09-01T20:38:10+00:00,1
8976,4290,1420,COPEC VOLTEX_HUB MALL CENCO EL LLANO,San Miguel,Metropolitana,995200007,COPEC VOLTEX,Copec Voltex,Tipo 2,AC,7.4,7,CENTRO COMERCIAL,0,1,FUERA DE LINEA,2026-09-01T18:56:23+00:00,2026-08-31T19:39:24.327915+00:00,2026-09-01T18:56:23+00:00,2026-09-01T20:38:10+00:00,1
8977,4291,1420,COPEC VOLTEX_HUB MALL CENCO EL LLANO,San Miguel,Metropolitana,995200007,COPEC VOLTEX,Copec Voltex,Tipo 2,AC,7.4,7,CENTRO COMERCIAL,0,1,FUERA DE LINEA,2026-09-01T18:56:23+00:00,2026-08-31T19:39:24.345406+00:00,2026-09-01T18:56:23+00:00,2026-09-01T20:38:10+00:00,1
8978,4292,1420,COPEC VOLTEX_HUB MALL CENCO EL LLANO,San Miguel,Metropolitana,995200007,COPEC VOLTEX,Copec Voltex,Tipo 2,AC,7.4,7,CENTRO COMERCIAL,0,1,FUERA DE LINEA,2026-09-01T18:56:23+00:00,2026-08-31T19:39:24.362291+00:00,2026-09-01T18:56:23+00:00,2026-09-01T20:38:10+00:00,1
8979,4293,1420,COPEC VOLTEX_HUB MALL CENCO EL LLANO,San Miguel,Metropolitana,995200007,COPEC VOLTEX,Copec Voltex,Tipo 2,AC,7.4,7,CENTRO COMERCIAL,0,1,FUERA DE LINEA,2026-09-01T18:56:23+00:00,2026-08-31T19:39:24.378892+00:00,2026-09-01T18:56:23+00:00,2026-09-01T20:38:10+00:00,1
8980,4294,1420,COPEC VOLTEX_HUB MALL CENCO EL LLANO,San Miguel,Metropolitana,995200007,COPEC VOLTEX,Copec Voltex,Tipo 2,AC,7.4,7,CENTRO COMERCIAL,0,1,FUERA DE LINEA,2026-09-01T18:56:23+00:00,2026-08-31T19:39:24.396882+00:00,2026-09-01T18:56:23+00:00,2026-09-01T20:38:10+00:00,1
8981,4295,1420,COPEC VOLTEX_HUB MALL CENCO EL LLANO,San Miguel,Metropolitana,995200007,COPEC VOLTEX,Copec Voltex,Tipo 2,AC,7.4,7,CENTRO COMERCIAL,0,1,FUERA DE LINEA,2026-09-01T18:56:23+00:00,2026-08-31T19:39:24.415105+00:00,2026-09-01T18:56:23+00:00,2026-09-01T20:38:10+00:00,1
8982,4296,1420,COPEC VOLTEX_HUB MALL CENCO EL LLANO,San Miguel,Metropolitana,995200007,COPEC VOLTEX,Copec Voltex,Tipo 2,AC,7.4,7,CENTRO COMERCIAL,0,1,FUERA DE LINEA,2026-09-01T18:56:23+00:00,2026-08-31T19:39:24.432219+00:00,2026-09-01T18:56:23+00:00,2026-09-01T20:38:10+00:00,1
8983,4297,1420,COPEC VOLTEX_HUB MALL CENCO EL LLANO,San Miguel,Metropolitana,995200007,COPEC VOLTEX,Copec Voltex,Tipo 2,AC,7.4,7,CENTRO COMERCIAL,0,1,FUERA DE LINEA,2026-09-01T18:56:23+00:00,2026-08-31T19:39:24.449400+00:00,2026-09-01T18:56:23+00:00,2026-09-01T20:38:10+00:00,1
8984,4298,1420,COPEC VOLTEX_HUB MALL CENCO EL LLANO,San Miguel,Metropolitana,995200007,COPEC VOLTEX,Copec Voltex,Tipo 2,AC,7.4,7,CENTRO COMERCIAL,0,1,FUERA DE LINEA,2026-09-01T18:56:23+00:00,2026-08-31T19:39:24.467204+00:00,2026-09-01T18:56:23+00:00,2026-09-01T20:38:10+00:00,1
8985,4299,1420,COPEC VOLTEX_HUB MALL CENCO EL LLANO,San Miguel,Metropolitana,995200007,COPEC VOLTEX,Copec Voltex,Tipo 2,AC,7.4,7,CENTRO COMERCIAL,0,1,FUERA DE LINEA,2026-09-01T18:56:23+00:00,2026-08-31T19:39:24.486662+00:00,2026-09-01T18:56:23+00:00,2026-09-01T20:38:10+00:00,1
8986,4300,1420,COPEC VOLTEX_HUB MALL CENCO EL LLANO,San Miguel,Metropolitana,995200007,COPEC VOLTEX,Copec Voltex,Tipo 2,AC,7.4,7,CENTRO COMERCIAL,0,1,FUERA DE LINEA,2026-09-01T18:56:23+00:00,2026-08-31T19:39:24.504733+00:00,2026-09-01T18:56:23+00:00,2026-09-01T20:38:10+00:00,1
8987,4301,1420,COPEC VOLTEX_HUB MALL CENCO EL LLANO,San Miguel,Metropolitana,995200007,COPEC VOLTEX,Copec Voltex,Tipo 2,AC,7.4,7,CENTRO COMERCIAL,0,1,FUERA DE LINEA,2026-09-01T18:56:23+00:00,2026-08-31T19:39:24.523035+00:00,2026-09-01T18:56:23+00:00,2026-09-01T20:38:10+00:00,1
8988,4302,1420,COPEC VOLTEX_HUB MALL CENCO EL LLANO,San Miguel,Metropolitana,995200007,COPEC VOLTEX,Copec Voltex,Tipo 2,AC,7.4,7,CENTRO COMERCIAL,0,1,FUERA DE LINEA,2026-09-01T18:56:23+00:00,2026-08-31T19:39:24.541582+00:00,2026-09-01T18:56:23+00:00,2026-09-01T20:38:10+00:00,1
8989,4303,1420,COPEC VOLTEX_HUB MALL CENCO EL LLANO,San Miguel,Metropolitana,995200007,COPEC VOLTEX,Copec Voltex,Tipo 2,AC,7.4,7,CENTRO COMERCIAL,0,1,FUERA DE LINEA,2026-09-01T18:56:23+00:00,2026-08-31T19:39:24.561392+00:00,2026-09-01T18:56:23+00:00,2026-09-01T20:38:10+00:00,1
8990,4304,1420,COPEC VOLTEX_HUB MALL CENCO EL LLANO,San Miguel,Metropolitana,995200007,COPEC VOLTEX,Copec Voltex,Tipo 2,AC,7.4,7,CENTRO COMERCIAL,0,1,FUERA DE LINEA,2026-09-01T18:56:23+00:00,2026-08-31T19:39:24.580942+00:00,2026-09-01T18:56:23+00:00,2026-09-01T20:38:10+00:00,1
8991,4305,1420,COPEC VOLTEX_HUB MALL CENCO EL LLANO,San Miguel,Metropolitana,995200007,COPEC VOLTEX,Copec Voltex,Tipo 2,AC,7.4,7,CENTRO COMERCIAL,0,1,FUERA DE LINEA,2026-09-01T18:56:23+00:00,2026-08-31T19:39:24.600560+00:00,2026-09-01T18:56:23+00:00,2026-09-01T20:38:10+00:00,1
8992,4306,1420,COPEC VOLTEX_HUB MALL CENCO EL LLANO,San Miguel,Metropolitana,995200007,COPEC VOLTEX,Copec Voltex,Tipo 2,AC,7.4,7,CENTRO COMERCIAL,0,1,FUERA DE LINEA,2026-09-01T18:56:23+00:00,2026-08-31T19:39:24.620311+00:00,2026-09-01T18:56:23+00:00,2026-09-01T20:38:10+00:00,1
8993,4307,1420,COPEC VOLTEX_HUB MALL CENCO EL LLANO,San Miguel,Metropolitana,995200007,COPEC VOLTEX,Copec Voltex,Tipo 2,AC,7.4,7,CENTRO COMERCIAL,0,1,FUERA DE LINEA,2026-09-01T18:56:23+00:00,2026-08-31T19:39:24.642785+00:00,2026-09-01T18:56:23+00:00,2026-09-01T20:38:10+00:00,1
8994,4308,1420,COPEC VOLTEX_HUB MALL CENCO EL LLANO,San Miguel,Metropolitana,995200007,COPEC VOLTEX,Copec Voltex,Tipo 2,AC,7.4,7,CENTRO COMERCIAL,0,1,FUERA DE LINEA,2026-09-01T18:56:23+00:00,2026-08-31T19:39:24.662783+00:00,2026-09-01T18:56:23+00:00,2026-09-01T20:38:10+00:00,1
8995,4309,1420,COPEC VOLTEX_HUB MALL CENCO EL LLANO,San Miguel,Metropolitana,995200007,COPEC VOLTEX,Copec Voltex,Tipo 2,AC,7.4,7,CENTRO COMERCIAL,0,1,FUERA DE LINEA,2026-09-01T18:56:23+00:00,2026-08-31T19:39:24.683336+00:00,2026-09-01T18:56:23+00:00,2026-09-01T20:38:10+00:00,1
8996,4310,1420,COPEC VOLTEX_HUB MALL CENCO EL LLANO,San Miguel,Metropolitana,995200007,COPEC VOLTEX,Copec Voltex,Tipo 2,AC,7.4,7,CENTRO COMERCIAL,0,1,FUERA DE LINEA,2026-09-01T18:56:23+00:00,2026-08-31T19:39:24.705736+00:00,2026-09-01T18:56:23+00:00,2026-09-01T20:38:10+00:00,1
8997,4311,1420,COPEC VOLTEX_HUB MALL CENCO EL LLANO,San Miguel,Metropolitana,995200007,COPEC VOLTEX,Copec Voltex,Tipo 2,AC,7.4,7,CENTRO COMERCIAL,0,1,FUERA DE LINEA,2026-09-01T18:56:23+00:00,2026-08-31T19:39:24.726610+00:00,2026-09-01T18:56:23+00:00,2026-09-01T20:38:10+00:00,1
8998,4312,1420,COPEC VOLTEX_HUB MALL CENCO EL LLANO,San Miguel,Metropolitana,995200007,COPEC VOLTEX,Copec Voltex,Tipo 2,AC,7.4,7,CENTRO COMERCIAL,0,1,FUERA DE LINEA,2026-09-01T18:56:23+00:00,2026-08-31T19:39:24.747041+00:00,2026-09-01T18:56:23+00:00,2026-09-01T20:38:10+00:00,1
8999,4313,1420,COPEC VOLTEX_HUB MALL CENCO EL LLANO,San Miguel,Metropolitana,995200007,COPEC VOLTEX,Copec Voltex,Tipo 2,AC,7.4,7,CENTRO COMERCIAL,0,1,FUERA DE LINEA,2026-09-01T18:56:23+00:00,2026-08-31T19:39:24.767604+00:00,2026-09-01T18:56:23+00:00,2026-09-01T20:38:10+00:00,1
9000,4314,1420,COPEC VOLTEX_HUB MALL CENCO EL LLANO,San Miguel,Metropolitana,995200007,COPEC VOLTEX,Copec Voltex,Tipo 2,AC,7.4,7,CENTRO COMERCIAL,0,1,FUERA DE LINEA,2026-09-01T18:56:23+00:00,2026-08-31T19:39:24.789030+00:00,2026-09-01T18:56:23+00:00,2026-09-01T20:38:10+00:00,1
9001,4315,1420,COPEC VOLTEX_HUB MALL CENCO EL LLANO,San Miguel,Metropolitana,995200007,COPEC VOLTEX,Copec Voltex,Tipo 2,AC,7.4,7,CENTRO COMERCIAL,0,1,FUERA DE LINEA,2026-09-01T18:56:23+00:00,2026-08-31T19:39:24.811003+00:00,2026-09-01T18:56:23+00:00,2026-09-01T20:38:10+00:00,1
9002,4316,1420,COPEC VOLTEX_HUB MALL CENCO EL LLANO,San Miguel,Metropolitana,995200007,COPEC VOLTEX,Copec Voltex,Tipo 2,AC,7.4,7,CENTRO COMERCIAL,0,1,FUERA DE LINEA,2026-09-01T18:56:23+00:00,2026-08-31T19:39:24.834059+00:00,2026-09-01T18:56:23+00:00,2026-09-01T20:38:10+00:00,1
9003,4317,1420,COPEC VOLTEX_HUB MALL CENCO EL LLANO,San Miguel,Metropolitana,995200007,COPEC VOLTEX,Copec Voltex,Tipo 2,AC,7.4,7,CENTRO COMERCIAL,0,1,FUERA DE LINEA,2026-09-01T18:56:23+00:00,2026-08-31T19:39:24.855758+00:00,2026-09-01T18:56:23+00:00,2026-09-01T20:38:10+00:00,1
9004,4318,1420,COPEC VOLTEX_HUB MALL CENCO EL LLANO,San Miguel,Metropolitana,995200007,COPEC VOLTEX,Copec Voltex,Tipo 2,AC,7.4,7,CENTRO COMERCIAL,0,1,FUERA DE LINEA,2026-09-01T18:56:23+00:00,2026-08-31T19:39:24.877880+00:00,2026-09-01T18:56:23+00:00,2026-09-01T20:38:10+00:00,1
9005,4319,1420,COPEC VOLTEX_HUB MALL CENCO EL LLANO,San Miguel,Metropolitana,995200007,COPEC VOLTEX,Copec Voltex,Tipo 2,AC,7.4,7,CENTRO COMERCIAL,0,1,FUERA DE LINEA,2026-09-01T18:56:23+00:00,2026-08-31T19:39:24.900178+00:00,2026-09-01T18:56:23+00:00,2026-09-01T20:38:10+00:00,1
9006,4320,1420,COPEC VOLTEX_HUB MALL CENCO EL LLANO,San Miguel,Metropolitana,995200007,COPEC VOLTEX,Copec Voltex,Tipo 2,AC,7.4,7,CENTRO COMERCIAL,0,1,FUERA DE LINEA,2026-09-01T18:56:23+00:00,2026-08-31T19:39:24.922605+00:00,2026-09-01T18:56:23+00:00,2026-09-01T20:38:10+00:00,1
9007,4321,1420,COPEC VOLTEX_HUB MALL CENCO EL LLANO,San Miguel,Metropolitana,995200007,COPEC VOLTEX,Copec Voltex,Tipo 2,AC,7.4,7,CENTRO COMERCIAL,0,1,FUERA DE LINEA,2026-09-01T18:56:23+00:00,2026-08-31T19:39:24.944502+00:00,2026-09-01T18:56:23+00:00,2026-09-01T20:38:10+00:00,1
9008,4322,1420,COPEC VOLTEX_HUB MALL CENCO EL LLANO,San Miguel,Metropolitana,995200007,COPEC VOLTEX,Copec Voltex,Tipo 2,AC,7.4,7,CENTRO COMERCIAL,0,1,FUERA DE LINEA,2026-09-01T18:56:23+00:00,2026-08-31T19:39:24.967283+00:00,2026-09-01T18:56:23+00:00,2026-09-01T20:38:10+00:00,1
9009,4323,1420,COPEC VOLTEX_HUB MALL CENCO EL LLANO,San Miguel,Metropolitana,995200007,COPEC VOLTEX,Copec Voltex,Tipo 2,AC,7.4,7,CENTRO COMERCIAL,0,1,FUERA DE LINEA,2026-09-01T18:56:23+00:00,2026-08-31T19:39:24.989998+00:00,2026-09-01T18:56:23+00:00,2026-09-01T20:38:10+00:00,1
9010,4324,1420,COPEC VOLTEX_HUB MALL CENCO EL LLANO,San Miguel,Metropolitana,995200007,COPEC VOLTEX,Copec Voltex,Tipo 2,AC,7.4,7,CENTRO COMERCIAL,0,1,FUERA DE LINEA,2026-09-01T18:56:23+00:00,2026-08-31T19:39:25.012634+00:00,2026-09-01T18:56:23+00:00,2026-09-01T20:38:10+00:00,1
9011,4325,1420,COPEC VOLTEX_HUB MALL CENCO EL LLANO,San Miguel,Metropolitana,995200007,COPEC VOLTEX,Copec Voltex,Tipo 2,AC,7.4,7,CENTRO COMERCIAL,0,1,FUERA DE LINEA,2026-09-01T18:56:23+00:00,2026-08-31T19:39:25.034952+00:00,2026-09-01T18:56:23+00:00,2026-09-01T20:38:10+00:00,1
9012,4326,1420,COPEC VOLTEX_HUB MALL CENCO EL LLANO,San Miguel,Metropolitana,995200007,COPEC VOLTEX,Copec Voltex,Tipo 2,AC,7.4,7,CENTRO COMERCIAL,0,1,FUERA DE LINEA,2026-09-01T18:56:23+00:00,2026-08-31T19:39:25.058064+00:00,2026-09-01T18:56:23+00:00,2026-09-01T20:38:10+00:00,1
9013,4327,1420,COPEC VOLTEX_HUB MALL CENCO EL LLANO,San Miguel,Metropolitana,995200007,COPEC VOLTEX,Copec Voltex,Tipo 2,AC,7.4,7,CENTRO COMERCIAL,0,1,FUERA DE LINEA,2026-09-01T18:56:23+00:00,2026-08-31T19:39:25.081633+00:00,2026-09-01T18:56:23+00:00,2026-09-01T20:38:10+00:00,1
9014,4328,1420,COPEC VOLTEX_HUB MALL CENCO EL LLANO,San Miguel,Metropolitana,995200007,COPEC VOLTEX,Copec Voltex,Tipo 2,AC,7.4,7,CENTRO COMERCIAL,0,1,FUERA DE LINEA,2026-09-01T18:56:23+00:00,2026-08-31T19:39:25.106074+00:00,2026-09-01T18:56:23+00:00,2026-09-01T20:38:10+00:00,1
9015,4329,1420,COPEC VOLTEX_HUB MALL CENCO EL LLANO,San Miguel,Metropolitana,995200007,COPEC VOLTEX,Copec Voltex,Tipo 2,AC,7.4,7,CENTRO COMERCIAL,0,1,FUERA DE LINEA,2026-09-01T18:56:23+00:00,2026-08-31T19:39:25.130613+00:00,2026-09-01T18:56:23+00:00,2026-09-01T20:38:10+00:00,1
9016,4330,1420,COPEC VOLTEX_HUB MALL CENCO EL LLANO,San Miguel,Metropolitana,995200007,COPEC VOLTEX,Copec Voltex,Tipo 2,AC,7.4,7,CENTRO COMERCIAL,0,1,FUERA DE LINEA,2026-09-01T18:56:23+00:00,2026-08-31T19:39:25.154622+00:00,2026-09-01T18:56:23+00:00,2026-09-01T20:38:10+00:00,1
9017,4331,1420,COPEC VOLTEX_HUB MALL CENCO EL LLANO,San Miguel,Metropolitana,995200007,COPEC VOLTEX,Copec Voltex,Tipo 2,AC,7.4,7,CENTRO COMERCIAL,0,1,FUERA DE LINEA,2026-09-01T18:56:23+00:00,2026-08-31T19:39:25.179400+00:00,2026-09-01T18:56:23+00:00,2026-09-01T20:38:10+00:00,1
9018,4332,1420,COPEC VOLTEX_HUB MALL CENCO EL LLANO,San Miguel,Metropolitana,995200007,COPEC VOLTEX,Copec Voltex,Tipo 2,AC,7.4,7,CENTRO COMERCIAL,0,1,FUERA DE LINEA,2026-09-01T18:56:23+00:00,2026-08-31T19:39:25.206200+00:00,2026-09-01T18:56:23+00:00,2026-09-01T20:38:10+00:00,1
9019,4333,1420,COPEC VOLTEX_HUB MALL CENCO EL LLANO,San Miguel,Metropolitana,995200007,COPEC VOLTEX,Copec Voltex,Tipo 2,AC,7.4,7,CENTRO COMERCIAL,0,1,FUERA DE LINEA,2026-09-01T18:56:23+00:00,2026-08-31T19:39:25.232170+00:00,2026-09-01T18:56:23+00:00,2026-09-01T20:38:10+00:00,1
9020,4334,1420,COPEC VOLTEX_HUB MALL CENCO EL LLANO,San Miguel,Metropolitana,995200007,COPEC VOLTEX,Copec Voltex,Tipo 2,AC,7.4,7,CENTRO COMERCIAL,0,1,FUERA DE LINEA,2026-09-01T18:56:23+00:00,2026-08-31T19:39:25.256919+00:00,2026-09-01T18:56:23+00:00,2026-09-01T20:38:10+00:00,1
9021,4335,1420,COPEC VOLTEX_HUB MALL CENCO EL LLANO,San Miguel,Metropolitana,995200007,COPEC VOLTEX,Copec Voltex,Tipo 2,AC,7.4,7,CENTRO COMERCIAL,0,1,FUERA DE LINEA,2026-09-01T18:56:23+00:00,2026-08-31T19:39:25.281632+00:00,2026-09-01T18:56:23+00:00,2026-09-01T20:38:10+00:00,1
9022,4336,1420,COPEC VOLTEX_HUB MALL CENCO EL LLANO,San Miguel,Metropolitana,995200007,COPEC VOLTEX,Copec Voltex,Tipo 2,AC,7.4,7,CENTRO COMERCIAL,0,1,FUERA DE LINEA,2026-09-01T18:56:23+00:00,2026-08-31T19:39:25.307822+00:00,2026-09-01T18:56:23+00:00,2026-09-01T20:38:10+00:00,1
9023,4337,1420,COPEC VOLTEX_HUB MALL CENCO EL LLANO,San Miguel,Metropolitana,995200007,COPEC VOLTEX,Copec Voltex,Tipo 2,AC,7.4,7,CENTRO COMERCIAL,0,1,FUERA DE LINEA,2026-09-01T18:56:23+00:00,2026-08-31T19:39:25.338478+00:00,2026-09-01T18:56:23+00:00,2026-09-01T20:38:10+00:00,1
9024,4338,1420,COPEC VOLTEX_HUB MALL CENCO EL LLANO,San Miguel,Metropolitana,995200007,COPEC VOLTEX,Copec Voltex,Tipo 2,AC,7.4,7,CENTRO COMERCIAL,0,1,FUERA DE LINEA,2026-09-01T18:56:23+00:00,2026-08-31T19:39:25.369927+00:00,2026-09-01T18:56:23+00:00,2026-09-01T20:38:10+00:00,1
9025,4339,1420,COPEC VOLTEX_HUB MALL CENCO EL LLANO,San Miguel,Metropolitana,995200007,COPEC VOLTEX,Copec Voltex,Tipo 2,AC,7.4,7,CENTRO COMERCIAL,0,1,FUERA DE LINEA,2026-09-01T18:56:23+00:00,2026-08-31T19:39:25.396453+00:00,2026-09-01T18:56:23+00:00,2026-09-01T20:38:10+00:00,1
9026,4340,1420,COPEC VOLTEX_HUB MALL CENCO EL LLANO,San Miguel,Metropolitana,995200007,COPEC VOLTEX,Copec Voltex,Tipo 2,AC,7.4,7,CENTRO COMERCIAL,0,1,FUERA DE LINEA,2026-09-01T18:56:23+00:00,2026-08-31T19:39:25.423429+00:00,2026-09-01T18:56:23+00:00,2026-09-01T20:38:10+00:00,1
9027,4341,1420,COPEC VOLTEX_HUB MALL CENCO EL LLANO,San Miguel,Metropolitana,995200007,COPEC VOLTEX,Copec Voltex,Tipo 2,AC,7.4,7,CENTRO COMERCIAL,0,1,FUERA DE LINEA,2026-09-01T18:56:23+00:00,2026-08-31T19:39:25.451763+00:00,2026-09-01T18:56:23+00:00,2026-09-01T20:38:10+00:00,1
9028,4342,1420,COPEC VOLTEX_HUB MALL CENCO EL LLANO,San Miguel,Metropolitana,995200007,COPEC VOLTEX,Copec Voltex,Tipo 2,AC,7.4,7,CENTRO COMERCIAL,0,1,FUERA DE LINEA,2026-09-01T18:56:23+00:00,2026-08-31T19:39:25.478567+00:00,2026-09-01T18:56:23+00:00,2026-09-01T20:38:10+00:00,1
9029,4343,1420,COPEC VOLTEX_HUB MALL CENCO EL LLANO,San Miguel,Metropolitana,995200007,COPEC VOLTEX,Copec Voltex,Tipo 2,AC,7.4,7,CENTRO COMERCIAL,0,1,FUERA DE LINEA,2026-09-01T18:56:23+00:00,2026-08-31T19:39:25.512065+00:00,2026-09-01T18:56:23+00:00,2026-09-01T20:38:10+00:00,1
9030,4344,1420,COPEC VOLTEX_HUB MALL CENCO EL LLANO,San Miguel,Metropolitana,995200007,COPEC VOLTEX,Copec Voltex,Tipo 2,AC,7.4,7,CENTRO COMERCIAL,0,1,FUERA DE LINEA,2026-09-01T18:56:23+00:00,2026-08-31T19:39:25.538786+00:00,2026-09-01T18:56:23+00:00,2026-09-01T20:38:10+00:00,1
9031,4345,1420,COPEC VOLTEX_HUB MALL CENCO EL LLANO,San Miguel,Metropolitana,995200007,COPEC VOLTEX,Copec Voltex,Tipo 2,AC,7.4,7,CENTRO COMERCIAL,0,1,FUERA DE LINEA,2026-09-01T18:56:23+00:00,2026-08-31T19:39:25.570153+00:00,2026-09-01T18:56:23+00:00,2026-09-01T20:38:10+00:00,1
9032,4346,1420,COPEC VOLTEX_HUB MALL CENCO EL LLANO,San Miguel,Metropolitana,995200007,COPEC VOLTEX,Copec Voltex,Tipo 2,AC,7.4,7,CENTRO COMERCIAL,0,1,FUERA DE LINEA,2026-09-01T18:56:23+00:00,2026-08-31T19:39:25.597868+00:00,2026-09-01T18:56:23+00:00,2026-09-01T20:38:10+00:00,1
9033,4347,1420,COPEC VOLTEX_HUB MALL CENCO EL LLANO,San Miguel,Metropolitana,995200007,COPEC VOLTEX,Copec Voltex,Tipo 2,AC,7.4,7,CENTRO COMERCIAL,0,1,FUERA DE LINEA,2026-09-01T18:56:23+00:00,2026-08-31T19:39:25.628349+00:00,2026-09-01T18:56:23+00:00,2026-09-01T20:38:10+00:00,1
9034,4348,1420,COPEC VOLTEX_HUB MALL CENCO EL LLANO,San Miguel,Metropolitana,995200007,COPEC VOLTEX,Copec Voltex,Tipo 2,AC,7.4,7,CENTRO COMERCIAL,0,1,FUERA DE LINEA,2026-09-01T18:56:23+00:00,2026-08-31T19:39:25.656361+00:00,2026-09-01T18:56:23+00:00,2026-09-01T20:38:10+00:00,1
9035,4349,1420,COPEC VOLTEX_HUB MALL CENCO EL LLANO,San Miguel,Metropolitana,995200007,COPEC VOLTEX,Copec Voltex,Tipo 2,AC,7.4,7,CENTRO COMERCIAL,0,1,FUERA DE LINEA,2026-09-01T18:56:23+00:00,2026-08-31T19:39:25.688109+00:00,2026-09-01T18:56:23+00:00,2026-09-01T20:38:10+00:00,1
9036,4350,1420,COPEC VOLTEX_HUB MALL CENCO EL LLANO,San Miguel,Metropolitana,995200007,COPEC VOLTEX,Copec Voltex,Tipo 2,AC,7.4,7,CENTRO COMERCIAL,0,1,FUERA DE LINEA,2026-09-01T18:56:23+00:00,2026-08-31T19:39:25.716429+00:00,2026-09-01T18:56:23+00:00,2026-09-01T20:38:10+00:00,1
9037,4351,1420,COPEC VOLTEX_HUB MALL CENCO EL LLANO,San Miguel,Metropolitana,995200007,COPEC VOLTEX,Copec Voltex,Tipo 2,AC,7.4,7,CENTRO COMERCIAL,0,1,FUERA DE LINEA,2026-09-01T18:56:23+00:00,2026-08-31T19:39:25.747842+00:00,2026-09-01T18:56:23+00:00,2026-09-01T20:38:10+00:00,1
9038,4352,1420,COPEC VOLTEX_HUB MALL CENCO EL LLANO,San Miguel,Metropolitana,995200007,COPEC VOLTEX,Copec Voltex,Tipo 2,AC,7.4,7,CENTRO COMERCIAL,0,0,FUERA DE LINEA,2026-09-01T18:56:23+00:00,2026-08-31T19:39:25.777696+00:00,2026-09-01T18:56:23+00:00,2026-09-01T20:38:10+00:00,1
9039,4353,1420,COPEC VOLTEX_HUB MALL CENCO EL LLANO,San Miguel,Metropolitana,995200007,COPEC VOLTEX,Copec Voltex,Tipo 2,AC,7.4,7,CENTRO COMERCIAL,0,0,FUERA DE LINEA,2026-09-01T18:56:23+00:00,2026-08-31T19:39:25.811063+00:00,2026-09-01T18:56:23+00:00,2026-09-01T20:38:10+00:00,1
9040,4354,1420,COPEC VOLTEX_HUB MALL CENCO EL LLANO,San Miguel,Metropolitana,995200007,COPEC VOLTEX,Copec Voltex,Tipo 2,AC,7.4,7,CENTRO COMERCIAL,0,0,FUERA DE LINEA,2026-09-01T18:56:23+00:00,2026-08-31T19:39:25.839742+00:00,2026-09-01T18:56:23+00:00,2026-09-01T20:38:10+00:00,1
9041,4355,1420,COPEC VOLTEX_HUB MALL CENCO EL LLANO,San Miguel,Metropolitana,995200007,COPEC VOLTEX,Copec Voltex,Tipo 2,AC,7.4,7,CENTRO COMERCIAL,0,0,FUERA DE LINEA,2026-09-01T18:56:23+00:00,2026-08-31T19:39:25.957339+00:00,2026-09-01T18:56:23+00:00,2026-09-01T20:38:10+00:00,1
9042,4356,1420,COPEC VOLTEX_HUB MALL CENCO EL LLANO,San Miguel,Metropolitana,995200007,COPEC VOLTEX,Copec Voltex,Tipo 2,AC,7.4,7,CENTRO COMERCIAL,0,0,FUERA DE LINEA,2026-09-01T18:56:23+00:00,2026-08-31T19:39:25.990644+00:00,2026-09-01T18:56:23+00:00,2026-09-01T20:38:10+00:00,1
9043,4357,1420,COPEC VOLTEX_HUB MALL CENCO EL LLANO,San Miguel,Metropolitana,995200007,COPEC VOLTEX,Copec Voltex,Tipo 2,AC,7.4,7,CENTRO COMERCIAL,0,0,FUERA DE LINEA,2026-09-01T18:56:23+00:00,2026-08-31T19:39:26.020965+00:00,2026-09-01T18:56:23+00:00,2026-09-01T20:38:10+00:00,1
9044,4358,1421,VOLTEX CARGADOR ELECTRICO BASCUÑAN,Santiago,Metropolitana,995200007,COPEC VOLTEX,Copec Voltex,CCS 2,DC,240,150,ELECTROLINERA,0,0,OCUPADO,2026-09-01T20:28:04+00:00,2026-09-01T20:22:30.078929+00:00,2026-09-01T18:56:23+00:00,2026-09-01T20:38:10+00:00,1
9045,4358,1421,VOLTEX CARGADOR ELECTRICO BASCUÑAN,Santiago,Metropolitana,995200007,COPEC VOLTEX,Copec Voltex,CCS 2,DC,240,150,ELECTROLINERA,0,0,OCUPADO,2026-09-01T18:56:23+00:00,2026-09-01T20:22:30.078929+00:00,2026-09-01T18:56:23+00:00,2026-09-01T20:38:10+00:00,1
9046,4359,1422,IRVE EDELMAG NATALES,Puerto Natales,Magallanes y de la Antartica Chilena,882212009,EMPRESA ELÉCTRICA DE MAGALLANES S.A,EMPRESA ELÉCTRICA DE MAGALLANES S.A,CCS 2,DC,22.5,(22-50],,0,0,DISPONIBLE,2026-09-01T18:56:23+00:00,2026-08-24T19:27:41.645738+00:00,2026-09-01T18:56:23+00:00,2026-09-01T20:38:10+00:00,1
9047,4360,1423,VOLTEX ISIDORA GOYENECHEA,Las Condes,Metropolitana,771078354,COPEC VOLTEX SPA,Copec Voltex,Tipo 2,AC,7.4,7,,0,0,FUERA DE LINEA,2026-09-01T18:56:23+00:00,2026-04-08T21:35:57.359777+00:00,2026-09-01T18:56:23+00:00,2026-09-01T20:38:10+00:00,1
9048,4361,1423,VOLTEX ISIDORA GOYENECHEA,Las Condes,Metropolitana,771078354,COPEC VOLTEX SPA,Copec Voltex,Tipo 2,AC,7.4,7,,0,0,FUERA DE LINEA,2026-09-01T18:56:23+00:00,2026-04-08T21:35:57.359777+00:00,2026-09-01T18:56:23+00:00,2026-09-01T20:38:10+00:00,1
9049,4362,1423,VOLTEX ISIDORA GOYENECHEA,Las Condes,Metropolitana,771078354,COPEC VOLTEX SPA,Copec Voltex,Tipo 2,AC,7.4,7,,0,0,FUERA DE LINEA,2026-09-01T18:56:23+00:00,2026-04-08T21:35:57.359777+00:00,2026-09-01T18:56:23+00:00,2026-09-01T20:38:10+00:00,1
9050,4363,1005,Voltex Alhue,Pedro Aguirre Cerda,Metropolitana,995200007,COPEC VOLTEX,Copec Voltex,Tipo 2,AC,7.4,7,,0,0,FUERA DE LINEA,2026-09-01T18:56:23+00:00,2026-09-01T12:57:40.258101+00:00,2026-09-01T18:56:23+00:00,2026-09-01T20:38:10+00:00,1
9051,4363,1005,Voltex Alhue,Pedro Aguirre Cerda,Metropolitana,995200007,COPEC VOLTEX,Copec Voltex,Tipo 2,AC,7.4,7,,0,0,FUERA DE LINEA,2026-09-01T18:56:23+00:00,2026-09-01T12:57:40.258101+00:00,2026-09-01T18:56:23+00:00,2026-09-01T20:38:10+00:00,1
9052,4364,1423,VOLTEX ISIDORA GOYENECHEA,Las Condes,Metropolitana,771078354,COPEC VOLTEX SPA,Copec Voltex,Tipo 2,AC,7.4,7,,0,0,FUERA DE LINEA,2026-09-01T18:56:23+00:00,2026-04-08T21:35:57.359777+00:00,2026-09-01T18:56:23+00:00,2026-09-01T20:38:10+00:00,1
9053,4365,1423,VOLTEX ISIDORA GOYENECHEA,Las Condes,Metropolitana,771078354,COPEC VOLTEX SPA,Copec Voltex,Tipo 2,AC,7.4,7,,0,0,FUERA DE LINEA,2026-09-01T18:56:23+00:00,2026-04-08T21:35:57.359777+00:00,2026-09-01T18:56:23+00:00,2026-09-01T20:38:10+00:00,1
9054,4366,1423,VOLTEX ISIDORA GOYENECHEA,Las Condes,Metropolitana,771078354,COPEC VOLTEX SPA,Copec Voltex,Tipo 2,AC,7.4,7,,0,0,FUERA DE LINEA,2026-09-01T18:56:23+00:00,2026-04-08T21:35:57.359777+00:00,2026-09-01T18:56:23+00:00,2026-09-01T20:38:10+00:00,1
9055,4367,1453,Voltex EDS60987 - Tobalaba,Penalolén,Metropolitana,995200007,COPEC VOLTEX,Copec Voltex,CCS 2,DC,180,150,ELECTROLINERA,0,0,OCUPADO,2026-09-01T20:33:07+00:00,2026-09-01T20:27:48.915888+00:00,2026-09-01T18:56:23+00:00,2026-09-01T20:38:10+00:00,1
9056,4367,1453,Voltex EDS60987 - Tobalaba,Penalolén,Metropolitana,995200007,COPEC VOLTEX,Copec Voltex,CCS 2,DC,180,150,ELECTROLINERA,0,0,DISPONIBLE,2026-09-01T20:12:55+00:00,2026-09-01T20:27:48.915888+00:00,2026-09-01T18:56:23+00:00,2026-09-01T20:38:10+00:00,1
9057,4368,1453,Voltex EDS60987 - Tobalaba,Penalolén,Metropolitana,995200007,COPEC VOLTEX,Copec Voltex,CCS 2,DC,180,150,ELECTROLINERA,0,0,DISPONIBLE,2026-09-01T20:12:55+00:00,2026-09-01T20:24:47.308512+00:00,2026-09-01T18:56:23+00:00,2026-09-01T20:38:10+00:00,1
9058,4368,1453,Voltex EDS60987 - Tobalaba,Penalolén,Metropolitana,995200007,COPEC VOLTEX,Copec Voltex,CCS 2,DC,180,150,ELECTROLINERA,0,0,DISPONIBLE,2026-09-01T20:28:04+00:00,2026-09-01T20:24:47.308512+00:00,2026-09-01T18:56:23+00:00,2026-09-01T20:38:10+00:00,1
9076,4390,1486,ALTO SAN FRANCISCO - EST. V03-V04,Temuco,La Araucanía,995200007,COPEC VOLTEX,Copec Voltex,Tipo 2,AC,7.4,7,,1,1,FUERA DE LINEA,2026-09-01T18:56:23+00:00,2026-08-31T19:45:23.557195+00:00,2026-09-01T18:56:23+00:00,2026-09-01T20:38:10+00:00,1
9077,4391,1486,ALTO SAN FRANCISCO - EST. V03-V04,Temuco,La Araucanía,995200007,COPEC VOLTEX,Copec Voltex,Tipo 2,AC,7.4,7,,1,1,FUERA DE LINEA,2026-09-01T18:56:23+00:00,2026-08-31T19:45:23.623428+00:00,2026-09-01T18:56:23+00:00,2026-09-01T20:38:10+00:00,1
9078,4392,1487,Voltex EDS40059 - Marbella,Puchuncaví,Valparaíso,995200007,COPEC VOLTEX,Copec Voltex,CCS 2,DC,180,150,ELECTROLINERA,0,0,DISPONIBLE,2026-09-01T18:56:23+00:00,2026-08-30T22:32:49.407500+00:00,2026-09-01T18:56:23+00:00,2026-09-01T20:38:10+00:00,1
9079,4392,1487,Voltex EDS40059 - Marbella,Puchuncaví,Valparaíso,995200007,COPEC VOLTEX,Copec Voltex,CCS 2,DC,180,150,ELECTROLINERA,0,0,DISPONIBLE,2026-09-01T18:56:23+00:00,2026-08-30T22:32:49.407500+00:00,2026-09-01T18:56:23+00:00,2026-09-01T20:38:10+00:00,1
9080,4393,1487,Voltex EDS40059 - Marbella,Puchuncaví,Valparaíso,995200007,COPEC VOLTEX,Copec Voltex,CCS 2,DC,180,150,ELECTROLINERA,0,0,OCUPADO,2026-09-01T20:33:07+00:00,2026-09-01T20:32:07.849993+00:00,2026-09-01T18:56:23+00:00,2026-09-01T20:38:10+00:00,1
9081,4393,1487,Voltex EDS40059 - Marbella,Puchuncaví,Valparaíso,995200007,COPEC VOLTEX,Copec Voltex,CCS 2,DC,180,150,ELECTROLINERA,0,0,DISPONIBLE,2026-09-01T18:56:23+00:00,2026-09-01T20:32:07.849993+00:00,2026-09-01T18:56:23+00:00,2026-09-01T20:38:10+00:00,1
9082,4394,1488,COPEC VOLTEX EDS MONTERILLA,Teno,Maule,995200007,COPEC VOLTEX,Copec Voltex,CCS 2,DC,500,150,,0,0,FUERA DE LINEA,2026-09-01T18:56:23+00:00,2026-04-27T15:11:24.227500+00:00,2026-09-01T18:56:23+00:00,2026-09-01T20:38:10+00:00,1
9083,4394,1488,COPEC VOLTEX EDS MONTERILLA,Teno,Maule,995200007,COPEC VOLTEX,Copec Voltex,CCS 2,DC,500,150,,0,0,FUERA DE LINEA,2026-09-01T18:56:23+00:00,2026-04-27T15:11:24.227500+00:00,2026-09-01T18:56:23+00:00,2026-09-01T20:38:10+00:00,1
9084,4394,1488,COPEC VOLTEX EDS MONTERILLA,Teno,Maule,995200007,COPEC VOLTEX,Copec Voltex,CCS 2,DC,500,150,,0,0,FUERA DE LINEA,2026-09-01T18:56:23+00:00,2026-04-27T15:11:24.227500+00:00,2026-09-01T18:56:23+00:00,2026-09-01T20:38:10+00:00,1
9085,4394,1488,COPEC VOLTEX EDS MONTERILLA,Teno,Maule,995200007,COPEC VOLTEX,Copec Voltex,CCS 2,DC,500,150,,0,0,FUERA DE LINEA,2026-09-01T18:56:23+00:00,2026-04-27T15:11:24.227500+00:00,2026-09-01T18:56:23+00:00,2026-09-01T20:38:10+00:00,1
9086,4395,1489,Enel X - McDonald´s Colin Talca,Talca,Maule,777415484,ENEL X,Enel,CCS 2,DC,30,(22-50],,0,0,DISPONIBLE,2026-09-01T18:56:23+00:00,2026-09-01T04:09:54.151352+00:00,2026-09-01T18:56:23+00:00,2026-09-01T20:38:10+00:00,1
9087,4396,1489,Enel X - McDonald´s Colin Talca,Talca,Maule,777415484,ENEL X,Enel,CCS 2,DC,30,(22-50],,0,0,DISPONIBLE,2026-09-01T18:56:23+00:00,2026-09-01T04:09:53.714539+00:00,2026-09-01T18:56:23+00:00,2026-09-01T20:38:10+00:00,1
9088,4397,1490,Copec Voltex Serv. Hotel Las Cascadas,Puerto Octay,Los Lagos,995200007,COPEC VOLTEX,Copec Voltex,Tipo 2,AC,7.4,7,,0,0,FUERA DE LINEA,2026-09-01T18:56:23+00:00,2026-08-31T19:42:55.662537+00:00,2026-09-01T18:56:23+00:00,2026-09-01T20:38:10+00:00,1
9089,4398,1491,SAVE VOLTEX LAGUNA DE CHICUREO EDS 60288,Colina,Metropolitana,995200007,COPEC VOLTEX,Copec Voltex,CCS 2,DC,240,150,,0,0,OCUPADO,2026-09-01T20:38:10+00:00,2026-09-01T20:34:35.521819+00:00,2026-09-01T18:56:23+00:00,2026-09-01T20:38:10+00:00,1
9090,4398,1491,SAVE VOLTEX LAGUNA DE CHICUREO EDS 60288,Colina,Metropolitana,995200007,COPEC VOLTEX,Copec Voltex,CCS 2,DC,240,150,,0,0,OCUPADO,2026-09-01T20:23:01+00:00,2026-09-01T20:34:35.521819+00:00,2026-09-01T18:56:23+00:00,2026-09-01T20:38:10+00:00,1
9091,4399,1492,VOLTEX CARGADOR ELECTRICO EL COBRE,Rancagua,Libertador Bernardo OHiggins,995200007,COPEC VOLTEX,Copec Voltex,CCS 2,DC,180,150,,0,0,DISPONIBLE,2026-09-01T20:28:04+00:00,2026-09-01T20:36:05.507995+00:00,2026-09-01T18:56:23+00:00,2026-09-01T20:38:10+00:00,1
9092,4399,1492,VOLTEX CARGADOR ELECTRICO EL COBRE,Rancagua,Libertador Bernardo OHiggins,995200007,COPEC VOLTEX,Copec Voltex,CCS 2,DC,180,150,,0,0,DISPONIBLE,2026-09-01T20:38:10+00:00,2026-09-01T20:36:05.507995+00:00,2026-09-01T18:56:23+00:00,2026-09-01T20:38:10+00:00,1
9093,4400,1492,VOLTEX CARGADOR ELECTRICO EL COBRE,Rancagua,Libertador Bernardo OHiggins,995200007,COPEC VOLTEX,Copec Voltex,CCS 2,DC,180,150,,0,0,FUERA DE LINEA,2026-09-01T20:12:55+00:00,2026-09-01T20:37:51.398361+00:00,2026-09-01T18:56:23+00:00,2026-09-01T20:38:10+00:00,1
9094,4400,1492,VOLTEX CARGADOR ELECTRICO EL COBRE,Rancagua,Libertador Bernardo OHiggins,995200007,COPEC VOLTEX,Copec Voltex,CCS 2,DC,180,150,,0,0,DISPONIBLE,2026-09-01T20:38:10+00:00,2026-09-01T20:37:51.398361+00:00,2026-09-01T18:56:23+00:00,2026-09-01T20:38:10+00:00,1
9109,4423,1519,Enel X-Aramco José Pedro Alessandri,Nunoa,Metropolitana,777415484,ENEL X,Enel,CCS 2,DC,60,(50-150],,0,0,FUERA DE LINEA,2026-09-01T18:56:23+00:00,2026-04-08T21:35:57.359777+00:00,2026-09-01T18:56:23+00:00,2026-09-01T20:38:10+00:00,1
9110,4423,1519,Enel X-Aramco José Pedro Alessandri,Nunoa,Metropolitana,777415484,ENEL X,Enel,CCS 2,DC,60,(50-150],,0,0,FUERA DE LINEA,2026-09-01T18:56:23+00:00,2026-04-08T21:35:57.359777+00:00,2026-09-01T18:56:23+00:00,2026-09-01T20:38:10+00:00,1
9111,4424,1519,Enel X-Aramco José Pedro Alessandri,Nunoa,Metropolitana,777415484,ENEL X,Enel,CCS 2,DC,60,(50-150],,0,0,FUERA DE LINEA,2026-09-01T18:56:23+00:00,2026-04-08T21:35:57.359777+00:00,2026-09-01T18:56:23+00:00,2026-09-01T20:38:10+00:00,1
9112,4424,1519,Enel X-Aramco José Pedro Alessandri,Nunoa,Metropolitana,777415484,ENEL X,Enel,CCS 2,DC,60,(50-150],,0,0,FUERA DE LINEA,2026-09-01T18:56:23+00:00,2026-04-08T21:35:57.359777+00:00,2026-09-01T18:56:23+00:00,2026-09-01T20:38:10+00:00,1
9113,4425,36,Enel X - Presidente Errazuriz ,Las Condes,Metropolitana,777415484,ENEL X,Enel,CCS 2,DC,60,(50-150],CALLE,0,0,FUERA DE LINEA,2026-09-01T18:56:23+00:00,2026-09-01T04:09:56.569685+00:00,2026-09-01T18:56:23+00:00,2026-09-01T20:38:10+00:00,1
9114,4425,36,Enel X - Presidente Errazuriz ,Las Condes,Metropolitana,777415484,ENEL X,Enel,CCS 2,DC,60,(50-150],CALLE,0,0,FUERA DE LINEA,2026-09-01T18:56:23+00:00,2026-09-01T04:09:56.569685+00:00,2026-09-01T18:56:23+00:00,2026-09-01T20:38:10+00:00,1
9115,4426,1520,SAVE FILE 216 PUENTE ALTO,Puente Alto,Metropolitana,920110002,Enerlink Chile SpA,Enerlink,Tipo 2,AC,22,(7-22],,0,0,DISPONIBLE,2026-09-01T18:56:23+00:00,2026-08-31T17:16:44.927635+00:00,2026-09-01T18:56:23+00:00,2026-09-01T20:38:10+00:00,1
9116,4426,1520,SAVE FILE 216 PUENTE ALTO,Puente Alto,Metropolitana,920110002,Enerlink Chile SpA,Enerlink,CCS 2,DC,148.96,(50-150],,0,0,OCUPADO,2026-09-01T18:56:23+00:00,2026-08-31T17:16:44.927635+00:00,2026-09-01T18:56:23+00:00,2026-09-01T20:38:10+00:00,1
9117,4426,1520,SAVE FILE 216 PUENTE ALTO,Puente Alto,Metropolitana,920110002,Enerlink Chile SpA,Enerlink,CCS 2,DC,148.96,(50-150],,0,0,DISPONIBLE,2026-09-01T20:38:10+00:00,2026-08-31T17:16:44.927635+00:00,2026-09-01T18:56:23+00:00,2026-09-01T20:38:10+00:00,1
9118,4427,1227,SAVE SHELL AV. VICUÑA MACKENNA,La Florida,Metropolitana,920110002,Enerlink Chile SpA,Enerlink,Tipo 2,AC,22,(7-22],,0,0,DISPONIBLE,2026-09-01T18:56:23+00:00,2026-09-01T12:32:55.645129+00:00,2026-09-01T18:56:23+00:00,2026-09-01T20:38:10+00:00,1
9119,4427,1227,SAVE SHELL AV. VICUÑA MACKENNA,La Florida,Metropolitana,920110002,Enerlink Chile SpA,Enerlink,CCS 2,DC,148.96,(50-150],,0,0,DISPONIBLE,2026-09-01T20:12:55+00:00,2026-09-01T12:32:55.645129+00:00,2026-09-01T18:56:23+00:00,2026-09-01T20:38:10+00:00,1
9120,4427,1227,SAVE SHELL AV. VICUÑA MACKENNA,La Florida,Metropolitana,920110002,Enerlink Chile SpA,Enerlink,CCS 2,DC,148.96,(50-150],,0,0,DISPONIBLE,2026-09-01T18:56:23+00:00,2026-09-01T12:32:55.645129+00:00,2026-09-01T18:56:23+00:00,2026-09-01T20:38:10+00:00,1
9121,4428,1521,Enel X - Cerro Colorado,Las Condes,Metropolitana,777415484,ENEL X,Enel,CCS 2,DC,60,(50-150],,0,0,OCUPADO,2026-09-01T20:12:55+00:00,2026-09-01T18:41:48.175443+00:00,2026-09-01T18:56:23+00:00,2026-09-01T20:38:10+00:00,1
9122,4428,1521,Enel X - Cerro Colorado,Las Condes,Metropolitana,777415484,ENEL X,Enel,CCS 2,DC,60,(50-150],,0,0,OCUPADO,2026-09-01T18:56:23+00:00,2026-09-01T18:41:48.175443+00:00,2026-09-01T18:56:23+00:00,2026-09-01T20:38:10+00:00,1
9123,4429,1522,SAVE VOLTEX PIEDRA ROJA  EDS 60070,Colina,Metropolitana,995200007,COPEC VOLTEX,Copec Voltex,CCS 2,DC,180,150,,1,1,FUERA DE LINEA,2026-09-01T18:56:23+00:00,2026-04-27T15:11:18.066809+00:00,2026-09-01T18:56:23+00:00,2026-09-01T20:38:10+00:00,1
9124,4429,1522,SAVE VOLTEX PIEDRA ROJA  EDS 60070,Colina,Metropolitana,995200007,COPEC VOLTEX,Copec Voltex,CCS 2,DC,180,150,,1,1,FUERA DE LINEA,2026-09-01T18:56:23+00:00,2026-04-27T15:11:18.066809+00:00,2026-09-01T18:56:23+00:00,2026-09-01T20:38:10+00:00,1
9125,4430,1522,SAVE VOLTEX PIEDRA ROJA  EDS 60070,Colina,Metropolitana,995200007,COPEC VOLTEX,Copec Voltex,CCS 2,DC,180,150,,1,1,FUERA DE LINEA,2026-09-01T18:56:23+00:00,2026-04-27T15:11:18.109285+00:00,2026-09-01T18:56:23+00:00,2026-09-01T20:38:10+00:00,1
9126,4430,1522,SAVE VOLTEX PIEDRA ROJA  EDS 60070,Colina,Metropolitana,995200007,COPEC VOLTEX,Copec Voltex,CCS 2,DC,180,150,,1,1,FUERA DE LINEA,2026-09-01T18:56:23+00:00,2026-04-27T15:11:18.109285+00:00,2026-09-01T18:56:23+00:00,2026-09-01T20:38:10+00:00,1
9127,4431,1523,Electrolinera ENEX Portugal 175 Santiago File 647,Santiago,Metropolitana,920110002,Enerlink Chile SpA,Enerlink,CCS 2,DC,50,(22-50],,0,0,DISPONIBLE,2026-09-01T20:12:55+00:00,2026-09-01T17:22:49.912465+00:00,2026-09-01T18:56:23+00:00,2026-09-01T20:38:10+00:00,1
9128,4431,1523,Electrolinera ENEX Portugal 175 Santiago File 647,Santiago,Metropolitana,920110002,Enerlink Chile SpA,Enerlink,CHAdeMO,DC,125,(50-150],,0,0,DISPONIBLE,2026-09-01T18:56:23+00:00,2026-09-01T17:22:49.912465+00:00,2026-09-01T18:56:23+00:00,2026-09-01T20:38:10+00:00,1
9129,4432,1523,Electrolinera ENEX Portugal 175 Santiago File 647,Santiago,Metropolitana,920110002,Enerlink Chile SpA,Enerlink,Tipo 2,AC,22,(7-22],,0,0,DISPONIBLE,2026-09-01T18:56:23+00:00,2026-08-28T15:10:22.128521+00:00,2026-09-01T18:56:23+00:00,2026-09-01T20:38:10+00:00,1
9130,4432,1523,Electrolinera ENEX Portugal 175 Santiago File 647,Santiago,Metropolitana,920110002,Enerlink Chile SpA,Enerlink,CCS 2,DC,148.96,(50-150],,0,0,OCUPADO,2026-09-01T20:23:01+00:00,2026-08-28T15:10:22.128521+00:00,2026-09-01T18:56:23+00:00,2026-09-01T20:38:10+00:00,1
9131,4432,1523,Electrolinera ENEX Portugal 175 Santiago File 647,Santiago,Metropolitana,920110002,Enerlink Chile SpA,Enerlink,CCS 2,DC,148.96,(50-150],,0,0,OCUPADO,2026-09-01T20:17:59+00:00,2026-08-28T15:10:22.128521+00:00,2026-09-01T18:56:23+00:00,2026-09-01T20:38:10+00:00,1
9142,4456,1552,Electrolinera Aramco Francisco Bilbao,Providencia,Metropolitana,777415484,ENEL X,Enel,CCS 2,DC,60,(50-150],,0,0,FUERA DE LINEA,2026-09-01T18:56:23+00:00,2026-04-08T21:35:57.359777+00:00,2026-09-01T18:56:23+00:00,2026-09-01T20:38:10+00:00,1
9143,4456,1552,Electrolinera Aramco Francisco Bilbao,Providencia,Metropolitana,777415484,ENEL X,Enel,CCS 2,DC,60,(50-150],,0,0,FUERA DE LINEA,2026-09-01T18:56:23+00:00,2026-04-08T21:35:57.359777+00:00,2026-09-01T18:56:23+00:00,2026-09-01T20:38:10+00:00,1
9144,4457,1552,Electrolinera Aramco Francisco Bilbao,Providencia,Metropolitana,777415484,ENEL X,Enel,CCS 2,DC,60,(50-150],,0,0,FUERA DE LINEA,2026-09-01T18:56:23+00:00,2026-06-11T03:03:57.332235+00:00,2026-09-01T18:56:23+00:00,2026-09-01T20:38:10+00:00,1
9145,4457,1552,Electrolinera Aramco Francisco Bilbao,Providencia,Metropolitana,777415484,ENEL X,Enel,CCS 2,DC,60,(50-150],,0,0,FUERA DE LINEA,2026-09-01T18:56:23+00:00,2026-06-11T03:03:57.332235+00:00,2026-09-01T18:56:23+00:00,2026-09-01T20:38:10+00:00,1
9146,4458,1553,COPEC VOLTEX - SERVICIO DE TURISMO FUTANGUE LTDA,Lago Ranco,De los Ríos,995200007,COPEC VOLTEX,Copec Voltex,Tipo 2,AC,7.4,7,,0,0,FUERA DE LINEA,2026-09-01T18:56:23+00:00,2026-08-31T19:44:24.798318+00:00,2026-09-01T18:56:23+00:00,2026-09-01T20:38:10+00:00,1
9175,4489,1585,COPEC VOLTEX; SERV  CLINICA MEDS,Lo Barnechea,Metropolitana,995200007,COPEC VOLTEX,Copec Voltex,Tipo 2,AC,7.4,7,EDIFICIO,0,0,DISPONIBLE,2026-09-01T20:12:55+00:00,2026-09-01T19:43:55.855302+00:00,2026-09-01T18:56:23+00:00,2026-09-01T20:38:10+00:00,1
9176,4490,1585,COPEC VOLTEX; SERV  CLINICA MEDS,Lo Barnechea,Metropolitana,995200007,COPEC VOLTEX,Copec Voltex,Tipo 2,AC,7.4,7,EDIFICIO,0,0,DISPONIBLE,2026-09-01T18:56:23+00:00,2026-09-01T17:13:54.324445+00:00,2026-09-01T18:56:23+00:00,2026-09-01T20:38:10+00:00,1
9177,4491,1585,COPEC VOLTEX; SERV  CLINICA MEDS,Lo Barnechea,Metropolitana,995200007,COPEC VOLTEX,Copec Voltex,Tipo 2,AC,7.4,7,EDIFICIO,0,0,DISPONIBLE,2026-09-01T18:56:23+00:00,2026-09-01T18:42:07.497339+00:00,2026-09-01T18:56:23+00:00,2026-09-01T20:38:10+00:00,1
9178,4492,1586,IRVE  Estación de Servicio Copec 60741,Vitacura,Metropolitana,995200007,COPEC VOLTEX,Copec Voltex,CCS 2,DC,180,150,,1,1,FUERA DE LINEA,2026-09-01T18:56:23+00:00,2026-04-17T13:48:59.178805+00:00,2026-09-01T18:56:23+00:00,2026-09-01T20:38:10+00:00,1
9179,4492,1586,IRVE  Estación de Servicio Copec 60741,Vitacura,Metropolitana,995200007,COPEC VOLTEX,Copec Voltex,CCS 2,DC,180,150,,1,1,FUERA DE LINEA,2026-09-01T18:56:23+00:00,2026-04-17T13:48:59.178805+00:00,2026-09-01T18:56:23+00:00,2026-09-01T20:38:10+00:00,1
9180,4493,1586,IRVE  Estación de Servicio Copec 60741,Vitacura,Metropolitana,995200007,COPEC VOLTEX,Copec Voltex,CCS 2,DC,180,150,,1,1,FUERA DE LINEA,2026-09-01T18:56:23+00:00,2026-04-17T13:48:59.213276+00:00,2026-09-01T18:56:23+00:00,2026-09-01T20:38:10+00:00,1
9181,4493,1586,IRVE  Estación de Servicio Copec 60741,Vitacura,Metropolitana,995200007,COPEC VOLTEX,Copec Voltex,CCS 2,DC,180,150,,1,1,FUERA DE LINEA,2026-09-01T18:56:23+00:00,2026-04-17T13:48:59.213276+00:00,2026-09-01T18:56:23+00:00,2026-09-01T20:38:10+00:00,1
9182,4494,1586,IRVE  Estación de Servicio Copec 60741,Vitacura,Metropolitana,995200007,COPEC VOLTEX,Copec Voltex,CCS 2,DC,180,150,,1,1,FUERA DE LINEA,2026-09-01T18:56:23+00:00,2026-04-17T13:48:59.230268+00:00,2026-09-01T18:56:23+00:00,2026-09-01T20:38:10+00:00,1
9183,4494,1586,IRVE  Estación de Servicio Copec 60741,Vitacura,Metropolitana,995200007,COPEC VOLTEX,Copec Voltex,CCS 2,DC,180,150,,1,1,FUERA DE LINEA,2026-09-01T18:56:23+00:00,2026-04-17T13:48:59.230268+00:00,2026-09-01T18:56:23+00:00,2026-09-01T20:38:10+00:00,1
9184,4495,1587,SAVE FILE 183 MAIPÚ,Maipú,Metropolitana,920110002,Enerlink Chile SpA,Enerlink,Tipo 2,AC,22,(7-22],,0,0,DISPONIBLE,2026-09-01T18:56:23+00:00,2026-08-29T15:27:14.723790+00:00,2026-09-01T18:56:23+00:00,2026-09-01T20:38:10+00:00,1
9185,4495,1587,SAVE FILE 183 MAIPÚ,Maipú,Metropolitana,920110002,Enerlink Chile SpA,Enerlink,CCS 2,DC,148.96,(50-150],,0,0,DISPONIBLE,2026-09-01T18:56:23+00:00,2026-08-29T15:27:14.723790+00:00,2026-09-01T18:56:23+00:00,2026-09-01T20:38:10+00:00,1
9186,4495,1587,SAVE FILE 183 MAIPÚ,Maipú,Metropolitana,920110002,Enerlink Chile SpA,Enerlink,CCS 2,DC,148.96,(50-150],,0,0,DISPONIBLE,2026-09-01T20:28:04+00:00,2026-08-29T15:27:14.723790+00:00,2026-09-01T18:56:23+00:00,2026-09-01T20:38:10+00:00,1
9187,4496,1588,SAVE VOLTEX PIEDRA ROJA  EDS 60070,Colina,Metropolitana,995200007,COPEC VOLTEX,Copec Voltex,CCS 2,DC,180,150,,0,0,FUERA DE LINEA,2026-09-01T18:56:23+00:00,2026-04-27T15:01:25.658863+00:00,2026-09-01T18:56:23+00:00,2026-09-01T20:38:10+00:00,1
9188,4496,1588,SAVE VOLTEX PIEDRA ROJA  EDS 60070,Colina,Metropolitana,995200007,COPEC VOLTEX,Copec Voltex,CCS 2,DC,180,150,,0,0,FUERA DE LINEA,2026-09-01T18:56:23+00:00,2026-04-27T15:01:25.658863+00:00,2026-09-01T18:56:23+00:00,2026-09-01T20:38:10+00:00,1
9189,4497,1588,SAVE VOLTEX PIEDRA ROJA  EDS 60070,Colina,Metropolitana,995200007,COPEC VOLTEX,Copec Voltex,CCS 2,DC,180,150,,0,0,FUERA DE LINEA,2026-09-01T18:56:23+00:00,2026-04-27T15:01:25.693079+00:00,2026-09-01T18:56:23+00:00,2026-09-01T20:38:10+00:00,1
9190,4497,1588,SAVE VOLTEX PIEDRA ROJA  EDS 60070,Colina,Metropolitana,995200007,COPEC VOLTEX,Copec Voltex,CCS 2,DC,180,150,,0,0,FUERA DE LINEA,2026-09-01T18:56:23+00:00,2026-04-27T15:01:25.693079+00:00,2026-09-01T18:56:23+00:00,2026-09-01T20:38:10+00:00,1
9191,4498,356,VOLTEX LOS TOROS,Puente Alto,Metropolitana,995200007,COPEC VOLTEX,Copec Voltex,CCS 2,DC,180,150,ELECTROLINERA,0,0,OCUPADO,2026-09-01T20:12:55+00:00,2026-09-01T20:01:12.852786+00:00,2026-09-01T18:56:23+00:00,2026-09-01T20:38:10+00:00,1
9192,4498,356,VOLTEX LOS TOROS,Puente Alto,Metropolitana,995200007,COPEC VOLTEX,Copec Voltex,CCS 2,DC,180,150,ELECTROLINERA,0,0,OCUPADO,2026-09-01T18:56:23+00:00,2026-09-01T20:01:12.852786+00:00,2026-09-01T18:56:23+00:00,2026-09-01T20:38:10+00:00,1
9193,4499,392,CARGADOR VOLTEX E/S COPEC PAJARITOS,Maipú,Metropolitana,995200007,COPEC VOLTEX,Copec Voltex,CCS 2,DC,180,150,ELECTROESTACIÓN,0,0,OCUPADO,2026-09-01T20:12:55+00:00,2026-09-01T20:11:20.772813+00:00,2026-09-01T18:56:23+00:00,2026-09-01T20:38:10+00:00,1
9194,4499,392,CARGADOR VOLTEX E/S COPEC PAJARITOS,Maipú,Metropolitana,995200007,COPEC VOLTEX,Copec Voltex,CCS 2,DC,180,150,ELECTROESTACIÓN,0,0,DISPONIBLE,2026-09-01T18:56:23+00:00,2026-09-01T20:11:20.772813+00:00,2026-09-01T18:56:23+00:00,2026-09-01T20:38:10+00:00,1
9195,4500,392,CARGADOR VOLTEX E/S COPEC PAJARITOS,Maipú,Metropolitana,995200007,COPEC VOLTEX,Copec Voltex,CCS 2,DC,180,150,ELECTROESTACIÓN,0,0,OCUPADO,2026-09-01T20:28:04+00:00,2026-09-01T20:24:39.469932+00:00,2026-09-01T18:56:23+00:00,2026-09-01T20:38:10+00:00,1
9196,4500,392,CARGADOR VOLTEX E/S COPEC PAJARITOS,Maipú,Metropolitana,995200007,COPEC VOLTEX,Copec Voltex,CCS 2,DC,180,150,ELECTROESTACIÓN,0,0,DISPONIBLE,2026-09-01T18:56:23+00:00,2026-09-01T20:24:39.469932+00:00,2026-09-01T18:56:23+00:00,2026-09-01T20:38:10+00:00,1
9208,4522,1618,COPEC VOLTEX EDS - VALLENAR,Vallenar,Atacama,995200007,COPEC VOLTEX,Copec Voltex,CCS 2,DC,500,150,,0,0,FUERA DE LINEA,2026-09-01T18:56:23+00:00,2026-04-27T15:01:32.667684+00:00,2026-09-01T18:56:23+00:00,2026-09-01T20:38:10+00:00,1
9209,4522,1618,COPEC VOLTEX EDS - VALLENAR,Vallenar,Atacama,995200007,COPEC VOLTEX,Copec Voltex,CCS 2,DC,500,150,,0,0,FUERA DE LINEA,2026-09-01T18:56:23+00:00,2026-04-27T15:01:32.667684+00:00,2026-09-01T18:56:23+00:00,2026-09-01T20:38:10+00:00,1
9210,4522,1618,COPEC VOLTEX EDS - VALLENAR,Vallenar,Atacama,995200007,COPEC VOLTEX,Copec Voltex,CCS 2,DC,500,150,,0,0,FUERA DE LINEA,2026-09-01T18:56:23+00:00,2026-04-27T15:01:32.667684+00:00,2026-09-01T18:56:23+00:00,2026-09-01T20:38:10+00:00,1
9211,4522,1618,COPEC VOLTEX EDS - VALLENAR,Vallenar,Atacama,995200007,COPEC VOLTEX,Copec Voltex,CCS 2,DC,500,150,,0,0,FUERA DE LINEA,2026-09-01T18:56:23+00:00,2026-04-27T15:01:32.667684+00:00,2026-09-01T18:56:23+00:00,2026-09-01T20:38:10+00:00,1
9241,4555,1651,Enel X - Zona de descanso Itahue.,Molina,Maule,777415484,ENEL X,Enel,CCS 2,DC,360,150,,0,0,DISPONIBLE,2026-09-01T18:56:23+00:00,2026-09-01T18:16:46.340633+00:00,2026-09-01T18:56:23+00:00,2026-09-01T20:38:10+00:00,1
9242,4555,1651,Enel X - Zona de descanso Itahue.,Molina,Maule,777415484,ENEL X,Enel,CCS 2,DC,360,150,,0,0,OCUPADO,2026-09-01T18:56:23+00:00,2026-09-01T18:16:46.340633+00:00,2026-09-01T18:56:23+00:00,2026-09-01T20:38:10+00:00,1
9243,4555,1651,Enel X - Zona de descanso Itahue.,Molina,Maule,777415484,ENEL X,Enel,CCS 2,DC,360,150,,0,0,DISPONIBLE,2026-09-01T18:56:23+00:00,2026-09-01T18:16:46.340633+00:00,2026-09-01T18:56:23+00:00,2026-09-01T20:38:10+00:00,1
9244,4555,1651,Enel X - Zona de descanso Itahue.,Molina,Maule,777415484,ENEL X,Enel,CCS 2,DC,360,150,,0,0,DISPONIBLE,2026-09-01T18:56:23+00:00,2026-09-01T18:16:46.340633+00:00,2026-09-01T18:56:23+00:00,2026-09-01T20:38:10+00:00,1
9245,4588,1684,Copec Voltex EDS60823,La Florida,Metropolitana,995200007,COPEC VOLTEX,Copec Voltex,CCS 2,DC,180,150,ELECTROLINERA,0,0,FUERA DE LINEA,2026-09-01T18:56:23+00:00,2026-04-27T15:01:39.171472+00:00,2026-09-01T18:56:23+00:00,2026-09-01T20:38:10+00:00,1
9246,4588,1684,Copec Voltex EDS60823,La Florida,Metropolitana,995200007,COPEC VOLTEX,Copec Voltex,CCS 2,DC,180,150,ELECTROLINERA,0,0,FUERA DE LINEA,2026-09-01T18:56:23+00:00,2026-04-27T15:01:39.171472+00:00,2026-09-01T18:56:23+00:00,2026-09-01T20:38:10+00:00,1
9247,4589,1684,Copec Voltex EDS60823,La Florida,Metropolitana,995200007,COPEC VOLTEX,Copec Voltex,CCS 2,DC,180,150,ELECTROLINERA,0,0,FUERA DE LINEA,2026-09-01T18:56:23+00:00,2026-04-27T15:01:39.213536+00:00,2026-09-01T18:56:23+00:00,2026-09-01T20:38:10+00:00,1
9248,4589,1684,Copec Voltex EDS60823,La Florida,Metropolitana,995200007,COPEC VOLTEX,Copec Voltex,CCS 2,DC,180,150,ELECTROLINERA,0,0,FUERA DE LINEA,2026-09-01T18:56:23+00:00,2026-04-27T15:01:39.213536+00:00,2026-09-01T18:56:23+00:00,2026-09-01T20:38:10+00:00,1
9274,4621,1717,IRVE EDELMAG CERRO CASTILLO,Torres del Paine,Magallanes y de la Antartica Chilena,882212009,EMPRESA ELÉCTRICA DE MAGALLANES S.A,EMPRESA ELÉCTRICA DE MAGALLANES S.A,CCS 2,DC,22.5,(22-50],,0,0,DISPONIBLE,2026-09-01T18:56:23+00:00,2026-08-24T19:28:04.597713+00:00,2026-09-01T18:56:23+00:00,2026-09-01T20:38:10+00:00,1
9307,4654,1750,SAVE HOTEL MARRIOT,Las Condes,Metropolitana,995200007,COPEC VOLTEX,Copec Voltex,Tipo 2,AC,7.4,7,HOTEL,0,0,FUERA DE LINEA,2026-09-01T18:56:23+00:00,2026-08-31T19:41:32.174637+00:00,2026-09-01T18:56:23+00:00,2026-09-01T20:38:10+00:00,1
9308,4655,1750,SAVE HOTEL MARRIOT,Las Condes,Metropolitana,995200007,COPEC VOLTEX,Copec Voltex,Tipo 2,AC,7.4,7,HOTEL,0,0,FUERA DE LINEA,2026-09-01T18:56:23+00:00,2026-08-31T19:41:32.192662+00:00,2026-09-01T18:56:23+00:00,2026-09-01T20:38:10+00:00,1
9309,4656,1750,SAVE HOTEL MARRIOT,Las Condes,Metropolitana,995200007,COPEC VOLTEX,Copec Voltex,Tipo 2,AC,7.4,7,HOTEL,0,0,FUERA DE LINEA,2026-09-01T18:56:23+00:00,2026-08-31T19:41:32.203193+00:00,2026-09-01T18:56:23+00:00,2026-09-01T20:38:10+00:00,1
9340,4687,1783,Copec Voltex - Cavas Del Valle,Paiguano,Coquimbo,995200007,COPEC VOLTEX,Copec Voltex,Tipo 2,AC,7.4,7,,0,0,FUERA DE LINEA,2026-09-01T18:56:23+00:00,2026-08-31T19:46:27.778988+00:00,2026-09-01T18:56:23+00:00,2026-09-01T20:38:10+00:00,1
9373,4720,1816,COPEC EDS 20838 TEMUCO,Temuco,La Araucanía,995200007,COPEC VOLTEX,Copec Voltex,CCS 2,DC,60,(50-150],,0,0,FUERA DE LINEA,2026-09-01T18:56:23+00:00,2026-08-31T19:45:39.761833+00:00,2026-09-01T18:56:23+00:00,2026-09-01T20:38:10+00:00,1
9374,4720,1816,COPEC EDS 20838 TEMUCO,Temuco,La Araucanía,995200007,COPEC VOLTEX,Copec Voltex,CCS 2,DC,60,(50-150],,0,0,FUERA DE LINEA,2026-09-01T18:56:23+00:00,2026-08-31T19:45:39.761833+00:00,2026-09-01T18:56:23+00:00,2026-09-01T20:38:10+00:00,1
9375,4721,240,Enel X Way - Espacio Urbano La Laguna,Colina,Metropolitana,777415484,ENEL X,Enel,CCS 2,DC,60,(50-150],CENTRO COMERCIAL,0,0,DISPONIBLE,2026-09-01T18:56:23+00:00,2026-09-01T19:51:58.768090+00:00,2026-09-01T18:56:23+00:00,2026-09-01T20:38:10+00:00,1
9376,4721,240,Enel X Way - Espacio Urbano La Laguna,Colina,Metropolitana,777415484,ENEL X,Enel,CCS 2,DC,60,(50-150],CENTRO COMERCIAL,0,0,DISPONIBLE,2026-09-01T20:12:55+00:00,2026-09-01T19:51:58.768090+00:00,2026-09-01T18:56:23+00:00,2026-09-01T20:38:10+00:00,1
9377,4722,240,Enel X Way - Espacio Urbano La Laguna,Colina,Metropolitana,777415484,ENEL X,Enel,CCS 2,DC,60,(50-150],CENTRO COMERCIAL,0,0,OCUPADO,2026-09-01T18:56:23+00:00,2026-09-01T17:21:43.678743+00:00,2026-09-01T18:56:23+00:00,2026-09-01T20:38:10+00:00,1
9378,4722,240,Enel X Way - Espacio Urbano La Laguna,Colina,Metropolitana,777415484,ENEL X,Enel,CCS 2,DC,60,(50-150],CENTRO COMERCIAL,0,0,DISPONIBLE,2026-09-01T20:23:01+00:00,2026-09-01T17:21:43.678743+00:00,2026-09-01T18:56:23+00:00,2026-09-01T20:38:10+00:00,1
9379,4723,98,COPEC VOLTEX EDS 60079 - COSTANERA NORTE KM 2,Vitacura,Metropolitana,995200007,COPEC VOLTEX,Copec Voltex,CCS 2,DC,180,150,ELECTROESTACIÓN,0,0,DISPONIBLE,2026-09-01T18:56:23+00:00,2026-09-01T20:35:32.271916+00:00,2026-09-01T18:56:23+00:00,2026-09-01T20:38:10+00:00,1
9380,4723,98,COPEC VOLTEX EDS 60079 - COSTANERA NORTE KM 2,Vitacura,Metropolitana,995200007,COPEC VOLTEX,Copec Voltex,CCS 2,DC,180,150,ELECTROESTACIÓN,0,0,OCUPADO,2026-09-01T20:38:10+00:00,2026-09-01T20:35:32.271916+00:00,2026-09-01T18:56:23+00:00,2026-09-01T20:38:10+00:00,1
9381,4724,98,COPEC VOLTEX EDS 60079 - COSTANERA NORTE KM 2,Vitacura,Metropolitana,995200007,COPEC VOLTEX,Copec Voltex,CCS 2,DC,180,150,ELECTROESTACIÓN,0,0,DISPONIBLE,2026-09-01T18:56:23+00:00,2026-09-01T19:10:45.302899+00:00,2026-09-01T18:56:23+00:00,2026-09-01T20:38:10+00:00,1
9382,4724,98,COPEC VOLTEX EDS 60079 - COSTANERA NORTE KM 2,Vitacura,Metropolitana,995200007,COPEC VOLTEX,Copec Voltex,CCS 2,DC,180,150,ELECTROESTACIÓN,0,0,DISPONIBLE,2026-09-01T20:12:55+00:00,2026-09-01T19:10:45.302899+00:00,2026-09-01T18:56:23+00:00,2026-09-01T20:38:10+00:00,1
9406,4753,20,COPEC Ruta 78- Lado Norte,Talagante,Metropolitana,995200007,COPEC VOLTEX,Copec Voltex,CCS 2,DC,180,150,,0,0,FUERA DE LINEA,2026-09-01T18:56:23+00:00,2026-05-05T06:01:11.575726+00:00,2026-09-01T18:56:23+00:00,2026-09-01T20:38:10+00:00,1
9407,4753,20,COPEC Ruta 78- Lado Norte,Talagante,Metropolitana,995200007,COPEC VOLTEX,Copec Voltex,CCS 2,DC,180,150,,0,0,FUERA DE LINEA,2026-09-01T18:56:23+00:00,2026-05-05T06:01:11.575726+00:00,2026-09-01T18:56:23+00:00,2026-09-01T20:38:10+00:00,1
9408,4754,10,COPEC EDS6071 MOSTAZAL ORIENTE,Mostazal,Libertador Bernardo OHiggins,995200007,COPEC VOLTEX,Copec Voltex,CCS 2,DC,180,150,,0,0,FUERA DE LINEA,2026-09-01T18:56:23+00:00,2026-05-07T06:01:10.914968+00:00,2026-09-01T18:56:23+00:00,2026-09-01T20:38:10+00:00,1
9409,4754,10,COPEC EDS6071 MOSTAZAL ORIENTE,Mostazal,Libertador Bernardo OHiggins,995200007,COPEC VOLTEX,Copec Voltex,CCS 2,DC,180,150,,0,0,FUERA DE LINEA,2026-09-01T18:56:23+00:00,2026-05-07T06:01:10.914968+00:00,2026-09-01T18:56:23+00:00,2026-09-01T20:38:10+00:00,1
9439,4786,1849,Copec Voltex - Hacienda Santa Cristina,Ovalle,Coquimbo,995200007,COPEC VOLTEX,Copec Voltex,Tipo 2,AC,7.4,7,,0,0,FUERA DE LINEA,2026-09-01T18:56:23+00:00,2026-08-31T19:46:19.321158+00:00,2026-09-01T18:56:23+00:00,2026-09-01T20:38:10+00:00,1
9440,4787,1850,COPEC VOLTEX EDS 60000 - QUILIN,Penalolén,Metropolitana,995200007,COPEC S.A.,Copec Voltex,CCS 2,DC,180,150,,0,0,FUERA DE LINEA,2026-09-01T18:56:23+00:00,2026-07-22T12:55:53.559839+00:00,2026-09-01T18:56:23+00:00,2026-09-01T20:38:10+00:00,1
9441,4787,1850,COPEC VOLTEX EDS 60000 - QUILIN,Penalolén,Metropolitana,995200007,COPEC S.A.,Copec Voltex,CCS 2,DC,180,150,,0,0,FUERA DE LINEA,2026-09-01T18:56:23+00:00,2026-07-22T12:55:53.559839+00:00,2026-09-01T18:56:23+00:00,2026-09-01T20:38:10+00:00,1
9442,4788,1851,VOLTEX CARGADOR ELECTRICO EL ROSAL,Maipú,Metropolitana,995200007,COPEC VOLTEX,Copec Voltex,CCS 2,DC,180,150,,0,0,FUERA DE LINEA,2026-09-01T18:56:23+00:00,2026-05-12T06:00:58.361961+00:00,2026-09-01T18:56:23+00:00,2026-09-01T20:38:10+00:00,1
9443,4788,1851,VOLTEX CARGADOR ELECTRICO EL ROSAL,Maipú,Metropolitana,995200007,COPEC VOLTEX,Copec Voltex,CCS 2,DC,180,150,,0,0,FUERA DE LINEA,2026-09-01T18:56:23+00:00,2026-05-12T06:00:58.361961+00:00,2026-09-01T18:56:23+00:00,2026-09-01T20:38:10+00:00,1
9444,4789,1851,VOLTEX CARGADOR ELECTRICO EL ROSAL,Maipú,Metropolitana,995200007,COPEC VOLTEX,Copec Voltex,CCS 2,DC,180,150,,0,0,FUERA DE LINEA,2026-09-01T18:56:23+00:00,2026-05-12T06:00:58.361961+00:00,2026-09-01T18:56:23+00:00,2026-09-01T20:38:10+00:00,1
9445,4789,1851,VOLTEX CARGADOR ELECTRICO EL ROSAL,Maipú,Metropolitana,995200007,COPEC VOLTEX,Copec Voltex,CCS 2,DC,180,150,,0,0,FUERA DE LINEA,2026-09-01T18:56:23+00:00,2026-05-12T06:00:58.361961+00:00,2026-09-01T18:56:23+00:00,2026-09-01T20:38:10+00:00,1
9446,4790,1852,Enel X Way - Espacio Urbano Viña del Mar,Vina del Mar,Valparaíso,777415484,ENEL X,Enel,CCS 2,DC,60,(50-150],,0,0,FUERA DE LINEA,2026-09-01T18:56:23+00:00,2026-09-01T12:57:49.381346+00:00,2026-09-01T18:56:23+00:00,2026-09-01T20:38:10+00:00,1
9447,4790,1852,Enel X Way - Espacio Urbano Viña del Mar,Vina del Mar,Valparaíso,777415484,ENEL X,Enel,CCS 2,DC,60,(50-150],,0,0,FUERA DE LINEA,2026-09-01T18:56:23+00:00,2026-09-01T12:57:49.381346+00:00,2026-09-01T18:56:23+00:00,2026-09-01T20:38:10+00:00,1
9450,4792,397,Segundo Cargador Espacio Urbano Padre Hurtado,Las Condes,Metropolitana,777415484,ENEL X,Enel,CCS 2,DC,60,(50-150],CENTRO COMERCIAL,0,0,FUERA DE LINEA,2026-09-01T18:56:23+00:00,2026-05-12T06:01:00.806434+00:00,2026-09-01T18:56:23+00:00,2026-09-01T20:38:10+00:00,1
9451,4792,397,Segundo Cargador Espacio Urbano Padre Hurtado,Las Condes,Metropolitana,777415484,ENEL X,Enel,CCS 2,DC,60,(50-150],CENTRO COMERCIAL,0,0,FUERA DE LINEA,2026-09-01T18:56:23+00:00,2026-05-12T06:01:00.806434+00:00,2026-09-01T18:56:23+00:00,2026-09-01T20:38:10+00:00,1
9452,4793,397,Segundo Cargador Espacio Urbano Padre Hurtado,Las Condes,Metropolitana,777415484,ENEL X,Enel,CCS 2,DC,60,(50-150],CENTRO COMERCIAL,0,0,FUERA DE LINEA,2026-09-01T18:56:23+00:00,2026-05-12T06:01:00.806434+00:00,2026-09-01T18:56:23+00:00,2026-09-01T20:38:10+00:00,1
9453,4793,397,Segundo Cargador Espacio Urbano Padre Hurtado,Las Condes,Metropolitana,777415484,ENEL X,Enel,CCS 2,DC,60,(50-150],CENTRO COMERCIAL,0,0,FUERA DE LINEA,2026-09-01T18:56:23+00:00,2026-05-12T06:01:00.806434+00:00,2026-09-01T18:56:23+00:00,2026-09-01T20:38:10+00:00,1
9454,4794,21,COPEC EDS 60032 RUTA 78 ORIENTE,Talagante,Metropolitana,995200007,COPEC VOLTEX,Copec Voltex,CCS 2,DC,180,150,,0,0,FUERA DE LINEA,2026-09-01T18:56:23+00:00,2026-05-12T06:01:26.502458+00:00,2026-09-01T18:56:23+00:00,2026-09-01T20:38:10+00:00,1
9455,4794,21,COPEC EDS 60032 RUTA 78 ORIENTE,Talagante,Metropolitana,995200007,COPEC VOLTEX,Copec Voltex,CCS 2,DC,180,150,,0,0,FUERA DE LINEA,2026-09-01T18:56:23+00:00,2026-05-12T06:01:26.502458+00:00,2026-09-01T18:56:23+00:00,2026-09-01T20:38:10+00:00,1
9472,4819,1882,COPEC VOLTEX - SELVA PATAGONICA LODGE,Panguipulli,De los Ríos,995200007,COPEC VOLTEX,Copec Voltex,Tipo 2,AC,7.4,7,,0,0,FUERA DE LINEA,2026-09-01T18:56:23+00:00,2026-08-31T19:44:37.091540+00:00,2026-09-01T18:56:23+00:00,2026-09-01T20:38:10+00:00,1
9473,4820,1883,COPEC VOLTEX - EDS40098 - COPEC PLACILLA,Valparaíso,Valparaíso,995200007,COPEC VOLTEX,Copec Voltex,CCS 2,DC,180,150,,0,0,FUERA DE LINEA,2026-09-01T18:56:23+00:00,2026-05-20T06:00:59.727935+00:00,2026-09-01T18:56:23+00:00,2026-09-01T20:38:10+00:00,1
9474,4820,1883,COPEC VOLTEX - EDS40098 - COPEC PLACILLA,Valparaíso,Valparaíso,995200007,COPEC VOLTEX,Copec Voltex,CCS 2,DC,180,150,,0,0,FUERA DE LINEA,2026-09-01T18:56:23+00:00,2026-05-20T06:00:59.727935+00:00,2026-09-01T18:56:23+00:00,2026-09-01T20:38:10+00:00,1
9475,4821,1883,COPEC VOLTEX - EDS40098 - COPEC PLACILLA,Valparaíso,Valparaíso,995200007,COPEC VOLTEX,Copec Voltex,CCS 2,DC,180,150,,0,0,FUERA DE LINEA,2026-09-01T18:56:23+00:00,2026-05-20T06:00:59.727935+00:00,2026-09-01T18:56:23+00:00,2026-09-01T20:38:10+00:00,1
9476,4821,1883,COPEC VOLTEX - EDS40098 - COPEC PLACILLA,Valparaíso,Valparaíso,995200007,COPEC VOLTEX,Copec Voltex,CCS 2,DC,180,150,,0,0,FUERA DE LINEA,2026-09-01T18:56:23+00:00,2026-05-20T06:00:59.727935+00:00,2026-09-01T18:56:23+00:00,2026-09-01T20:38:10+00:00,1
9477,4822,1884,Copec Voltex - Casona Distante,Paiguano,Coquimbo,995200007,COPEC VOLTEX,Copec Voltex,Tipo 2,AC,7.4,7,,0,0,FUERA DE LINEA,2026-09-01T18:56:23+00:00,2026-08-31T19:47:41.627855+00:00,2026-09-01T18:56:23+00:00,2026-09-01T20:38:10+00:00,1
9478,4823,1885,COPEC MOSTAZAL PONIENTE- EDS60470,Mostazal,Libertador Bernardo OHiggins,995200007,COPEC VOLTEX,Copec Voltex,CCS 2,DC,60,(50-150],,0,0,FUERA DE LINEA,2026-09-01T18:56:23+00:00,2026-08-31T19:45:53.227184+00:00,2026-09-01T18:56:23+00:00,2026-09-01T20:38:10+00:00,1
9479,4823,1885,COPEC MOSTAZAL PONIENTE- EDS60470,Mostazal,Libertador Bernardo OHiggins,995200007,COPEC VOLTEX,Copec Voltex,CCS 2,DC,60,(50-150],,0,0,FUERA DE LINEA,2026-09-01T18:56:23+00:00,2026-08-31T19:45:53.227184+00:00,2026-09-01T18:56:23+00:00,2026-09-01T20:38:10+00:00,1
9480,4824,1886,COPEC VOLTEX - OK PARKING,Pudahuel,Metropolitana,995200007,COPEC VOLTEX,Copec Voltex,CCS 2,DC,63.16,(50-150],,0,0,FUERA DE LINEA,2026-09-01T18:56:23+00:00,2026-08-28T13:05:55.608518+00:00,2026-09-01T18:56:23+00:00,2026-09-01T20:38:10+00:00,1
9481,4824,1886,COPEC VOLTEX - OK PARKING,Pudahuel,Metropolitana,995200007,COPEC VOLTEX,Copec Voltex,CCS 2,DC,63.16,(50-150],,0,0,FUERA DE LINEA,2026-09-01T18:56:23+00:00,2026-08-28T13:05:55.608518+00:00,2026-09-01T18:56:23+00:00,2026-09-01T20:38:10+00:00,1
9505,4852,1915,COPEC VOLTEX - PARK LAKE,Villarrica,La Araucanía,995200007,COPEC VOLTEX,Copec Voltex,Tipo 2,AC,7.4,7,,0,0,FUERA DE LINEA,2026-09-01T18:56:23+00:00,2026-08-31T19:44:54.520171+00:00,2026-09-01T18:56:23+00:00,2026-09-01T20:38:10+00:00,1
9538,4885,1948,COPEC VOLTEX - VIÑA PÉREZ CRUZ,Paine,Metropolitana,995200007,COPEC VOLTEX,Copec Voltex,Tipo 2,AC,7.4,7,RESTAURANT,1,1,FUERA DE LINEA,2026-09-01T18:56:23+00:00,2026-08-31T19:49:07.393875+00:00,2026-09-01T18:56:23+00:00,2026-09-01T20:38:10+00:00,1
9539,4886,1949,COPEC VOLTEX_CARGADORES ELÉCTRICOS L97,Lo Barnechea,Metropolitana,995200007,COPEC VOLTEX,Copec Voltex,GB/T DC,DC,60,(50-150],,0,1,FUERA DE LINEA,2026-09-01T18:56:23+00:00,2026-08-28T13:06:31.760357+00:00,2026-09-01T18:56:23+00:00,2026-09-01T20:38:10+00:00,1
9540,4886,1949,COPEC VOLTEX_CARGADORES ELÉCTRICOS L97,Lo Barnechea,Metropolitana,995200007,COPEC VOLTEX,Copec Voltex,GB/T DC,DC,60,(50-150],,0,1,FUERA DE LINEA,2026-09-01T18:56:23+00:00,2026-08-28T13:06:31.760357+00:00,2026-09-01T18:56:23+00:00,2026-09-01T20:38:10+00:00,1
9541,4887,1949,COPEC VOLTEX_CARGADORES ELÉCTRICOS L97,Lo Barnechea,Metropolitana,995200007,COPEC VOLTEX,Copec Voltex,GB/T DC,DC,60,(50-150],,0,1,FUERA DE LINEA,2026-09-01T18:56:23+00:00,2026-08-28T13:06:31.860539+00:00,2026-09-01T18:56:23+00:00,2026-09-01T20:38:10+00:00,1
9542,4887,1949,COPEC VOLTEX_CARGADORES ELÉCTRICOS L97,Lo Barnechea,Metropolitana,995200007,COPEC VOLTEX,Copec Voltex,Favor actualizar valor,AC,60,(50-150],,0,1,FUERA DE LINEA,2026-09-01T18:56:23+00:00,2026-08-28T13:06:31.860539+00:00,2026-09-01T18:56:23+00:00,2026-09-01T20:38:10+00:00,1
9543,4888,1949,COPEC VOLTEX_CARGADORES ELÉCTRICOS L97,Lo Barnechea,Metropolitana,995200007,COPEC VOLTEX,Copec Voltex,CCS 2,DC,60,(50-150],,0,0,FUERA DE LINEA,2026-09-01T18:56:23+00:00,2026-06-11T06:01:03.637963+00:00,2026-09-01T18:56:23+00:00,2026-09-01T20:38:10+00:00,1
9544,4888,1949,COPEC VOLTEX_CARGADORES ELÉCTRICOS L97,Lo Barnechea,Metropolitana,995200007,COPEC VOLTEX,Copec Voltex,CCS 2,DC,60,(50-150],,0,0,FUERA DE LINEA,2026-09-01T18:56:23+00:00,2026-06-11T06:01:03.637963+00:00,2026-09-01T18:56:23+00:00,2026-09-01T20:38:10+00:00,1
9545,4889,1949,COPEC VOLTEX_CARGADORES ELÉCTRICOS L97,Lo Barnechea,Metropolitana,995200007,COPEC VOLTEX,Copec Voltex,CCS 2,DC,60,(50-150],,0,0,FUERA DE LINEA,2026-09-01T18:56:23+00:00,2026-06-11T06:01:03.637963+00:00,2026-09-01T18:56:23+00:00,2026-09-01T20:38:10+00:00,1
9546,4889,1949,COPEC VOLTEX_CARGADORES ELÉCTRICOS L97,Lo Barnechea,Metropolitana,995200007,COPEC VOLTEX,Copec Voltex,CCS 2,DC,60,(50-150],,0,0,FUERA DE LINEA,2026-09-01T18:56:23+00:00,2026-06-11T06:01:03.637963+00:00,2026-09-01T18:56:23+00:00,2026-09-01T20:38:10+00:00,1
9547,4890,1950,Copec Voltex - Hotel Club La Serena,La Serena,Coquimbo,995200007,COPEC VOLTEX,Copec Voltex,Tipo 2,AC,7.4,7,HOTEL,0,0,FUERA DE LINEA,2026-09-01T18:56:23+00:00,2026-08-31T19:46:04.660728+00:00,2026-09-01T18:56:23+00:00,2026-09-01T20:38:10+00:00,1
9548,4891,1981,CARGADORES ELECTRICOS PETROBRAS NOS PORTALES,San Bernardo,Metropolitana,777415484,ENEL MOBILITY CHILE SPA,Enel,Tipo 2,AC,22,(7-22],,0,0,FUERA DE LINEA,2026-09-01T18:56:23+00:00,2026-06-16T06:01:00.613938+00:00,2026-09-01T18:56:23+00:00,2026-09-01T20:38:10+00:00,1
9549,4892,1981,CARGADORES ELECTRICOS PETROBRAS NOS PORTALES,San Bernardo,Metropolitana,777415484,ENEL MOBILITY CHILE SPA,Enel,CCS 2,DC,60,(50-150],,0,0,FUERA DE LINEA,2026-09-01T18:56:23+00:00,2026-06-16T06:01:00.613938+00:00,2026-09-01T18:56:23+00:00,2026-09-01T20:38:10+00:00,1
9550,4892,1981,CARGADORES ELECTRICOS PETROBRAS NOS PORTALES,San Bernardo,Metropolitana,777415484,ENEL MOBILITY CHILE SPA,Enel,CHAdeMO,DC,50,(22-50],,0,0,FUERA DE LINEA,2026-09-01T18:56:23+00:00,2026-06-16T06:01:00.613938+00:00,2026-09-01T18:56:23+00:00,2026-09-01T20:38:10+00:00,1
9571,4918,2014,ENEL X - EDS Aramco Copiapo,Copiapó,Atacama,777415484,ENEL MOBILITY CHILE SPA,Enel,CCS 2,DC,60,(50-150],,0,0,FUERA DE LINEA,2026-09-01T18:56:23+00:00,2026-06-23T06:00:58.093621+00:00,2026-09-01T18:56:23+00:00,2026-09-01T20:38:10+00:00,1
9572,4918,2014,ENEL X - EDS Aramco Copiapo,Copiapó,Atacama,777415484,ENEL MOBILITY CHILE SPA,Enel,CCS 2,DC,60,(50-150],,0,0,FUERA DE LINEA,2026-09-01T18:56:23+00:00,2026-06-23T06:00:58.093621+00:00,2026-09-01T18:56:23+00:00,2026-09-01T20:38:10+00:00,1
9573,4919,2014,ENEL X - EDS Aramco Copiapo,Copiapó,Atacama,777415484,ENEL MOBILITY CHILE SPA,Enel,CCS 2,DC,60,(50-150],,0,0,FUERA DE LINEA,2026-09-01T18:56:23+00:00,2026-06-23T06:00:58.093621+00:00,2026-09-01T18:56:23+00:00,2026-09-01T20:38:10+00:00,1
9574,4919,2014,ENEL X - EDS Aramco Copiapo,Copiapó,Atacama,777415484,ENEL MOBILITY CHILE SPA,Enel,CCS 2,DC,60,(50-150],,0,0,FUERA DE LINEA,2026-09-01T18:56:23+00:00,2026-06-23T06:00:58.093621+00:00,2026-09-01T18:56:23+00:00,2026-09-01T20:38:10+00:00,1
9575,4951,2047,Cargar Mas Miguel de Atero,Quinta Normal,Metropolitana,783684632,Cargar Mas SpA,Cargar Mas SpA,CCS 2,DC,350,150,ELECTROESTACIÓN,0,0,FUERA DE LINEA,2026-09-01T18:56:23+00:00,2026-08-20T19:54:47.406827+00:00,2026-09-01T18:56:23+00:00,2026-09-01T20:38:10+00:00,1
9576,4951,2047,Cargar Mas Miguel de Atero,Quinta Normal,Metropolitana,783684632,Cargar Mas SpA,Cargar Mas SpA,CCS 2,DC,350,150,ELECTROESTACIÓN,0,0,FUERA DE LINEA,2026-09-01T18:56:23+00:00,2026-08-20T19:54:47.406827+00:00,2026-09-01T18:56:23+00:00,2026-09-01T20:38:10+00:00,1
9577,4951,2047,Cargar Mas Miguel de Atero,Quinta Normal,Metropolitana,783684632,Cargar Mas SpA,Cargar Mas SpA,CCS 2,DC,350,150,ELECTROESTACIÓN,0,0,FUERA DE LINEA,2026-09-01T18:56:23+00:00,2026-08-20T19:54:47.406827+00:00,2026-09-01T18:56:23+00:00,2026-09-01T20:38:10+00:00,1
9578,4951,2047,Cargar Mas Miguel de Atero,Quinta Normal,Metropolitana,783684632,Cargar Mas SpA,Cargar Mas SpA,CCS 2,DC,350,150,ELECTROESTACIÓN,0,0,FUERA DE LINEA,2026-09-01T18:56:23+00:00,2026-08-20T19:54:47.406827+00:00,2026-09-01T18:56:23+00:00,2026-09-01T20:38:10+00:00,1
9579,4951,2047,Cargar Mas Miguel de Atero,Quinta Normal,Metropolitana,783684632,Cargar Mas SpA,Cargar Mas SpA,GB/T DC,DC,350,150,ELECTROESTACIÓN,0,0,FUERA DE LINEA,2026-09-01T18:56:23+00:00,2026-08-20T19:54:47.406827+00:00,2026-09-01T18:56:23+00:00,2026-09-01T20:38:10+00:00,1
9580,4951,2047,Cargar Mas Miguel de Atero,Quinta Normal,Metropolitana,783684632,Cargar Mas SpA,Cargar Mas SpA,CCS 2,DC,350,150,ELECTROESTACIÓN,0,0,FUERA DE LINEA,2026-09-01T18:56:23+00:00,2026-08-20T19:54:47.406827+00:00,2026-09-01T18:56:23+00:00,2026-09-01T20:38:10+00:00,1
9581,4951,2047,Cargar Mas Miguel de Atero,Quinta Normal,Metropolitana,783684632,Cargar Mas SpA,Cargar Mas SpA,CCS 2,DC,350,150,ELECTROESTACIÓN,0,0,FUERA DE LINEA,2026-09-01T18:56:23+00:00,2026-08-20T19:54:47.406827+00:00,2026-09-01T18:56:23+00:00,2026-09-01T20:38:10+00:00,1
9582,4951,2047,Cargar Mas Miguel de Atero,Quinta Normal,Metropolitana,783684632,Cargar Mas SpA,Cargar Mas SpA,GB/T DC,DC,350,150,ELECTROESTACIÓN,0,0,FUERA DE LINEA,2026-09-01T18:56:23+00:00,2026-08-20T19:54:47.406827+00:00,2026-09-01T18:56:23+00:00,2026-09-01T20:38:10+00:00,1
9583,4951,2047,Cargar Mas Miguel de Atero,Quinta Normal,Metropolitana,783684632,Cargar Mas SpA,Cargar Mas SpA,GB/T DC,DC,350,150,ELECTROESTACIÓN,0,0,FUERA DE LINEA,2026-09-01T18:56:23+00:00,2026-08-20T19:54:47.406827+00:00,2026-09-01T18:56:23+00:00,2026-09-01T20:38:10+00:00,1
9584,4951,2047,Cargar Mas Miguel de Atero,Quinta Normal,Metropolitana,783684632,Cargar Mas SpA,Cargar Mas SpA,CCS 2,DC,350,150,ELECTROESTACIÓN,0,0,FUERA DE LINEA,2026-09-01T18:56:23+00:00,2026-08-20T19:54:47.406827+00:00,2026-09-01T18:56:23+00:00,2026-09-01T20:38:10+00:00,1
9604,4984,2080,Enel X - Shell Laguna Caren,Pudahuel,Metropolitana,920110002,Enerlink Chile SpA,Enerlink,CCS 2,DC,120,(50-150],,0,0,DISPONIBLE,2026-09-01T18:56:23+00:00,2026-08-31T04:05:17.068093+00:00,2026-09-01T18:56:23+00:00,2026-09-01T20:38:10+00:00,1
9605,4984,2080,Enel X - Shell Laguna Caren,Pudahuel,Metropolitana,920110002,Enerlink Chile SpA,Enerlink,CCS 2,DC,120,(50-150],,0,0,DISPONIBLE,2026-09-01T18:56:23+00:00,2026-08-31T04:05:17.068093+00:00,2026-09-01T18:56:23+00:00,2026-09-01T20:38:10+00:00,1
9606,4985,2081,ENEL X - McDonald´s Los Carreras,Concepción,Biobío,777415484,ENEL MOBILITY CHILE SPA,Enel,CCS 2,DC,30,(22-50],,0,0,FUERA DE LINEA,2026-09-01T18:56:23+00:00,2026-07-04T06:00:59.516462+00:00,2026-09-01T18:56:23+00:00,2026-09-01T20:38:10+00:00,1
9607,4986,2081,ENEL X - McDonald´s Los Carreras,Concepción,Biobío,777415484,ENEL MOBILITY CHILE SPA,Enel,CCS 2,DC,30,(22-50],,0,0,FUERA DE LINEA,2026-09-01T18:56:23+00:00,2026-07-04T06:00:59.516462+00:00,2026-09-01T18:56:23+00:00,2026-09-01T20:38:10+00:00,1
9608,4987,19,COPEC EDS 60076 SAN FERNANDO,San Fernando,Libertador Bernardo OHiggins,995200007,COPEC VOLTEX,Copec Voltex,CCS 2,DC,180,150,,0,0,FUERA DE LINEA,2026-09-01T18:56:23+00:00,2026-07-04T06:01:07.555658+00:00,2026-09-01T18:56:23+00:00,2026-09-01T20:38:10+00:00,1
9609,4987,19,COPEC EDS 60076 SAN FERNANDO,San Fernando,Libertador Bernardo OHiggins,995200007,COPEC VOLTEX,Copec Voltex,CCS 2,DC,180,150,,0,0,FUERA DE LINEA,2026-09-01T18:56:23+00:00,2026-07-04T06:01:07.555658+00:00,2026-09-01T18:56:23+00:00,2026-09-01T20:38:10+00:00,1
9637,5017,2113,COPEC EDS 40005 VIÑA DEL MAR,Vina del Mar,Valparaíso,995200007,COPEC VOLTEX,Copec Voltex,CCS 2,DC,60,(50-150],ELECTROLINERA,0,0,FUERA DE LINEA,2026-09-01T18:56:23+00:00,2026-08-31T19:47:55.176612+00:00,2026-09-01T18:56:23+00:00,2026-09-01T20:38:10+00:00,1
9638,5017,2113,COPEC EDS 40005 VIÑA DEL MAR,Vina del Mar,Valparaíso,995200007,COPEC VOLTEX,Copec Voltex,CCS 2,DC,60,(50-150],ELECTROLINERA,0,0,FUERA DE LINEA,2026-09-01T18:56:23+00:00,2026-08-31T19:47:55.176612+00:00,2026-09-01T18:56:23+00:00,2026-09-01T20:38:10+00:00,1
9670,5050,2146,SAVE FILE 139 PADRE HURTADO,Padre Hurtado,Metropolitana,920110002,Enerlink Chile SpA,Enerlink,CHAdeMO,DC,50,(22-50],,0,0,DISPONIBLE,2026-09-01T18:56:23+00:00,2026-08-29T01:45:51.751718+00:00,2026-09-01T18:56:23+00:00,2026-09-01T20:38:10+00:00,1
9671,5050,2146,SAVE FILE 139 PADRE HURTADO,Padre Hurtado,Metropolitana,920110002,Enerlink Chile SpA,Enerlink,CCS 2,DC,50,(22-50],,0,0,DISPONIBLE,2026-09-01T18:56:23+00:00,2026-08-29T01:45:51.751718+00:00,2026-09-01T18:56:23+00:00,2026-09-01T20:38:10+00:00,1
9672,5051,55,COPEC EDS 10098 Costanera Antofagasta,Antofagasta,Antofagasta,995200007,COPEC VOLTEX,Copec Voltex,CCS 2,DC,180,150,,0,0,FUERA DE LINEA,2026-09-01T18:56:23+00:00,2026-07-31T06:00:58.398820+00:00,2026-09-01T18:56:23+00:00,2026-09-01T20:38:10+00:00,1
9673,5051,55,COPEC EDS 10098 Costanera Antofagasta,Antofagasta,Antofagasta,995200007,COPEC VOLTEX,Copec Voltex,CCS 2,DC,180,150,,0,0,FUERA DE LINEA,2026-09-01T18:56:23+00:00,2026-07-31T06:00:58.398820+00:00,2026-09-01T18:56:23+00:00,2026-09-01T20:38:10+00:00,1
9703,5083,2179,SAVE ESTACION DE SERVICIO ENEX HUENTELAUQUEN,Canela,Coquimbo,920110002,Enerlink Chile SpA,Enerlink,CCS 2,DC,120,(50-150],,0,0,DISPONIBLE,2026-09-01T18:56:23+00:00,2026-08-31T16:56:11.851772+00:00,2026-09-01T18:56:23+00:00,2026-09-01T20:38:10+00:00,1
9704,5083,2179,SAVE ESTACION DE SERVICIO ENEX HUENTELAUQUEN,Canela,Coquimbo,920110002,Enerlink Chile SpA,Enerlink,CCS 2,DC,120,(50-150],,0,0,DISPONIBLE,2026-09-01T18:56:23+00:00,2026-08-31T16:56:11.851772+00:00,2026-09-01T18:56:23+00:00,2026-09-01T20:38:10+00:00,1
9705,5083,2179,SAVE ESTACION DE SERVICIO ENEX HUENTELAUQUEN,Canela,Coquimbo,920110002,Enerlink Chile SpA,Enerlink,Tipo 2,AC,22,(7-22],,0,0,DISPONIBLE,2026-09-01T18:56:23+00:00,2026-08-31T16:56:11.851772+00:00,2026-09-01T18:56:23+00:00,2026-09-01T20:38:10+00:00,1
9706,5084,22,ENEL X - Cargador Publico Chillán ,Chillan,Ñuble,777415484,ENEL X,Enel,CCS 2,DC,60,(50-150],OTRO,0,0,FUERA DE LINEA,2026-09-01T18:56:23+00:00,2026-08-13T06:01:07.217789+00:00,2026-09-01T18:56:23+00:00,2026-09-01T20:38:10+00:00,1
9707,5084,22,ENEL X - Cargador Publico Chillán ,Chillan,Ñuble,777415484,ENEL X,Enel,CCS 2,DC,60,(50-150],OTRO,0,0,FUERA DE LINEA,2026-09-01T18:56:23+00:00,2026-08-13T06:01:07.217789+00:00,2026-09-01T18:56:23+00:00,2026-09-01T20:38:10+00:00,1
9736,5116,2212,ENEL X - Moneda ,Santiago,Metropolitana,777415484,ENEL X,Enel,CCS 2,DC,60,(50-150],,0,0,FUERA DE LINEA,2026-09-01T18:56:23+00:00,2026-08-20T06:00:58.830643+00:00,2026-09-01T18:56:23+00:00,2026-09-01T20:38:10+00:00,1
9737,5116,2212,ENEL X - Moneda ,Santiago,Metropolitana,777415484,ENEL X,Enel,CCS 2,DC,60,(50-150],,0,0,FUERA DE LINEA,2026-09-01T18:56:23+00:00,2026-08-20T06:00:58.830643+00:00,2026-09-01T18:56:23+00:00,2026-09-01T20:38:10+00:00,1
9738,5117,2213,ELECTRO ESTACIÓN COPELEC CHILLÁN,Chillan,Ñuble,777415484,ENEL X,Enel,CCS 2,DC,150,(50-150],,0,0,FUERA DE LINEA,2026-09-01T18:56:23+00:00,2026-08-22T06:00:59.724856+00:00,2026-09-01T18:56:23+00:00,2026-09-01T20:38:10+00:00,1
9739,5117,2213,ELECTRO ESTACIÓN COPELEC CHILLÁN,Chillan,Ñuble,777415484,ENEL X,Enel,CCS 2,DC,150,(50-150],,0,0,FUERA DE LINEA,2026-09-01T18:56:23+00:00,2026-08-22T06:00:59.724856+00:00,2026-09-01T18:56:23+00:00,2026-09-01T20:38:10+00:00,1
9740,5118,2213,ELECTRO ESTACIÓN COPELEC CHILLÁN,Chillan,Ñuble,777415484,ENEL X,Enel,CCS 2,DC,360,150,,0,0,FUERA DE LINEA,2026-09-01T18:56:23+00:00,2026-08-22T06:00:59.724856+00:00,2026-09-01T18:56:23+00:00,2026-09-01T20:38:10+00:00,1
9741,5118,2213,ELECTRO ESTACIÓN COPELEC CHILLÁN,Chillan,Ñuble,777415484,ENEL X,Enel,CCS 2,DC,360,150,,0,0,FUERA DE LINEA,2026-09-01T18:56:23+00:00,2026-08-22T06:00:59.724856+00:00,2026-09-01T18:56:23+00:00,2026-09-01T20:38:10+00:00,1
9742,5119,2213,ELECTRO ESTACIÓN COPELEC CHILLÁN,Chillan,Ñuble,777415484,ENEL X,Enel,CCS 2,DC,240,150,,0,0,FUERA DE LINEA,2026-09-01T18:56:23+00:00,2026-08-31T20:27:04.409421+00:00,2026-09-01T18:56:23+00:00,2026-09-01T20:38:10+00:00,1
9743,5119,2213,ELECTRO ESTACIÓN COPELEC CHILLÁN,Chillan,Ñuble,777415484,ENEL X,Enel,CCS 2,DC,480,150,,0,0,FUERA DE LINEA,2026-09-01T18:56:23+00:00,2026-08-31T20:27:04.409421+00:00,2026-09-01T18:56:23+00:00,2026-09-01T20:38:10+00:00,1
9769,5149,2245,COPEC VOLTEX EDS 60640 VICUÑA MACKENNA 1990,Nunoa,Metropolitana,995200007,COPEC S.A.,Copec Voltex,CCS 2,DC,240,150,,0,0,FUERA DE LINEA,2026-09-01T18:56:23+00:00,2026-08-26T06:00:56.677086+00:00,2026-09-01T18:56:23+00:00,2026-09-01T20:38:10+00:00,1
9770,5149,2245,COPEC VOLTEX EDS 60640 VICUÑA MACKENNA 1990,Nunoa,Metropolitana,995200007,COPEC S.A.,Copec Voltex,CCS 2,DC,240,150,,0,0,FUERA DE LINEA,2026-09-01T18:56:23+00:00,2026-08-26T06:00:56.677086+00:00,2026-09-01T18:56:23+00:00,2026-09-01T20:38:10+00:00,1
9771,5150,2246,CHASS - Mall Arauco Maipú,Maipú,Metropolitana,775989688,CHASS SPA,Chass,CCS 2,DC,60,(50-150],,0,0,FUERA DE LINEA,2026-09-01T18:56:23+00:00,2026-08-27T06:00:56.406331+00:00,2026-09-01T18:56:23+00:00,2026-09-01T20:38:10+00:00,1
9772,5150,2246,CHASS - Mall Arauco Maipú,Maipú,Metropolitana,775989688,CHASS SPA,Chass,CCS 2,DC,60,(50-150],,0,0,FUERA DE LINEA,2026-09-01T18:56:23+00:00,2026-08-27T06:00:56.406331+00:00,2026-09-01T18:56:23+00:00,2026-09-01T20:38:10+00:00,1
9773,5151,2246,CHASS - Mall Arauco Maipú,Maipú,Metropolitana,775989688,CHASS SPA,Chass,CCS 2,DC,60,(50-150],,0,0,FUERA DE LINEA,2026-09-01T18:56:23+00:00,2026-08-27T06:00:56.406331+00:00,2026-09-01T18:56:23+00:00,2026-09-01T20:38:10+00:00,1
9774,5151,2246,CHASS - Mall Arauco Maipú,Maipú,Metropolitana,775989688,CHASS SPA,Chass,CCS 2,DC,60,(50-150],,0,0,FUERA DE LINEA,2026-09-01T18:56:23+00:00,2026-08-27T06:00:56.406331+00:00,2026-09-01T18:56:23+00:00,2026-09-01T20:38:10+00:00,1
9802,5182,158,COPEC  CANTA GALLO - LAS CONDES,Las Condes,Metropolitana,995200007,COPEC VOLTEX,Copec Voltex,CCS 2,DC,240,150,,0,0,FUERA DE LINEA,2026-09-01T18:56:23+00:00,2026-09-01T06:00:59.705738+00:00,2026-09-01T18:56:23+00:00,2026-09-01T20:38:10+00:00,1
9803,5182,158,COPEC  CANTA GALLO - LAS CONDES,Las Condes,Metropolitana,995200007,COPEC VOLTEX,Copec Voltex,CCS 2,DC,240,150,,0,0,FUERA DE LINEA,2026-09-01T18:56:23+00:00,2026-09-01T06:00:59.705738+00:00,2026-09-01T18:56:23+00:00,2026-09-01T20:38:10+00:00,1
